BOUNDARY_ID,LATITUDE,LONGITUDE
1,27.8550222222222,91.619
1,27.8558222222222,91.6256805555555
1,27.8537027777778,91.631325
1,27.8531833333333,91.6359166666667
1,27.8522444444444,91.6459027777778
1,27.8551722222222,91.6581111111111
1,27.8563555555556,91.6659861111111
1,27.8548111111111,91.6733611111111
1,27.8422388888889,91.6835888888889
1,27.8272166666667,91.6934916666667
1,27.8201972222222,91.698075
1,27.8148777777778,91.7061666666667
1,27.8113555555556,91.7134777777778
1,27.8085555555556,91.7250333333333
1,27.8013861111111,91.7501305555556
1,27.7993194444444,91.7619722222222
1,27.7992638888889,91.7749638888889
1,27.8010694444444,91.7825333333333
1,27.8026472222222,91.7924305555556
1,27.8062361111111,91.8028888888889
1,27.8068972222222,91.8079361111111
1,27.8009888888889,91.8143111111111
1,27.801375,91.8190694444444
1,27.80835,91.8280055555555
1,27.80555,91.8317416666667
1,27.7946472222222,91.8326722222222
1,27.7869333333333,91.8351305555556
1,27.7778638888889,91.8372222222222
1,27.7736111111111,91.8489166666667
1,27.7662027777778,91.852575
1,27.7630111111111,91.8549027777778
1,27.7572722222222,91.8565972222222
1,27.7402138888889,91.86125
1,27.7348611111111,91.8641444444444
1,27.7323805555556,91.8740555555556
1,27.7283833333333,91.8769083333333
1,27.7239194444444,91.8793666666667
1,27.7197444444444,91.8822361111111
1,27.7221333333333,91.8920055555556
1,27.7249722222222,91.905825
1,27.7242027777778,91.9119361111111
1,27.7160416666667,91.9185472222222
1,27.7129722222222,91.9222916666667
1,27.7194444444444,91.9375416666667
1,27.7265555555556,91.9485972222222
1,27.7374055555556,91.9533611111111
1,27.74855,91.9591388888889
1,27.74885,91.9646111111111
1,27.7493166666667,91.9693666666667
1,27.7577805555556,91.9764361111111
1,27.7626111111111,91.9824916666667
1,27.7678694444444,91.9874305555556
1,27.7663027777778,91.9985333333333
1,27.7653333333333,92.0038388888889
1,27.7625833333333,92.0142694444445
1,27.7550416666667,92.0412694444444
1,27.7548194444444,92.0521305555556
1,27.75695,92.058875
1,27.7657027777778,92.0711166666667
1,27.7776138888889,92.0880555555556
1,27.7911972222222,92.1027138888889
1,27.8084333333333,92.1234722222222
1,27.8222805555556,92.1424027777778
1,27.8348305555556,92.1596444444445
1,27.8407305555556,92.1744166666667
1,27.8498638888889,92.1928666666667
1,27.8548777777778,92.2038111111111
1,27.8567944444444,92.2139083333333
1,27.8604388888889,92.2376944444444
1,27.8613083333333,92.2497638888889
1,27.85995,92.2586388888889
1,27.8557027777778,92.2674777777778
1,27.8517111111111,92.270825
1,27.8423916666667,92.2745138888889
1,27.8229166666667,92.2807972222222
1,27.8052722222222,92.2880333333333
1,27.7769083333333,92.3106722222222
1,27.7759,92.3192277777778
1,27.7812138888889,92.3321805555556
1,27.7883083333333,92.3535277777778
1,27.7912805555556,92.3674638888889
1,27.7909361111111,92.3728527777778
1,27.7913055555556,92.3779222222222
1,27.7926611111111,92.3830611111111
1,27.8132194444444,92.3862277777778
1,27.8181055555556,92.4012416666667
1,27.8197222222222,92.4100333333333
1,27.8206722222222,92.4171111111111
1,27.8096277777778,92.4305833333333
1,27.7983777777778,92.4469861111111
1,27.8008388888889,92.4580972222222
1,27.8051694444444,92.4626666666667
1,27.8128,92.4702
1,27.8191222222222,92.4799027777778
1,27.826225,92.4877555555556
1,27.8344027777778,92.4956944444444
1,27.8390833333333,92.5045194444444
1,27.8377916666667,92.5182638888889
1,27.8286888888889,92.5295333333333
1,27.8218805555556,92.5376111111111
1,27.8150111111111,92.5470055555556
1,27.8158222222222,92.5573472222222
1,27.8185583333333,92.5637833333333
1,27.8248722222222,92.5684083333333
1,27.8393361111111,92.5793611111111
1,27.8544,92.588875
1,27.8750583333333,92.6082222222222
1,27.8820055555556,92.6235194444444
1,27.8848166666667,92.6347361111111
1,27.8904888888889,92.6547222222222
1,27.8976444444444,92.6723527777778
1,27.9035083333333,92.6773055555556
1,27.9169944444444,92.6895194444444
1,27.9313277777778,92.70445
1,27.9468,92.7170416666667
1,27.9694583333333,92.7330277777778
1,27.975475,92.7363666666667
1,27.9869583333333,92.7427277777778
1,27.9932722222222,92.7367972222222
1,27.9990444444444,92.7310833333333
1,28.0139333333333,92.7245694444444
1,28.0308916666667,92.7129083333333
1,28.0460083333333,92.6988611111111
1,28.0562444444444,92.6847
1,28.0604527777778,92.6664027777778
1,28.0653916666667,92.6646583333333
1,28.0759666666667,92.67075
1,28.0944055555556,92.6766527777778
1,28.1157388888889,92.6837222222222
1,28.1235361111111,92.6905833333333
1,28.1284666666667,92.6993333333333
1,28.1342972222222,92.7081722222222
1,28.1427027777778,92.7245
1,28.1492777777778,92.7401444444444
1,28.1646305555556,92.7619222222222
1,28.1814666666667,92.7866305555556
1,28.1999694444444,92.8032694444445
1,28.2018138888889,92.8111805555556
1,28.1993333333333,92.8197916666667
1,28.1951305555556,92.8229222222222
1,28.1820166666667,92.8212555555556
1,28.1716,92.824825
1,28.169175,92.8314916666667
1,28.1770305555556,92.8431583333333
1,28.1804944444444,92.850825
1,28.202275,92.8987972222222
1,28.2129055555556,92.9088805555556
1,28.2327055555556,92.9165416666667
1,28.2402611111111,92.9264861111111
1,28.2463277777778,92.945325
1,28.2560083333333,92.9591111111111
1,28.2594833333333,92.968125
1,28.2572777777778,92.9780416666667
1,28.2489638888889,92.9895138888889
1,28.2401277777778,92.9904027777778
1,28.2320444444444,92.9935
1,28.2278722222222,92.9981722222222
1,28.2283972222222,93.0038666666667
1,28.2374805555556,93.0134861111111
1,28.2499166666667,93.0238611111111
1,28.2607555555556,93.0373194444444
1,28.2644527777778,93.0364305555556
1,28.2843055555556,93.0292361111111
1,28.2976138888889,93.0255277777778
1,28.3008888888889,93.0273055555556
1,28.3013722222222,93.0358527777778
1,28.3001305555556,93.0498472222222
1,28.3045916666667,93.0652777777778
1,28.3069055555556,93.0756305555555
1,28.3038583333333,93.0906805555556
1,28.3047,93.0989222222222
1,28.3131472222222,93.1157083333333
1,28.3244305555556,93.1283611111111
1,28.3241222222222,93.1326444444444
1,28.3225083333333,93.1400277777778
1,28.316075,93.1585
1,28.3147833333333,93.1832972222222
1,26.403,95.103325
1,25.5052972222222,94.8170972222222
1,25.4984527777778,94.8154916666667
1,25.4915361111111,94.8123944444444
1,25.486975,94.8093333333333
1,25.4849888888889,94.8027277777778
1,25.4853805555556,94.7939777777778
1,25.4828694444444,94.7866805555555
1,25.4818555555556,94.7813805555556
1,25.4759666666667,94.7758111111111
1,25.4729861111111,94.7696027777778
1,25.4741472222222,94.7639444444444
1,25.4771638888889,94.7614166666667
1,25.4832388888889,94.7592222222222
1,25.4837722222222,94.7535611111111
1,25.4796333333333,94.7523055555556
1,25.4742694444444,94.7484305555556
1,25.4709027777778,94.7434027777778
1,25.4685638888889,94.7360972222222
1,25.4665027777778,94.7278111111111
1,25.4642722222222,94.7187222222222
1,25.4628388888889,94.7115416666667
1,25.4604666666667,94.6993666666667
1,25.4600138888889,94.6925888888889
1,25.4574,94.6855888888889
1,25.4516416666667,94.6793805555556
1,25.4423972222222,94.6789916666667
1,25.4343055555556,94.676575
1,25.4248333333333,94.6760194444444
1,25.418425,94.6750277777778
1,25.4124888888889,94.6731444444444
1,25.4080972222222,94.6706944444445
1,25.4044305555556,94.6678527777778
1,25.400825,94.6531722222222
1,25.3983,94.6460888888889
1,25.3935694444444,94.6413333333333
1,25.3841388888889,94.6372138888889
1,25.3723472222222,94.6341444444444
1,25.3667388888889,94.6345611111111
1,25.3595222222222,94.6343527777778
1,25.35105,94.6328333333333
1,25.3474611111111,94.6305888888889
1,25.3426138888889,94.6279305555555
1,25.3386805555556,94.6250888888889
1,25.3315916666667,94.6210055555555
1,25.3280194444444,94.6184638888889
1,25.3238916666667,94.6158194444444
1,25.3171666666667,94.6120416666667
1,25.3139416666667,94.6100055555556
1,25.3054916666667,94.6064083333333
1,25.2906833333333,94.5987361111111
1,25.2810583333333,94.5955055555555
1,25.2731138888889,94.5956805555555
1,25.2666194444444,94.5948888888889
1,25.2588333333333,94.5960611111111
1,25.248925,94.5939361111111
1,25.2381305555556,94.5902916666667
1,25.2293888888889,94.5886722222222
1,25.2218416666667,94.5854861111111
1,25.2169888888889,94.5833333333333
1,25.2077083333333,94.5821027777778
1,25.1974111111111,94.5887916666667
1,25.1919277777778,94.5942694444444
1,25.1870916666667,94.5983666666667
1,25.1829305555556,94.6055416666667
1,25.1813472222222,94.6097833333333
1,25.1816527777778,94.6140611111111
1,25.183125,94.6193472222222
1,25.1822027777778,94.6275611111111
1,25.1790083333333,94.6304916666667
1,25.17335,94.6347777777778
1,25.1683166666667,94.6401583333333
1,25.1661861111111,94.6443888888889
1,25.1641666666667,94.6542833333333
1,25.1598833333333,94.6635333333333
1,25.1566777777778,94.6740055555556
1,25.1529333333333,94.6777138888889
1,25.1495111111111,94.6837222222222
1,25.1511416666667,94.6901944444444
1,25.15225,94.6951666666667
1,25.1513777777778,94.7000138888889
1,25.1454388888889,94.7046861111111
1,25.1414833333333,94.7100833333333
1,25.1352333333333,94.7253611111111
1,25.1343277777778,94.7322916666667
1,25.1309055555556,94.7383888888889
1,25.1280555555556,94.7421027777778
1,25.1183055555556,94.7416527777778
1,25.1101694444444,94.7421166666667
1,25.1026805555556,94.7417
1,25.0931,94.7419444444444
1,25.081325,94.7445277777778
1,25.0713638888889,94.7461527777778
1,25.0668361111111,94.7473666666667
1,25.06205,94.7469916666667
1,25.0549166666667,94.7470833333333
1,25.0493361111111,94.7456027777778
1,25.0406805555556,94.7440694444444
1,25.0358333333333,94.7420138888889
1,25.0308777777778,94.7413388888889
1,25.0215055555556,94.7392972222222
1,25.0166416666667,94.7385333333333
1,25.0118888888889,94.7357777777778
1,25.0040888888889,94.7314916666667
1,24.9927388888889,94.7223888888889
1,24.9851416666667,94.7094916666667
1,24.9750277777778,94.7020972222222
1,24.9697388888889,94.6994361111111
1,24.9599027777778,94.6981944444444
1,24.9550055555556,94.7000972222222
1,24.9510944444444,94.7020194444444
1,24.9472555555556,94.7054166666667
1,24.9443944444444,94.7098333333333
1,24.93785,94.7133944444444
1,24.9338472222222,94.7153111111111
1,24.9309305555556,94.7109083333333
1,24.9257111111111,94.7021166666667
1,24.9189888888889,94.69775
1,24.8993277777778,94.6892222222222
1,24.8912972222222,94.6883055555556
1,24.8864611111111,94.6851666666667
1,24.8783583333333,94.6759305555556
1,24.873675,94.6682277777778
1,24.868925,94.6578611111111
1,24.8651055555556,94.6530555555556
1,24.858675,94.6541444444445
1,24.8543611111111,94.6522972222222
1,24.8466027777778,94.6443611111111
1,24.8402833333333,94.6374361111111
1,24.8339138888889,94.634075
1,24.8208555555556,94.6310055555555
1,24.8146111111111,94.6316027777778
1,24.8063055555556,94.6309777777778
1,24.8024583333333,94.6286444444444
1,24.7958361111111,94.6235055555555
1,24.7873694444444,94.621
1,24.7763472222222,94.6215277777778
1,24.7687972222222,94.6257638888889
1,24.7643305555556,94.6291666666667
1,24.7564666666667,94.6294444444444
1,24.7455444444444,94.6211722222222
1,24.7408972222222,94.6173388888889
1,24.7356111111111,94.6137972222222
1,24.7251111111111,94.6085
1,24.7211472222222,94.6074583333333
1,24.7136555555556,94.60695
1,24.7068472222222,94.5954722222222
1,24.7025222222222,94.5871027777778
1,24.7064805555556,94.5806444444444
1,24.7139527777778,94.5826305555556
1,24.7216472222222,94.58195
1,24.7229638888889,94.5778194444444
1,24.7218361111111,94.57375
1,24.7172666666667,94.5707222222222
1,24.7136611111111,94.569575
1,24.7102138888889,94.5715055555556
1,24.7036944444444,94.5726861111111
1,24.703225,94.5667555555555
1,24.7056055555556,94.5635277777778
1,24.7100083333333,94.5586444444444
1,24.7108888888889,94.5528333333333
1,24.7082444444444,94.5471583333333
1,24.699175,94.5427694444444
1,24.6912666666667,94.5469166666667
1,24.6844722222222,94.5490833333333
1,24.6666083333333,94.5468527777778
1,24.6581555555556,94.5432777777778
1,24.6407111111111,94.5366944444444
1,24.6241055555556,94.5275694444445
1,24.6085222222222,94.5168805555556
1,24.5933138888889,94.5036305555556
1,24.5881361111111,94.4985138888889
1,24.5845777777778,94.4943194444444
1,24.5809666666667,94.4859777777778
1,24.5740583333333,94.4814361111111
1,24.5708888888889,94.474375
1,24.5697833333333,94.4686388888889
1,24.567425,94.4615972222222
1,24.5586444444444,94.4556527777778
1,24.5472083333333,94.4519361111111
1,24.534625,94.4462416666667
1,24.5233861111111,94.4415416666667
1,24.5123361111111,94.4365611111111
1,24.5078638888889,94.4326583333333
1,24.503,94.4312083333333
1,24.4961611111111,94.42845
1,24.4852666666667,94.4256444444444
1,24.4824583333333,94.4176166666667
1,24.4816055555556,94.4050694444445
1,24.4797722222222,94.3995138888889
1,24.4616138888889,94.4075611111111
1,24.4570083333333,94.3992222222222
1,24.4540583333333,94.3965138888889
1,24.4457527777778,94.404
1,24.4360805555556,94.4049583333333
1,24.423175,94.4035138888889
1,24.4131,94.3999222222222
1,24.4051083333333,94.3951861111111
1,24.4016694444444,94.3876527777778
1,24.3995972222222,94.3794361111111
1,24.3968,94.3704222222222
1,24.3966083333333,94.362825
1,24.3917416666667,94.3613888888889
1,24.38485,94.3723472222222
1,24.3766138888889,94.3820972222222
1,24.3714055555556,94.3793666666667
1,24.3630694444444,94.3735416666667
1,24.3539416666667,94.3653388888889
1,24.3385444444444,94.3517416666667
1,24.3340777777778,94.3477416666667
1,24.3315055555556,94.343075
1,24.3307333333333,94.3308472222222
1,24.3310916666667,94.322375
1,24.3263111111111,94.3212277777778
1,24.3227777777778,94.3228611111111
1,24.3111138888889,94.3238888888889
1,24.2981916666667,94.3242277777778
1,24.28455,94.3239638888889
1,24.2680805555556,94.31775
1,24.2518916666667,94.3107416666667
1,24.2462222222222,94.3091944444444
1,24.2376444444444,94.2997361111111
1,24.2320444444444,94.2910972222222
1,24.2152722222222,94.2875472222222
1,24.2054694444444,94.2835888888889
1,24.1948333333333,94.281
1,24.1838194444444,94.2803666666667
1,24.1720833333333,94.2796444444444
1,24.1681416666667,94.2756527777778
1,24.1644888888889,94.2624166666667
1,24.1600027777778,94.258625
1,24.1480194444444,94.2560277777778
1,24.1352111111111,94.2539027777778
1,24.1239055555556,94.25495
1,24.1120694444444,94.2551111111111
1,24.0989055555556,94.2525888888889
1,24.0938333333333,94.2542
1,24.0884805555556,94.2559083333333
1,24.0818,94.2555333333333
1,24.0699305555556,94.2498888888889
1,24.0627388888889,94.2460611111111
1,24.0548222222222,94.2430194444444
1,24.0582388888889,94.2357833333333
1,24.0592027777778,94.2289083333333
1,24.0509611111111,94.231075
1,24.0402194444444,94.2394083333333
1,24.0365027777778,94.2411388888889
1,24.0137805555556,94.2274027777778
1,24.0064305555556,94.2214083333333
1,23.99835,94.2161111111111
1,23.9898138888889,94.2111944444444
1,23.9847194444444,94.206125
1,23.9703416666667,94.1971111111111
1,23.9574027777778,94.1902833333333
1,23.9435833333333,94.1893472222222
1,23.9364194444444,94.1925972222222
1,23.9301,94.1917416666667
1,23.9264583333333,94.1862
1,23.9302388888889,94.1775972222222
1,23.9312777777778,94.1726944444444
1,23.9275416666667,94.1665611111111
1,23.9211416666667,94.1653111111111
1,23.8815833333333,94.1639916666667
1,23.8573083333333,94.1607694444445
1,23.8452333333333,94.1572083333333
1,23.8439361111111,94.1512
1,23.8486166666667,94.1429083333333
1,23.8484194444444,94.1350555555556
1,23.8386055555556,94.1309166666667
1,23.8353277777778,94.1245972222222
1,23.8352916666667,94.1184166666667
1,23.8450277777778,94.1105611111111
1,23.8592222222222,94.1099222222222
1,23.8634861111111,94.1074222222222
1,23.8697944444444,94.1000194444444
1,23.8816555555556,94.0968055555555
1,23.8862194444444,94.09195
1,23.8871694444444,94.0864583333333
1,23.8858555555556,94.0813388888889
1,23.8857666666667,94.0716111111111
1,23.88835,94.064375
1,23.8900472222222,94.0568194444444
1,23.8903611111111,94.0525055555556
1,23.8932027777778,94.0470333333333
1,23.900175,94.0452361111111
1,23.9061611111111,94.0428388888889
1,23.9108027777778,94.0391583333333
1,23.9133722222222,94.0338805555556
1,23.9149388888889,94.0300611111111
1,23.9188861111111,94.0237138888889
1,23.9243583333333,94.0174777777778
1,23.9268277777778,94.0136722222222
1,23.9274083333333,94.0093527777778
1,23.9260972222222,94.0040333333333
1,23.924075,93.9975333333333
1,23.9244805555556,93.9914444444445
1,23.9249805555556,93.9856527777778
1,23.9262194444444,93.9776111111111
1,23.9282527777778,93.9724222222222
1,23.9269527777778,93.9654305555556
1,23.9301722222222,93.9582916666667
1,23.9364166666667,93.9578611111111
1,23.9399527777778,93.9560277777778
1,23.9432527777778,93.9498666666667
1,23.945875,93.9377083333333
1,23.9464666666667,93.9319083333333
1,23.9485305555556,93.9225
1,23.9499194444444,93.9171027777778
1,23.9506111111111,93.9100416666667
1,23.9503055555556,93.9031666666667
1,23.9488027777778,93.8982277777778
1,23.9480416666667,93.8922361111111
1,23.9450027777778,93.8871861111111
1,23.9407,93.8832222222222
1,23.9403805555556,93.8777138888889
1,23.9401388888889,93.8731944444444
1,23.9371861111111,93.8693333333333
1,23.9311888888889,93.8624083333333
1,23.9314055555556,93.844825
1,23.9254333333333,93.8337694444444
1,23.9247777777778,93.8244305555556
1,23.9232444444444,93.8122361111111
1,23.9265472222222,93.8042972222222
1,23.9308111111111,93.8019777777778
1,23.9406666666667,93.8015694444444
1,23.9445611111111,93.7998333333333
1,23.9490083333333,93.7974166666667
1,23.9501138888889,93.7934916666667
1,23.9562805555556,93.7905888888889
1,23.9609861111111,93.7898388888889
1,23.9629388888889,93.7819027777778
1,23.9713833333333,93.7756805555556
1,23.9759361111111,93.7698194444445
1,23.9835472222222,93.7666305555556
1,23.9905305555556,93.7629583333333
1,23.9976944444444,93.7585888888889
1,24.0030611111111,93.7533194444445
1,24.0021333333333,93.743
1,23.9948388888889,93.7407777777778
1,23.9927861111111,93.7363333333333
1,23.99545,93.7291805555556
1,23.9974805555556,93.7232
1,23.9992388888889,93.7166305555556
1,23.998925,93.7091444444444
1,24.0001388888889,93.702575
1,24.0011972222222,93.6934361111111
1,24.0034333333333,93.6829361111111
1,24.0048472222222,93.6740055555556
1,24.0018833333333,93.6709305555556
1,23.9992111111111,93.6640277777778
1,23.9985166666667,93.6593111111111
1,24.0010694444444,93.6552972222222
1,24.0038083333333,93.6514777777778
1,24.0073472222222,93.64895
1,24.0079333333333,93.6414777777778
1,24.0072638888889,93.6318388888889
1,24.0091194444444,93.6241944444444
1,24.0081611111111,93.6172083333333
1,24.0046666666667,93.6128472222222
1,23.9968972222222,93.6131944444444
1,23.9934416666667,93.6166027777778
1,23.9891944444444,93.6172694444444
1,23.9851277777778,93.6174361111111
1,23.9753972222222,93.6124583333333
1,23.9710833333333,93.6087916666667
1,23.9673888888889,93.6058194444444
1,23.9635444444444,93.5999916666667
1,23.9612305555556,93.5936861111111
1,23.9619805555556,93.5891722222222
1,23.962475,93.5804305555556
1,23.9643083333333,93.5766111111111
1,23.9719111111111,93.5737083333333
1,23.9772722222222,93.5690194444444
1,23.9827111111111,93.5654222222222
1,23.9836388888889,93.5601166666667
1,23.9796805555556,93.5578333333333
1,23.9737361111111,93.5538611111111
1,23.9641611111111,93.5541027777778
1,23.9592944444444,93.5515138888889
1,23.9573527777778,93.5429583333333
1,23.9573916666667,93.5360694444444
1,23.9549055555556,93.5271111111111
1,23.9488888888889,93.5207916666667
1,23.9442111111111,93.5160416666667
1,23.94135,93.5117083333333
1,23.9430944444444,93.505325
1,23.9499888888889,93.4991722222222
1,23.9513777777778,93.4926027777778
1,23.9557527777778,93.4860416666667
1,23.9618222222222,93.4824444444444
1,23.9637555555556,93.4746861111111
1,23.9649583333333,93.4688944444444
1,23.968225,93.465575
1,23.9734861111111,93.4628527777778
1,23.9818777777778,93.4633944444444
1,23.9863083333333,93.4641027777778
1,23.9935305555556,93.4637555555556
1,23.9978888888889,93.4598527777778
1,24.0039666666667,93.4555555555556
1,24.0093888888889,93.4541111111111
1,24.017175,93.4500277777778
1,24.0221055555556,93.4408111111111
1,24.0290694444444,93.4379027777778
1,24.0379305555556,93.4367638888889
1,24.0560305555556,93.4296861111111
1,24.0660972222222,93.4215833333333
1,24.0704527777778,93.417075
1,24.0736388888889,93.4122777777778
1,24.0761,93.4073666666667
1,24.07875,93.4010972222222
1,24.0826944444444,93.3880277777778
1,24.0838083333333,93.3802638888889
1,24.08675,93.3673944444444
1,24.0870888888889,93.3655694444444
1,24.0874944444444,93.3633611111111
1,24.0947388888889,93.3584722222222
1,24.1036194444444,93.3537
1,24.1069777777778,93.3484027777778
1,24.1075444444444,93.3438805555555
1,24.0996722222222,93.3460055555555
1,24.0961444444444,93.3478611111111
1,24.0922416666667,93.3507972222222
1,24.0868472222222,93.3437777777778
1,24.0889444444444,93.3405416666667
1,24.0877916666667,93.3363055555556
1,24.0847388888889,93.3309861111111
1,24.0795777777778,93.3329305555555
1,24.0735166666667,93.3345694444444
1,24.0669194444444,93.3358194444444
1,24.0620222222222,93.3389444444445
1,24.0555416666667,93.3342916666667
1,24.0513,93.3332833333333
1,24.048,93.3343111111111
1,24.0447805555556,93.3352222222222
1,24.0391694444444,93.3391305555556
1,24.0372083333333,93.3329305555555
1,24.0344111111111,93.3301583333333
1,24.0288027777778,93.3345555555556
1,24.0252527777778,93.3390611111111
1,24.0184055555556,93.333825
1,24.0145166666667,93.3346861111111
1,24.0070138888889,93.3372083333333
1,23.9968027777778,93.3361444444444
1,23.9904861111111,93.3358472222222
1,23.9815583333333,93.3312833333333
1,23.9773888888889,93.3343194444444
1,23.9769222222222,93.3392222222222
1,23.9752777777778,93.3442361111111
1,23.9725444444444,93.3484444444444
1,23.9665805555556,93.3499916666667
1,23.9558111111111,93.3526944444444
1,23.9492055555556,93.3566861111111
1,23.9453027777778,93.3592138888889
1,23.9405027777778,93.36175
1,23.9379666666667,93.3645972222222
1,23.9350638888889,93.3678194444444
1,23.9323333333333,93.3725194444444
1,23.9306833333333,93.3780138888889
1,23.928475,93.3877361111111
1,23.9247388888889,93.3954722222222
1,23.9188527777778,93.396325
1,23.9134333333333,93.3959027777778
1,23.9073916666667,93.3943055555556
1,23.893125,93.3934444444445
1,23.8817444444444,93.3923055555556
1,23.8711666666667,93.3921444444445
1,23.8653888888889,93.3931027777778
1,23.85825,93.3935611111111
1,23.8530055555556,93.3932416666667
1,23.84515,93.3933944444445
1,23.8353861111111,93.3937361111111
1,23.8297777777778,93.39675
1,23.8186666666667,93.3958111111111
1,23.8138611111111,93.3980472222222
1,23.8115861111111,93.4035333333333
1,23.8080416666667,93.40645
1,23.8021638888889,93.4076027777778
1,23.793225,93.4066722222222
1,23.7846527777778,93.4041666666667
1,23.7694916666667,93.4010555555556
1,23.7634388888889,93.400825
1,23.7560277777778,93.4018666666667
1,23.75005,93.4037
1,23.7430777777778,93.4070972222222
1,23.7379111111111,93.4109916666667
1,23.73285,93.41195
1,23.7269666666667,93.4142694444445
1,23.7212861111111,93.412375
1,23.7170416666667,93.4114638888889
1,23.712525,93.4120333333333
1,23.70655,93.4134722222222
1,23.7028333333333,93.4156111111111
1,23.6983888888889,93.4198055555556
1,23.6951138888889,93.4260694444445
1,23.6905555555556,93.433
1,23.6865722222222,93.4351388888889
1,23.6826805555556,93.4378666666667
1,23.6767861111111,93.4411666666667
1,23.6725583333333,93.4374083333333
1,23.6661694444444,93.432575
1,23.6615722222222,93.4299027777778
1,23.654625,93.4268333333333
1,23.6479527777778,93.4247361111111
1,23.6395472222222,93.425075
1,23.6131527777778,93.4291444444444
1,23.589475,93.4298055555556
1,23.5832305555556,93.4311527777778
1,23.5768277777778,93.4294444444444
1,23.5661,93.4235055555556
1,23.5637666666667,93.4203611111111
1,23.5559944444444,93.4204166666667
1,23.5473916666667,93.4236111111111
1,23.539625,93.4244444444444
1,23.5326666666667,93.4241166666667
1,23.5287861111111,93.4239916666667
1,23.5256333333333,93.4219222222222
1,23.5215805555556,93.4182777777778
1,23.5149222222222,93.4125611111111
1,23.5077138888889,93.4075277777778
1,23.5029444444444,93.4039722222222
1,23.4964361111111,93.4036527777778
1,23.4909222222222,93.4045
1,23.4794611111111,93.4007138888889
1,23.4754833333333,93.4022694444444
1,23.4697916666667,93.4034083333333
1,23.4617527777778,93.4022916666667
1,23.4514666666667,93.3977361111111
1,23.4413611111111,93.3961111111111
1,23.4373833333333,93.394825
1,23.4278194444444,93.3935
1,23.420675,93.3936527777778
1,26.3984055555556,95.1028333333333
1,26.393175,95.1026305555555
1,26.3899166666667,95.1195055555555
1,26.3873333333333,95.1228666666667
1,26.3824583333333,95.1286805555555
1,26.3796666666667,95.1335416666667
1,26.3750555555556,95.13375
1,26.3674944444444,95.1323888888889
1,26.3585083333333,95.1297
1,26.3538444444444,95.1275055555556
1,26.3464666666667,95.1260555555556
1,26.3382861111111,95.1293944444444
1,26.3343722222222,95.1312138888889
1,26.3276944444444,95.1252777777778
1,26.3224527777778,95.1257694444444
1,26.3171083333333,95.1264638888889
1,26.3133972222222,95.1270972222222
1,26.3089666666667,95.1276111111111
1,26.2991,95.1289083333333
1,26.2943083333333,95.1292138888889
1,26.2882694444444,95.1285
1,26.2842083333333,95.1288111111111
1,26.2804333333333,95.1274361111111
1,26.2766861111111,95.1247555555556
1,26.2710861111111,95.1189361111111
1,26.2665833333333,95.1183472222222
1,26.2604111111111,95.1203194444444
1,26.2559472222222,95.1225333333333
1,26.2519111111111,95.1263527777778
1,26.2478333333333,95.1272777777778
1,26.2442444444444,95.1259083333333
1,26.2375111111111,95.1233666666667
1,26.2342222222222,95.1205
1,26.2303638888889,95.1188194444444
1,26.2246416666667,95.1207138888889
1,26.221125,95.1259444444444
1,26.2172527777778,95.1307777777778
1,26.2097305555556,95.1381305555556
1,26.2058194444444,95.1400472222222
1,26.2008305555556,95.13575
1,26.1992666666667,95.1317222222222
1,26.1947583333333,95.125825
1,26.188225,95.1221861111111
1,26.1855583333333,95.1252416666667
1,26.1743,95.1233055555555
1,26.1679333333333,95.1204777777778
1,26.163825,95.1176944444444
1,26.1605222222222,95.1155333333333
1,26.1545833333333,95.1143111111111
1,26.1466638888889,95.1179583333333
1,26.14065,95.1212361111111
1,26.1284888888889,95.1252972222222
1,26.1228333333333,95.1227777777778
1,26.119175,95.1206111111111
1,26.1135194444444,95.1182972222222
1,26.1012388888889,95.1179583333333
1,26.0956916666667,95.1206444444444
1,26.0924722222222,95.1240833333333
1,26.0917638888889,95.1288666666667
1,26.0940027777778,95.1354166666667
1,26.0923722222222,95.141575
1,26.0893305555556,95.1453194444444
1,26.0862861111111,95.1489638888889
1,26.0875416666667,95.1547833333333
1,26.0903833333333,95.1632416666667
1,26.0881361111111,95.1682916666667
1,26.0836083333333,95.1742972222222
1,26.081125,95.1774444444444
1,26.0759805555556,95.1826444444444
1,26.0716388888889,95.1829583333333
1,26.0658027777778,95.1808388888889
1,26.0626055555556,95.1775694444445
1,26.0588555555556,95.1747972222222
1,26.0530666666667,95.1702833333333
1,26.0490805555556,95.1652972222222
1,26.0446972222222,95.1628194444444
1,26.0358611111111,95.1624361111111
1,26.0301666666667,95.1622222222222
1,26.0262916666667,95.1619444444444
1,26.0227138888889,95.159875
1,26.0101166666667,95.1461305555556
1,26.0021805555556,95.1398666666667
1,25.9977833333333,95.1378888888889
1,25.9955027777778,95.1338388888889
1,25.9914305555556,95.1287694444444
1,25.9866138888889,95.1251805555556
1,25.9791055555556,95.1147361111111
1,25.9670361111111,95.1073111111111
1,25.9595055555556,95.1036583333333
1,25.9528583333333,95.0905472222222
1,25.9489611111111,95.0856722222222
1,25.94225,95.0761527777778
1,25.9404444444444,95.0706305555556
1,25.9391222222222,95.0627138888889
1,25.9384333333333,95.0546111111111
1,25.9359722222222,95.0502694444444
1,25.9306972222222,95.0471722222222
1,25.9262638888889,95.0421027777778
1,25.9265694444444,95.0339166666667
1,25.9229666666667,95.0330472222222
1,25.9185333333333,95.0335611111111
1,25.915875,95.0303111111111
1,25.91135,95.0252277777778
1,25.9015083333333,95.0190611111111
1,25.8972027777778,95.0172833333333
1,25.8925166666667,95.0165
1,25.8860055555556,95.0174638888889
1,25.8790194444444,95.0193333333333
1,25.8762722222222,95.0161944444445
1,25.8721638888889,95.0127138888889
1,25.8635,95.0125555555556
1,25.8593,95.015375
1,25.8532944444444,95.0185472222222
1,25.8499055555556,95.0214777777778
1,25.8429055555556,95.0246388888889
1,25.8379361111111,95.0303333333333
1,25.8252777777778,95.0312916666667
1,25.818225,95.0318527777778
1,25.8115888888889,95.0345194444444
1,25.8083833333333,95.0373611111111
1,25.8043555555556,95.0408666666667
1,25.8013861111111,95.0464027777778
1,25.7964722222222,95.0487972222222
1,25.790425,95.0484861111111
1,25.7790166666667,95.044575
1,25.7740833333333,95.0424916666667
1,25.7699222222222,95.0426166666667
1,25.7539194444444,95.0494861111111
1,25.7445694444444,95.0413333333333
1,25.7388444444444,95.0376305555556
1,25.7327222222222,95.0306388888889
1,25.7319194444444,95.0241444444444
1,25.7297888888889,95.015825
1,25.7298444444444,95.0063611111111
1,25.7239888888889,94.9993666666667
1,25.7179833333333,94.9962638888889
1,25.7130305555556,94.9956805555556
1,25.7056194444444,94.9901583333333
1,25.7004444444444,94.9859777777778
1,25.6956444444444,94.9806027777778
1,25.6932666666667,94.9768666666667
1,25.6908833333333,94.9732416666667
1,25.6881333333333,94.9701027777778
1,25.6748722222222,94.9507277777778
1,25.666725,94.9398194444445
1,25.6604861111111,94.9345194444444
1,25.6560083333333,94.9320472222222
1,25.6524916666667,94.9310888888889
1,25.645475,94.9295694444444
1,25.6381138888889,94.92675
1,25.6320138888889,94.9235555555556
1,25.6238083333333,94.9224027777778
1,25.6159166666667,94.9191805555556
1,25.6062722222222,94.9178111111111
1,25.6025861111111,94.9165555555556
1,25.5990972222222,94.9140972222222
1,25.5947583333333,94.9083472222222
1,25.592525,94.9003333333334
1,25.5894805555556,94.8926166666667
1,25.5846083333333,94.8858611111111
1,25.5791138888889,94.8845694444445
1,25.5735444444444,94.8887555555556
1,25.5688694444444,94.8939444444445
1,25.5626166666667,94.9010055555556
1,25.5585472222222,94.901825
1,25.5568972222222,94.8846722222222
1,25.5548972222222,94.854375
1,25.5548694444444,94.8499027777778
1,25.5473277777778,94.8403194444444
1,25.5420861111111,94.83375
1,25.5383388888889,94.8308055555555
1,25.5299944444444,94.8266805555556
1,25.5245861111111,94.8264861111111
1,25.5197138888889,94.8257083333333
1,25.5125361111111,94.8221944444444
1,25.5087944444444,94.8189583333333
1,27.1802388888889,97.122875
1,27.1729944444444,97.1244583333333
1,27.1687583333333,97.1307416666667
1,27.1652277777778,97.1374361111111
1,27.166075,97.1470333333333
1,27.1561138888889,97.1499777777778
1,27.14985,97.1530972222222
1,27.1430944444444,97.1642694444445
1,27.1319305555556,97.1692
1,27.1243638888889,97.1687638888889
1,27.1198527777778,97.1629305555555
1,27.1139611111111,97.1529305555556
1,27.10725,97.149375
1,27.0990833333333,97.1471027777778
1,27.0903916666667,97.1434166666667
1,27.0888638888889,97.1369305555556
1,27.0913416666667,97.1279916666667
1,27.0996722222222,97.1193666666667
1,27.107625,97.11175
1,27.1089833333333,97.105625
1,27.1063222222222,97.0962972222222
1,27.1015972222222,97.0863194444444
1,27.0977777777778,97.0761666666667
1,27.0969805555556,97.0685833333333
1,27.0990027777778,97.05975
1,27.1068194444444,97.0496944444444
1,27.1116555555556,97.0450333333333
1,27.1147583333333,97.0426722222222
1,27.1192277777778,97.039125
1,27.1251,97.0321583333333
1,27.1297638888889,97.0274027777778
1,27.1335,97.0181861111111
1,27.1349638888889,97.0103472222222
1,27.1379333333333,97.0040333333333
1,27.1421,96.9962361111111
1,27.1494055555556,96.9898055555556
1,27.1549277777778,96.9819222222222
1,27.1593166666667,96.9708055555556
1,27.1608944444444,96.9610416666667
1,27.1620055555556,96.952575
1,27.1624138888889,96.9419916666667
1,27.1635444444444,96.9253527777778
1,27.1639388888889,96.9157694444445
1,27.1692888888889,96.9001166666667
1,27.1718916666667,96.8942972222222
1,27.1791083333333,96.8803888888889
1,27.1821777777778,96.873075
1,27.1883416666667,96.8636861111111
1,27.1955833333333,96.8614861111111
1,27.2009111111111,96.8610611111111
1,27.2079527777778,96.8608666666667
1,27.2123361111111,96.8637694444444
1,27.2153916666667,96.8715888888889
1,27.2194611111111,96.877825
1,27.2212916666667,96.8827
1,27.2255555555556,96.8875194444445
1,27.2295916666667,96.8888944444445
1,27.2363361111111,96.8902138888889
1,27.2434472222222,96.884575
1,27.248125,96.8854638888889
1,27.2523583333333,96.8863388888889
1,27.2567333333333,96.8826805555556
1,27.2559638888889,96.8726583333333
1,27.2578833333333,96.8638055555556
1,27.2613666666667,96.8593194444444
1,27.2692,96.8532777777778
1,27.2795972222222,96.8514222222222
1,27.2893638888889,96.8494583333333
1,27.29525,96.8474361111111
1,27.2995694444444,96.8339638888889
1,27.3036916666667,96.8289777777778
1,27.30955,96.8226027777778
1,27.3135555555556,96.8193333333333
1,27.3186694444444,96.8148666666667
1,27.3255722222222,96.8105333333333
1,27.3341,96.8064166666667
1,27.3396444444444,96.8036805555556
1,27.3436583333333,96.8002
1,27.3457361111111,96.7926527777778
1,27.3481055555556,96.7831861111111
1,27.351425,96.7774777777778
1,27.3543,96.7708472222222
1,27.3526638888889,96.7576861111111
1,27.3521472222222,96.7520833333333
1,27.3534416666667,96.7456583333333
1,27.3538916666667,96.7385972222222
1,27.3618833333333,96.7263805555556
1,27.3664611111111,96.7204861111111
1,27.3702861111111,96.7105333333333
1,27.3647388888889,96.7067138888889
1,27.3607027777778,96.704325
1,27.3551111111111,96.6970555555556
1,27.3550833333333,96.6917083333333
1,27.3585444444444,96.6811388888889
1,27.360525,96.6741944444444
1,27.3619472222222,96.6681527777778
1,27.3610611111111,96.6588333333333
1,27.3585972222222,96.6540472222222
1,27.3575361111111,96.644125
1,27.3589694444444,96.6371583333333
1,27.3615972222222,96.6284027777778
1,27.3626083333333,96.6185138888889
1,27.3591805555556,96.6105833333333
1,27.3549861111111,96.6069777777778
1,27.3504555555556,96.6005555555555
1,27.3462638888889,96.5963388888889
1,27.3413,96.5959722222222
1,27.3344138888889,96.5988111111111
1,27.3323916666667,96.5943333333333
1,27.3306444444444,96.5896583333333
1,27.3266472222222,96.5839361111111
1,27.3234638888889,96.5779305555555
1,27.3190027777778,96.5734305555555
1,27.3164888888889,96.5639916666667
1,27.3150916666667,96.5598333333333
1,27.3104666666667,96.5542138888889
1,27.3045666666667,96.5484722222222
1,27.2995722222222,96.54325
1,27.2941555555556,96.5355972222222
1,27.2879166666667,96.5287416666667
1,27.2838527777778,96.5203111111111
1,27.2904944444444,96.5150416666667
1,27.2939777777778,96.509825
1,27.2975638888889,96.5034166666667
1,27.2993305555556,96.4980833333333
1,27.2962361111111,96.492075
1,27.2952361111111,96.4840833333333
1,27.2981111111111,96.4772416666667
1,27.302525,96.4688194444444
1,27.3011166666667,96.4647555555556
1,27.2991888888889,96.4596861111111
1,27.2999055555556,96.4505972222222
1,27.300425,96.4442361111111
1,27.3004944444444,96.437875
1,27.3001,96.4316027777778
1,27.2963111111111,96.4230694444445
1,27.290075,96.4142
1,27.2901527777778,96.4067277777778
1,27.2887777777778,96.3998388888889
1,27.2848138888889,96.3896805555556
1,27.2877833333333,96.3809361111111
1,27.289225,96.3718527777778
1,27.2904888888889,96.3622694444444
1,27.2843777777778,96.3596805555555
1,27.2802,96.3533611111111
1,27.2787305555556,96.345875
1,27.28195,96.3393472222222
1,27.2863333333333,96.3339305555555
1,27.2884611111111,96.3186027777778
1,27.2925166666667,96.3090472222222
1,27.2897,96.3015416666667
1,27.2845833333333,96.2886527777778
1,27.2765305555556,96.280375
1,27.2698861111111,96.2768666666667
1,27.2683638888889,96.2656444444444
1,27.27155,96.2524444444444
1,27.2749055555556,96.2396583333333
1,27.2755083333333,96.2325888888889
1,27.2712388888889,96.2253666666667
1,27.2602138888889,96.2163666666667
1,27.2567972222222,96.2041027777778
1,27.2558833333333,96.1946027777778
1,27.2449583333333,96.1803527777778
1,27.2452305555556,96.1619722222222
1,27.2402861111111,96.1486944444445
1,27.2241472222222,96.1127916666667
1,27.222275,96.097325
1,27.2175472222222,96.0904166666667
1,27.2079305555556,96.0846666666667
1,27.2040944444444,96.0672777777778
1,27.1937083333333,96.0555611111111
1,27.1870027777778,96.0347138888889
1,27.1787472222222,96.0280833333333
1,27.1573194444444,96.0212361111111
1,27.1457166666667,96.0151805555556
1,27.1313638888889,96.0025416666667
1,27.1161277777778,95.9877833333333
1,27.1016666666667,95.9773805555556
1,27.0897138888889,95.9701166666667
1,27.0728916666667,95.9612138888889
1,27.059125,95.9552555555556
1,27.0506277777778,95.9440972222222
1,27.0439194444444,95.9343666666667
1,27.03985,95.9213333333333
1,27.0362833333333,95.9139444444445
1,27.0312694444444,95.9073527777778
1,27.0227527777778,95.8988194444445
1,27.01885,95.8873055555556
1,27.0115194444444,95.8752638888889
1,27.0133833333333,95.8655972222222
1,27.0134333333333,95.8559166666667
1,27.0064166666667,95.8361166666667
1,27.0091805555556,95.8261583333333
1,27.0134,95.8134916666667
1,27.0116388888889,95.806125
1,27.0031694444444,95.8030416666667
1,26.9811916666667,95.7778111111111
1,26.9737333333333,95.7711166666667
1,26.9698611111111,95.7698805555556
1,26.9641,95.7652083333333
1,26.9551972222222,95.7590055555556
1,26.9361444444444,95.7618111111111
1,26.9331777777778,95.7586722222222
1,26.9313888888889,95.7548388888889
1,26.9213944444444,95.7506444444444
1,26.91615,95.7526305555556
1,26.9115361111111,95.7553194444444
1,26.9060277777778,95.7561861111111
1,26.8990055555556,95.7530333333333
1,26.8920166666667,95.7431166666667
1,26.8838472222222,95.7340055555556
1,26.8786361111111,95.7288472222222
1,26.8747916666667,95.7191666666667
1,26.8755638888889,95.7096111111111
1,26.8784027777778,95.7015611111111
1,26.8864472222222,95.6966805555556
1,26.891175,95.6903611111111
1,26.8962805555556,95.6794222222222
1,26.9015444444444,95.6714916666667
1,26.899675,95.6663472222222
1,26.8962638888889,95.6610888888889
1,26.889425,95.6559166666667
1,26.8842916666667,95.6534777777778
1,26.8751944444444,95.6491027777778
1,26.874225,95.6445694444444
1,26.8744166666667,95.6403472222222
1,26.8706527777778,95.6348888888889
1,26.8646194444444,95.6322361111111
1,26.8579305555556,95.6330194444444
1,26.846475,95.6316444444444
1,26.8408,95.6303111111111
1,26.8345833333333,95.6257555555556
1,26.8285638888889,95.6200888888889
1,26.821175,95.6160277777778
1,26.8125388888889,95.6095555555555
1,26.8135777777778,95.5971805555556
1,26.8144111111111,95.5903388888889
1,26.8141694444444,95.5827972222222
1,26.8170916666667,95.5728472222222
1,26.8213638888889,95.566625
1,26.8252527777778,95.5637277777778
1,26.8286916666667,95.560825
1,26.8310694444444,95.5528888888889
1,26.8293777777778,95.5438194444444
1,26.8227444444444,95.5309166666667
1,26.8183277777778,95.5283805555556
1,26.8114861111111,95.5231305555556
1,26.8070833333333,95.5183805555556
1,26.8047527777778,95.5129361111111
1,26.7881694444444,95.504625
1,26.7742777777778,95.50025
1,26.7634666666667,95.4939722222222
1,26.7531972222222,95.4872
1,26.7465361111111,95.4815416666667
1,26.7439444444444,95.4738944444445
1,26.7419805555556,95.4637361111111
1,26.7375722222222,95.4594916666667
1,26.7292722222222,95.4565472222222
1,26.7240472222222,95.4522138888889
1,26.7190138888889,95.4443527777778
1,26.714425,95.4400194444444
1,26.7095555555556,95.4377916666667
1,26.7060416666667,95.4353666666667
1,26.6998166666667,95.4335333333333
1,26.6951333333333,95.4304027777778
1,26.6916222222222,95.4268805555556
1,26.6882916666667,95.4213472222222
1,26.6882444444444,95.4044638888889
1,26.682675,95.3926861111111
1,26.679725,95.381625
1,26.6750361111111,95.3761805555555
1,26.6709944444444,95.3695416666667
1,26.6692861111111,95.3639166666667
1,26.6688527777778,95.3538611111111
1,26.6696888888889,95.3447222222222
1,26.6608777777778,95.3224916666667
1,26.6586361111111,95.3159638888889
1,26.6495305555556,95.3065055555556
1,26.6478277777778,95.3006722222222
1,26.6501805555556,95.2973611111111
1,26.6530833333333,95.2912361111111
1,26.6547222222222,95.2809916666667
1,26.6547361111111,95.2701444444444
1,26.6598,95.2641166666667
1,26.6655833333333,95.2602138888889
1,26.6734388888889,95.259825
1,26.6783138888889,95.2582222222222
1,26.6812972222222,95.2547083333333
1,26.6843777777778,95.2489861111111
1,26.6859166666667,95.2421583333333
1,26.6836666666667,95.2386388888889
1,26.6783166666667,95.235825
1,26.6750888888889,95.2327
1,26.6696305555556,95.2298666666667
1,26.6650861111111,95.2262555555556
1,26.6595416666667,95.2229222222222
1,26.6526805555556,95.2176583333333
1,26.6477055555556,95.2130277777778
1,26.6435472222222,95.2080194444444
1,26.6411694444444,95.2043472222222
1,26.639425,95.1951666666667
1,26.6397944444444,95.18945
1,26.6353472222222,95.1802222222222
1,26.6262638888889,95.1724916666667
1,26.6221555555556,95.1695972222222
1,26.6153361111111,95.1565
1,26.6116027777778,95.1529027777778
1,26.6016833333333,95.1518944444445
1,26.5939388888889,95.1506305555556
1,26.5896972222222,95.1503472222222
1,26.5857111111111,95.1511666666667
1,26.5788861111111,95.1543472222222
1,26.5728611111111,95.1526111111111
1,26.5666416666667,95.1468527777778
1,26.5599416666667,95.1426027777778
1,26.5550638888889,95.1425055555556
1,26.5525361111111,95.1366388888889
1,26.5544277777778,95.1319583333333
1,26.5544472222222,95.1249222222222
1,26.5487027777778,95.1228055555555
1,26.5450527777778,95.1194166666667
1,26.5401055555556,95.1128944444444
1,26.5317305555556,95.1171388888889
1,26.5265555555556,95.1188388888889
1,26.5218611111111,95.1188472222222
1,26.5107833333333,95.1112
1,26.50755,95.1049083333333
1,26.5049805555556,95.1015472222222
1,26.5011722222222,95.1026722222222
1,26.4952527777778,95.10045
1,26.4905638888889,95.0940333333333
1,26.4866777777778,95.0890416666667
1,26.4827527777778,95.08595
1,26.4780277777778,95.0820472222222
1,26.4738388888889,95.07845
1,26.4697555555556,95.0740555555556
1,26.4654361111111,95.0734638888889
1,26.4615138888889,95.0699861111111
1,26.4587694444444,95.0668111111111
1,26.4536472222222,95.0652222222222
1,26.448875,95.0643111111111
1,26.4424583333333,95.0643888888889
1,26.4424638888889,95.0697083333333
1,26.4444833333333,95.0730555555556
1,26.4452861111111,95.0795888888889
1,26.4440277777778,95.0849861111111
1,26.4392722222222,95.0885055555555
1,26.4314027777778,95.0947694444444
1,26.4280166666667,95.0979083333333
1,26.4246472222222,95.0994444444444
1,26.4219555555556,95.1041027777778
1,26.4156861111111,95.1065833333333
1,26.4107361111111,95.1055888888889
1,26.4069666666667,95.1037083333333
1,27.0371944444444,92.078825
1,27.0427583333333,92.072825
1,27.0495694444444,92.0662
1,27.0495277777778,92.0559083333333
1,27.0493444444444,92.0471388888889
1,27.0577666666667,92.0440972222222
1,27.0622,92.0360055555555
1,27.0675805555556,92.0384861111111
1,27.0722111111111,92.0352277777778
1,27.0759777777778,92.0300833333333
1,27.0819527777778,92.0307361111111
1,27.0945861111111,92.0298888888889
1,27.1055777777778,92.0248527777778
1,27.11235,92.0245694444444
1,27.120875,92.0305972222222
1,27.1277944444444,92.0333388888889
1,27.1299527777778,92.0368055555555
1,27.1358638888889,92.038875
1,27.1445861111111,92.0329916666667
1,27.1481527777778,92.030875
1,27.151675,92.0267361111111
1,27.1597888888889,92.0258194444445
1,27.1692166666667,92.0276805555556
1,27.174225,92.0378472222222
1,27.1787666666667,92.0434722222222
1,27.1817833333333,92.0534916666667
1,27.1870361111111,92.0587083333333
1,27.2005222222222,92.05975
1,27.2070444444444,92.0652416666667
1,27.2123722222222,92.0692361111111
1,27.2210944444444,92.0721388888889
1,27.2316333333333,92.0708472222222
1,27.2369194444444,92.0685833333333
1,27.2424194444444,92.0683333333333
1,27.2451277777778,92.0640194444444
1,27.2492666666667,92.0550138888889
1,27.2540861111111,92.0522638888889
1,27.2592972222222,92.0425277777778
1,27.264175,92.0421944444444
1,27.2690638888889,92.05145
1,27.2748416666667,92.0726166666667
1,27.2733,92.08075
1,27.2695166666667,92.0857
1,27.2704972222222,92.0975972222222
1,27.2665638888889,92.1041666666667
1,27.2714333333333,92.1124305555555
1,27.2707361111111,92.1177
1,27.2733416666667,92.1215694444444
1,27.2781472222222,92.1223527777778
1,27.2850222222222,92.1231805555555
1,27.2902805555556,92.1199166666667
1,27.2964777777778,92.1096444444444
1,27.2989166666667,92.1052361111111
1,27.3077916666667,92.0806388888889
1,27.3157777777778,92.0698194444444
1,27.3247222222222,92.0614861111111
1,27.3428166666667,92.0629305555555
1,27.3465388888889,92.0595972222222
1,27.3558388888889,92.0511444444444
1,27.3659166666667,92.0491583333333
1,27.3768305555556,92.0488666666667
1,27.3876555555556,92.0527222222222
1,27.3976916666667,92.0573055555556
1,27.4017222222222,92.0557777777778
1,27.4041361111111,92.0501527777778
1,27.4104277777778,92.0449305555556
1,27.4229361111111,92.0468194444444
1,27.4286027777778,92.0456527777778
1,27.4341138888889,92.0416583333333
1,27.435075,92.0358666666667
1,27.4392111111111,92.0268527777778
1,27.4452527777778,92.0221305555555
1,27.455675,92.0197222222222
1,27.4657583333333,92.0227916666667
1,27.4773916666667,92.0217638888889
1,27.4794861111111,92.0142138888889
1,27.4750138888889,91.9997555555556
1,27.4719583333333,91.9921444444444
1,27.4653138888889,91.98525
1,27.4626222222222,91.982075
1,27.4626694444444,91.9761027777778
1,27.4644861111111,91.9684638888889
1,27.4591083333333,91.9576861111111
1,27.4585361111111,91.9524361111111
1,27.4583194444444,91.9424305555556
1,27.4626611111111,91.9349166666667
1,27.4690555555556,91.925825
1,27.4689277777778,91.9120611111111
1,27.4659916666667,91.9016166666667
1,27.4709666666667,91.8940888888889
1,27.4705666666667,91.8753666666667
1,27.4798138888889,91.8662
1,27.4803138888889,91.8523194444444
1,27.4735055555556,91.8427916666667
1,27.46675,91.8316583333333
1,27.467675,91.8210972222222
1,27.470375,91.8126166666667
1,27.4670055555556,91.7918611111111
1,27.4623194444444,91.7770194444444
1,27.4642333333333,91.7660277777778
1,27.4711277777778,91.7598527777778
1,27.4720555555556,91.7530472222222
1,27.4716861111111,91.7451583333333
1,27.4680555555556,91.7365555555556
1,27.4681916666667,91.7232972222222
1,27.4714722222222,91.717125
1,27.4808361111111,91.7159361111111
1,27.4891,91.7139638888889
1,27.4933555555556,91.7033055555556
1,27.5006194444444,91.6934638888889
1,27.5002805555556,91.687
1,27.4977583333333,91.6832277777778
1,27.4922972222222,91.6778194444444
1,27.4887027777778,91.6708472222222
1,27.4841055555556,91.6637916666667
1,27.4808638888889,91.6566027777778
1,27.4826194444444,91.6507833333333
1,27.4898972222222,91.6496444444445
1,27.4968888888889,91.6475138888889
1,27.5015555555556,91.6423055555556
1,27.5059916666667,91.6316388888889
1,27.5112194444444,91.6239777777778
1,27.5203194444444,91.6194444444444
1,27.5395638888889,91.6127777777778
1,27.5416388888889,91.6089583333333
1,27.5387388888889,91.6047
1,27.5374916666667,91.59795
1,27.5417527777778,91.5949777777778
1,27.5602805555556,91.5850833333333
1,27.5730138888889,91.5703944444444
1,27.5821944444444,91.5656527777778
1,27.5975555555556,91.5804722222222
1,27.6062972222222,91.5797916666667
1,27.6179833333333,91.5668527777778
1,27.6314861111111,91.5614638888889
1,27.6504861111111,91.5705972222222
1,27.6698388888889,91.5935138888889
1,27.6770722222222,91.5940055555556
1,27.6812666666667,91.5955972222222
1,27.6845888888889,91.6022833333333
1,27.6905916666667,91.6001722222222
1,27.693,91.6062833333333
1,27.6909277777778,91.6138611111111
1,27.6940166666667,91.618325
1,27.7000166666667,91.6198611111111
1,27.7039944444444,91.6275472222222
1,27.713375,91.6271583333333
1,27.7298583333333,91.6329361111111
1,27.7450416666667,91.6334861111111
1,27.7511638888889,91.6402916666667
1,27.7560444444444,91.6439083333333
1,27.7632583333333,91.6434777777778
1,27.7696361111111,91.6350611111111
1,27.7754861111111,91.6340611111111
1,27.7809944444444,91.6342972222222
1,27.7921805555556,91.6335472222222
1,27.7989138888889,91.6321166666667
1,27.806375,91.62325
1,27.8093416666667,91.6191027777778
1,27.8189638888889,91.6028611111111
1,27.8168888888889,91.5881944444444
1,27.8120333333333,91.5820555555556
1,27.8108277777778,91.5770138888889
1,27.8134444444444,91.5695277777778
1,27.8195444444444,91.5645555555556
1,27.8294638888889,91.5601805555556
1,27.8450027777778,91.5499361111111
1,27.8537138888889,91.5480333333333
1,27.8567277777778,91.5566722222222
1,27.8498444444444,91.5628888888889
1,27.8508833333333,91.5685333333333
1,27.8588722222222,91.573875
1,27.8601472222222,91.58125
1,27.8543666666667,91.5885416666667
1,27.8602055555556,91.5982083333333
1,27.8574444444444,91.6033805555555
1,27.8521277777778,91.6114638888889
1,28.3155944444444,93.1972555555556
1,28.320825,93.2104361111111
1,28.3312777777778,93.2225
1,28.3330638888889,93.2234083333333
1,28.3386333333333,93.2262555555556
1,28.3590916666667,93.2228527777778
1,28.3755583333333,93.2258527777778
1,28.3983472222222,93.2351666666667
1,28.4059527777778,93.2295333333333
1,28.4113277777778,93.2197416666667
1,28.4169666666667,93.2083194444445
1,28.4237305555556,93.1941111111111
1,28.4304666666667,93.1848194444444
1,28.4377166666667,93.1864222222222
1,28.4418805555556,93.1941111111111
1,28.4467166666667,93.2046527777778
1,28.4499638888889,93.2113388888889
1,28.4559055555556,93.217375
1,28.4680277777778,93.2262555555556
1,28.4756972222222,93.2328666666667
1,28.480475,93.239125
1,28.4892916666667,93.2577777777778
1,28.4946416666667,93.2666805555556
1,28.4988833333333,93.2734583333333
1,28.5025722222222,93.2797361111111
1,28.51155,93.2831722222222
1,28.5189861111111,93.2855055555556
1,28.5412027777778,93.2928055555555
1,28.5553916666667,93.301375
1,28.5640666666667,93.3092138888889
1,28.5746944444444,93.3073055555556
1,28.5898833333333,93.3015416666667
1,28.5974111111111,93.303875
1,28.5988416666667,93.3104027777778
1,28.6016111111111,93.3153666666667
1,28.6048722222222,93.3235972222222
1,28.6061472222222,93.3316666666667
1,28.6134888888889,93.3338944444444
1,28.6213527777778,93.335
1,28.6315694444444,93.336375
1,28.6380444444444,93.3409861111111
1,28.6380083333333,93.346
1,28.6367666666667,93.3549166666667
1,28.6387027777778,93.365825
1,28.6424055555556,93.37375
1,28.6473277777778,93.3937277777778
1,28.65075,93.4158805555556
1,28.6601638888889,93.4338611111111
1,28.6672972222222,93.4415277777778
1,28.6704083333333,93.445375
1,28.6738861111111,93.4497222222222
1,28.6662444444444,93.4607777777778
1,28.6548416666667,93.4665694444444
1,28.6499222222222,93.4707361111111
1,28.6514472222222,93.4781805555556
1,28.6601333333333,93.4794916666667
1,28.6728138888889,93.4832083333333
1,28.6779138888889,93.4876305555556
1,28.6817888888889,93.4951527777778
1,28.6818388888889,93.4995472222222
1,28.6799055555556,93.5049027777778
1,28.6776527777778,93.5132138888889
1,28.6716111111111,93.5224166666667
1,28.6634138888889,93.5241666666667
1,28.6590388888889,93.5284166666667
1,28.6566055555556,93.5377638888889
1,28.6573416666667,93.5651722222222
1,28.6535694444444,93.6108527777778
1,28.6554138888889,93.6239361111111
1,28.659575,93.6427
1,28.6645027777778,93.6574777777778
1,28.6696166666667,93.6732694444445
1,28.6769972222222,93.6893527777778
1,28.6775805555556,93.7034722222222
1,28.6815,93.7176444444444
1,28.6858472222222,93.7288527777778
1,28.6869055555556,93.7353888888889
1,28.6808111111111,93.751125
1,28.6721833333333,93.7650333333333
1,28.6660777777778,93.7789166666667
1,28.6689583333333,93.7890194444444
1,28.6778194444444,93.8010972222222
1,28.6924472222222,93.8225333333333
1,28.7020722222222,93.8393194444444
1,28.7049416666667,93.8477777777778
1,28.7045416666667,93.8534166666667
1,28.7033416666667,93.8616111111111
1,28.7012361111111,93.8690138888889
1,28.6741,93.9077694444444
1,28.6678027777778,93.9231861111111
1,28.6692111111111,93.9297138888889
1,28.6745138888889,93.9381583333333
1,28.6865916666667,93.9471444444445
1,28.7021305555556,93.9606027777778
1,28.7105027777778,93.96395
1,28.7161611111111,93.9662083333333
1,28.7207027777778,93.9692361111111
1,28.7404666666667,93.9688388888889
1,28.7488888888889,93.9722416666667
1,28.7568083333333,93.9813888888889
1,28.7631305555556,93.994125
1,28.76915,94.0018527777778
1,28.7730583333333,94.0052
1,28.7818138888889,94.0054222222222
1,28.7855777777778,94.0022138888889
1,28.7958694444444,93.9891111111111
1,28.8043555555556,93.9894361111111
1,28.8173722222222,94.0038666666667
1,28.8287361111111,94.0019166666667
1,28.8390083333333,93.9988611111111
1,28.8446583333333,94.0067972222222
1,28.8488027777778,94.01875
1,28.8510777777778,94.034
1,28.8585972222222,94.0381388888889
1,28.8714861111111,94.0479722222222
1,28.8852138888889,94.0621027777778
1,28.8937611111111,94.0705416666667
1,28.9034944444444,94.0828611111111
1,28.9128083333333,94.0981722222222
1,28.9279555555556,94.1245055555555
1,28.938075,94.1405333333333
1,28.9524555555556,94.1592
1,28.9570666666667,94.1610055555556
1,28.9717916666667,94.1624305555556
1,28.9788833333333,94.1708944444444
1,28.9895666666667,94.177075
1,29.0009416666667,94.1759638888889
1,29.0055472222222,94.1761388888889
1,29.0182888888889,94.1794222222222
1,29.0263555555556,94.1836722222222
1,29.0369444444444,94.1892416666667
1,29.0405888888889,94.1918805555556
1,29.0466416666667,94.1962638888889
1,29.0579666666667,94.2032694444445
1,29.0672166666667,94.210075
1,29.0819722222222,94.2190138888889
1,29.0878972222222,94.2290416666667
1,29.094175,94.2374222222222
1,29.0983555555556,94.2424305555556
1,29.1058833333333,94.2501861111111
1,29.1147,94.2620472222222
1,29.1250527777778,94.2732833333333
1,29.1333111111111,94.2819638888889
1,29.1460888888889,94.2921583333333
1,29.1475583333333,94.2967777777778
1,29.1484888888889,94.3020138888889
1,29.1488055555556,94.3118805555556
1,29.1480416666667,94.3228805555556
1,29.1481944444444,94.3357361111111
1,29.1480972222222,94.3545472222222
1,29.1504722222222,94.3613111111111
1,29.1551111111111,94.368075
1,29.1642416666667,94.3720333333333
1,29.1796888888889,94.3745194444444
1,29.1881833333333,94.3767361111111
1,29.1924472222222,94.3813333333333
1,29.2029194444444,94.4040055555556
1,29.2106472222222,94.4183666666667
1,29.2215277777778,94.4302416666667
1,29.2247944444444,94.4356805555555
1,29.2233888888889,94.4459722222222
1,29.2219055555556,94.4591388888889
1,29.2196,94.4713944444445
1,29.2166583333333,94.4831388888889
1,29.2145472222222,94.4988888888889
1,29.2150638888889,94.5184222222222
1,29.2165694444444,94.5374444444444
1,29.2211166666667,94.5501944444444
1,29.2267555555556,94.5623055555556
1,29.2386944444444,94.571825
1,29.2484527777778,94.5765277777778
1,29.2628083333333,94.5779166666667
1,29.2731,94.5783944444444
1,29.2787111111111,94.5822833333333
1,29.280625,94.5883527777778
1,29.2842416666667,94.5934861111111
1,29.2877833333333,94.5984166666667
1,29.2949361111111,94.6099166666667
1,29.2991055555556,94.61525
1,29.3107694444444,94.6235611111111
1,29.3205194444444,94.6256861111111
1,29.3347916666667,94.628325
1,29.3436305555556,94.6281944444444
1,29.346625,94.6328111111111
1,29.3449388888889,94.6461111111111
1,29.3297388888889,94.6705555555556
1,29.3257861111111,94.6817916666667
1,29.3217277777778,94.6861305555556
1,29.3118277777778,94.6991305555556
1,29.3056166666667,94.7089222222222
1,29.3021972222222,94.7155194444445
1,29.2797583333333,94.7409916666667
1,29.2639805555556,94.7525472222222
1,29.2504666666667,94.7707916666667
1,29.2387444444444,94.7816111111111
1,29.2308111111111,94.7869777777778
1,29.2237833333333,94.7950055555556
1,29.2162972222222,94.7995472222222
1,29.2075444444444,94.8020277777778
1,29.1930055555556,94.8006111111111
1,29.1778416666667,94.7969305555556
1,29.1671944444444,94.7969444444444
1,29.16205,94.8019916666667
1,29.1641388888889,94.8135
1,29.1683916666667,94.8242916666667
1,29.174175,94.836625
1,29.1804166666667,94.8506027777778
1,29.1811416666667,94.8564583333333
1,29.1816972222222,94.8757916666667
1,29.179175,94.8851583333333
1,29.1733972222222,94.8965694444445
1,29.1638416666667,94.9108666666667
1,29.1596027777778,94.9226944444444
1,29.16005,94.9307083333333
1,29.1582444444444,94.9421166666667
1,29.1576138888889,94.9607222222222
1,29.1569777777778,94.9715194444445
1,29.1534638888889,94.9748111111111
1,29.1471388888889,94.9853944444445
1,29.1438944444444,94.990325
1,29.1381111111111,94.9988611111111
1,29.132875,95.0087277777778
1,29.1305222222222,95.0148888888889
1,29.1277166666667,95.0265
1,29.1306972222222,95.0293805555556
1,29.1400888888889,95.0219861111111
1,29.1490222222222,95.0141861111111
1,29.1548916666667,95.0080194444444
1,29.1630277777778,94.9957833333333
1,29.1707861111111,94.9905472222222
1,29.1702416666667,95.0013472222222
1,29.1677083333333,95.0087416666667
1,29.1642805555556,95.0147083333333
1,29.1583194444444,95.0240611111111
1,29.1544333333333,95.033
1,29.1495472222222,95.0434722222222
1,29.1471888888889,95.058075
1,29.1450138888889,95.0692694444444
1,29.1426555555556,95.0818111111111
1,29.1408333333333,95.1020611111111
1,29.1371277777778,95.1061666666667
1,29.1260111111111,95.1125277777778
1,29.1181583333333,95.1171305555555
1,29.1131861111111,95.1253472222222
1,29.1125194444444,95.1494916666667
1,29.1102472222222,95.1584305555556
1,29.1054222222222,95.1810333333333
1,29.1044,95.2001388888889
1,29.1052666666667,95.2201805555556
1,29.1074722222222,95.2439166666667
1,29.1066333333333,95.2541861111111
1,29.0904861111111,95.2512638888889
1,29.0824472222222,95.2547416666667
1,29.0732416666667,95.2530611111111
1,29.0652083333333,95.2534583333333
1,29.0586055555556,95.260825
1,29.0542555555556,95.2698527777778
1,29.0552166666667,95.2756805555556
1,29.056125,95.2811583333333
1,29.0588111111111,95.2894861111111
1,29.0597666666667,95.3007833333333
1,29.0594888888889,95.3060277777778
1,29.0558638888889,95.3119722222222
1,29.0515972222222,95.3215
1,29.04795,95.3343333333333
1,29.0425833333333,95.3486805555556
1,29.0377083333333,95.3770138888889
1,29.0344333333333,95.3877777777778
1,29.0317611111111,95.4030694444445
1,29.0304666666667,95.4132277777778
1,29.0345083333333,95.4196027777778
1,29.0375555555556,95.4246527777778
1,29.0376166666667,95.4324583333333
1,29.0335166666667,95.4417833333333
1,29.0323138888889,95.4505055555556
1,29.0332805555556,95.4573944444444
1,29.0394027777778,95.4623472222222
1,29.0509305555556,95.46795
1,29.057225,95.473325
1,29.0622638888889,95.4771444444444
1,29.0674638888889,95.4861111111111
1,29.0725972222222,95.4890194444445
1,29.0861138888889,95.4922694444444
1,29.1055972222222,95.4951444444444
1,29.1201277777778,95.4951166666667
1,29.1368,95.4996166666667
1,29.1394777777778,95.5068333333333
1,29.1353805555556,95.5170888888889
1,29.1311611111111,95.5310416666667
1,29.1269722222222,95.5415055555556
1,29.1250333333333,95.5500194444444
1,29.142175,95.5498194444444
1,29.1477777777778,95.5503611111111
1,29.1551722222222,95.5500888888889
1,29.1645583333333,95.5496305555556
1,29.1771027777778,95.5486805555556
1,29.1935472222222,95.5449722222222
1,29.2048416666667,95.5406111111111
1,29.2106166666667,95.5411583333333
1,29.2122083333333,95.5484722222222
1,29.2131277777778,95.5637972222222
1,29.2139472222222,95.5831444444444
1,29.2145444444444,95.5892138888889
1,29.2247388888889,95.5890694444444
1,29.2389916666667,95.5911166666667
1,29.250875,95.5965416666667
1,29.2585194444444,95.60225
1,29.2591194444444,95.6086305555555
1,29.25155,95.624125
1,29.245625,95.6346861111111
1,29.2464083333333,95.6414861111111
1,29.2526027777778,95.6463611111111
1,29.2570694444444,95.6557555555556
1,29.2618055555556,95.6637083333333
1,29.2676888888889,95.6767138888889
1,29.2738555555556,95.6866444444445
1,29.2831027777778,95.6957638888889
1,29.2911888888889,95.7008666666667
1,29.2970333333333,95.7054444444445
1,29.2972805555556,95.709875
1,29.2948833333333,95.7187
1,29.29905,95.730575
1,29.3128472222222,95.7470472222222
1,29.3257416666667,95.7490055555556
1,29.3412277777778,95.7687
1,29.3484861111111,95.7765833333333
1,29.3530555555556,95.7812555555556
1,29.3530277777778,95.7867222222222
1,29.3439777777778,95.7905611111111
1,29.3344805555556,95.7945888888889
1,29.3329083333333,95.8000333333333
1,29.3359361111111,95.8061444444444
1,29.3486388888889,95.8228333333333
1,29.3522833333333,95.8303805555556
1,29.3503,95.8438611111111
1,29.3552111111111,95.8518333333333
1,29.3640722222222,95.8625194444444
1,29.382175,95.8788527777778
1,29.3880972222222,95.8844722222222
1,29.3879444444444,95.8929305555556
1,29.3846416666667,95.9131944444444
1,29.38075,95.9389166666667
1,29.3791444444444,95.9606388888889
1,29.3838527777778,95.9694444444444
1,29.3969333333333,95.9815277777778
1,29.4033527777778,95.9907638888889
1,29.4069333333333,95.9967833333333
1,29.4085555555556,96.006075
1,29.4178388888889,96.018125
1,29.429925,96.0291722222222
1,29.4395055555556,96.0383611111111
1,29.447,96.0477138888889
1,29.4549361111111,96.0592416666667
1,29.4587833333333,96.0731027777778
1,29.4598611111111,96.0842555555555
1,29.4580972222222,96.0908333333333
1,29.4528972222222,96.0964444444444
1,29.4417361111111,96.1047694444444
1,29.4238555555556,96.1167222222222
1,29.413925,96.1274361111111
1,29.40405,96.1426722222222
1,29.3954722222222,96.1533944444444
1,29.3792555555556,96.1611388888889
1,29.3727944444444,96.1671388888889
1,29.3606,96.1785333333333
1,29.3515361111111,96.183575
1,29.340475,96.1889916666667
1,29.335075,96.1883194444445
1,29.3051416666667,96.1862
1,29.3004916666667,96.1915
1,29.2894361111111,96.2062972222222
1,29.2706111111111,96.2130611111111
1,29.2554888888889,96.2291388888889
1,29.2390833333333,96.2370611111111
1,29.2306972222222,96.2464166666667
1,29.2288138888889,96.2536944444444
1,29.2320972222222,96.2685555555556
1,29.2308416666667,96.285625
1,29.2312861111111,96.2958111111111
1,29.2546277777778,96.3154638888889
1,29.2571666666667,96.3230138888889
1,29.2628527777778,96.3481944444444
1,29.2673944444444,96.3536111111111
1,29.2770611111111,96.3612555555555
1,29.2811555555556,96.3660416666667
1,29.2818138888889,96.3719222222222
1,29.2792277777778,96.3778611111111
1,29.2718388888889,96.3849583333333
1,29.2592444444444,96.3903388888889
1,29.2518833333333,96.3955888888889
1,29.2415277777778,96.3945138888889
1,29.2290333333333,96.3904305555556
1,29.2218972222222,96.3829305555555
1,29.2133361111111,96.3740611111111
1,29.2027444444444,96.3689861111111
1,29.1936666666667,96.3656666666667
1,29.17685,96.3611111111111
1,29.1662416666667,96.3489361111111
1,29.1647638888889,96.3351444444444
1,29.1636666666667,96.3102416666667
1,29.1574333333333,96.2932
1,29.1559916666667,96.2750888888889
1,29.1564111111111,96.2693333333333
1,29.1554805555556,96.2628472222222
1,29.1494888888889,96.2581444444444
1,29.1454916666667,96.2515194444444
1,29.1437,96.2407
1,29.141725,96.2303888888889
1,29.1334361111111,96.2201166666667
1,29.1285861111111,96.2176861111111
1,29.1160222222222,96.2112694444444
1,29.1097333333333,96.2075972222222
1,29.1012083333333,96.2028666666667
1,29.0898944444444,96.1881527777778
1,29.0829138888889,96.1720333333333
1,29.0809666666667,96.1580416666667
1,29.0760138888889,96.1267555555555
1,29.0729388888889,96.1170611111111
1,29.05975,96.1392083333333
1,29.0483555555556,96.1528388888889
1,29.0316611111111,96.1632222222222
1,29.0152111111111,96.1675472222222
1,29.0079527777778,96.1711583333333
1,28.9985111111111,96.1778888888889
1,28.9944166666667,96.1825
1,28.9830916666667,96.1870888888889
1,28.972725,96.1867555555555
1,28.9634722222222,96.1826444444444
1,28.9546166666667,96.1643805555556
1,28.9505305555556,96.1573527777778
1,28.941425,96.1562277777778
1,28.9380361111111,96.1524916666667
1,28.9323944444444,96.1474083333333
1,28.9231944444444,96.1574583333333
1,28.9168972222222,96.1650694444445
1,28.9088444444444,96.1676444444444
1,28.9007166666667,96.168575
1,28.8990222222222,96.1767638888889
1,28.9067666666667,96.1880277777778
1,28.9139055555556,96.2066861111111
1,28.9180388888889,96.2175
1,28.9240583333333,96.2301944444445
1,28.937575,96.2503611111111
1,28.9540166666667,96.25775
1,28.9599194444444,96.26275
1,28.9660722222222,96.2703111111111
1,28.978475,96.2840138888889
1,28.9868166666667,96.2887416666667
1,28.9935305555556,96.295875
1,28.9970444444444,96.30325
1,29.0003888888889,96.3112972222222
1,29.0075694444444,96.3237083333333
1,29.0193194444444,96.3394722222222
1,29.0270694444444,96.3489222222222
1,29.0290277777778,96.359625
1,29.029725,96.3709305555555
1,29.028875,96.3911444444444
1,29.0300638888889,96.4065694444445
1,29.0316833333333,96.4230194444444
1,29.0322444444444,96.4379166666667
1,29.0369583333333,96.45195
1,29.0404666666667,96.4610333333333
1,29.0486777777778,96.46875
1,29.0547777777778,96.479325
1,29.0604805555556,96.4937833333333
1,29.0655222222222,96.5024861111111
1,29.0684055555556,96.5103333333333
1,29.0730666666667,96.5207833333333
1,29.0738888888889,96.5273666666667
1,29.0471694444444,96.5138111111111
1,29.0364194444444,96.5074916666667
1,29.02585,96.500875
1,29.0148333333333,96.4948527777778
1,29.0049527777778,96.4905972222222
1,28.9998083333333,96.4862416666667
1,28.9884888888889,96.479375
1,28.9755444444444,96.4835
1,28.9672111111111,96.48625
1,28.9596888888889,96.4894222222222
1,28.9566472222222,96.495125
1,28.9580111111111,96.5026305555556
1,28.964625,96.51525
1,28.9652888888889,96.5207083333333
1,28.9594888888889,96.523075
1,28.9497305555556,96.5244722222222
1,28.9422277777778,96.5254861111111
1,28.9311472222222,96.5320888888889
1,28.9241444444444,96.5372222222222
1,28.9150916666667,96.5404583333333
1,28.9037444444444,96.5385472222222
1,28.8912194444444,96.5377416666667
1,28.8781277777778,96.5390833333333
1,28.8684583333333,96.5484722222222
1,28.8570166666667,96.5547555555556
1,28.8498194444444,96.5613111111111
1,28.8418416666667,96.564375
1,28.83575,96.5684861111111
1,28.824275,96.577325
1,28.81525,96.5856861111111
1,28.8089,96.5965555555556
1,28.7980583333333,96.6052
1,28.7916888888889,96.6097083333333
1,28.7836277777778,96.6125555555556
1,28.7721194444444,96.6172916666667
1,28.7583277777778,96.6167694444444
1,28.7532944444444,96.6148472222222
1,28.7468583333333,96.6106527777778
1,28.7314805555556,96.5993472222222
1,28.7150277777778,96.5871111111111
1,28.7081611111111,96.5735
1,28.7053222222222,96.5611722222222
1,28.7050166666667,96.5334305555556
1,28.7025166666667,96.5235555555555
1,28.6946583333333,96.5092138888889
1,28.6861055555556,96.499575
1,28.6820416666667,96.4917361111111
1,28.6818444444444,96.4854916666667
1,28.6817916666667,96.4739222222222
1,28.6781194444444,96.4717277777778
1,28.6730222222222,96.4761527777778
1,28.6663972222222,96.4795333333333
1,28.6587583333333,96.4850611111111
1,28.6522361111111,96.4879222222222
1,28.6441555555556,96.4922138888889
1,28.6371611111111,96.4962083333333
1,28.6315833333333,96.4951027777778
1,28.6249333333333,96.4852833333333
1,28.6158638888889,96.4739083333333
1,28.6072722222222,96.4592694444445
1,28.5993972222222,96.4454444444444
1,28.5942166666667,96.4403666666667
1,28.5903888888889,96.4360138888889
1,28.5805361111111,96.4290416666667
1,28.5784305555556,96.4234861111111
1,28.58185,96.4160694444444
1,28.5878861111111,96.4083805555556
1,28.5877694444444,96.4019305555556
1,28.5839027777778,96.4009583333333
1,28.5713,96.4071305555556
1,28.5648888888889,96.4076583333333
1,28.5574027777778,96.4075555555556
1,28.5557527777778,96.4017083333333
1,28.5560861111111,96.3951666666667
1,28.557075,96.3873111111111
1,28.5575944444444,96.3717777777778
1,28.5540583333333,96.3555888888889
1,28.5445277777778,96.3442138888889
1,28.5319805555556,96.3357777777778
1,28.527475,96.326625
1,28.5237916666667,96.32525
1,28.520025,96.3320472222222
1,28.5145916666667,96.3430138888889
1,28.5082527777778,96.3538666666667
1,28.5030388888889,96.3617694444444
1,28.4980166666667,96.3674222222222
1,28.4900222222222,96.3725333333333
1,28.4802666666667,96.3737277777778
1,28.4727583333333,96.3677138888889
1,28.4632722222222,96.3421527777778
1,28.4560305555556,96.3358333333333
1,28.4482916666667,96.3246111111111
1,28.4389583333333,96.3103944444444
1,28.4324055555556,96.2978527777778
1,28.4240444444444,96.2855
1,28.4172861111111,96.2752083333333
1,28.4103277777778,96.2666583333333
1,28.40665,96.2644722222222
1,28.4034638888889,96.2681027777778
1,28.4021055555556,96.2776722222222
1,28.4019166666667,96.2885055555555
1,28.3998194444444,96.2999027777778
1,28.3978777777778,96.3052916666667
1,28.3906916666667,96.3109222222222
1,28.3815166666667,96.3159083333333
1,28.3792333333333,96.3204638888889
1,28.3808361111111,96.3311027777778
1,28.3867527777778,96.3624083333333
1,28.3872944444444,96.3714916666667
1,28.3802194444444,96.3753888888889
1,28.3569805555556,96.3804916666667
1,28.3555027777778,96.3926166666667
1,28.3372972222222,96.3998194444444
1,28.3395027777778,96.4131166666667
1,28.3437277777778,96.4232694444445
1,28.3562194444444,96.4274166666667
1,28.3653138888889,96.4291722222222
1,28.3738722222222,96.4304027777778
1,28.3789194444444,96.4309916666667
1,28.3845833333333,96.4324916666667
1,28.3938861111111,96.4396583333333
1,28.4000277777778,96.4475
1,28.408525,96.4543611111111
1,28.4120777777778,96.4587916666667
1,28.4156527777778,96.4702777777778
1,28.4174416666667,96.4805138888889
1,28.41635,96.4972361111111
1,28.4128222222222,96.5067777777778
1,28.4110583333333,96.5107361111111
1,28.4160861111111,96.5206111111111
1,28.4273833333333,96.5343527777778
1,28.4349444444444,96.551625
1,28.4457666666667,96.5600472222222
1,28.4558083333333,96.5801111111111
1,28.4589194444444,96.5991527777778
1,28.4570305555556,96.6219027777778
1,28.4567222222222,96.6396666666667
1,28.4589027777778,96.6605416666667
1,28.4583055555556,96.6650194444445
1,28.4492361111111,96.6758055555556
1,28.4436611111111,96.6818388888889
1,28.4407083333333,96.6877222222222
1,28.429825,96.7065333333333
1,28.4252666666667,96.7171805555556
1,28.4230638888889,96.7342972222222
1,28.419475,96.7402555555555
1,28.4139194444444,96.7512972222222
1,28.4076111111111,96.7577277777778
1,28.3963555555556,96.7633611111111
1,28.3817805555556,96.7675
1,28.3728083333333,96.770825
1,28.3660916666667,96.7744916666667
1,28.362375,96.7826861111111
1,28.3624527777778,96.7971861111111
1,28.3600083333333,96.8116305555556
1,28.3590805555556,96.8265138888889
1,28.3601805555556,96.8522416666667
1,28.3701333333333,96.8625194444444
1,28.3726527777778,96.8696027777778
1,28.3745805555556,96.8800555555556
1,28.3779055555556,96.8939861111111
1,28.3776611111111,96.8986805555556
1,28.3716333333333,96.9041861111111
1,28.3630722222222,96.9102555555556
1,28.3549944444444,96.9199027777778
1,28.35085,96.9197277777778
1,28.3437972222222,96.9208194444445
1,28.3366027777778,96.9257916666667
1,28.333575,96.9421666666667
1,28.3314444444444,96.9526305555556
1,28.3234694444444,96.9617694444445
1,28.3150833333333,96.9738527777778
1,28.3136527777778,96.9795333333333
1,28.31355,96.9867833333333
1,28.3075416666667,96.9962555555555
1,28.3096833333333,97.0040416666667
1,28.3175305555556,97.02245
1,28.3213333333333,97.0269083333333
1,28.3299472222222,97.0361444444444
1,28.3405111111111,97.0411527777778
1,28.3454138888889,97.0451166666667
1,28.3493638888889,97.051625
1,28.3495916666667,97.0609166666667
1,28.350775,97.0659305555556
1,28.3563444444444,97.0791111111111
1,28.3609166666667,97.0923611111111
1,28.3586694444444,97.0980277777778
1,28.3541555555556,97.1039583333333
1,28.3500527777778,97.1125416666667
1,28.3491194444444,97.1206944444444
1,28.347325,97.1256583333333
1,28.3424888888889,97.1295333333333
1,28.3354055555556,97.1386805555556
1,28.3250027777778,97.1516305555556
1,28.3178638888889,97.1584222222222
1,28.303875,97.1649638888889
1,28.2930833333333,97.1689361111111
1,28.2898722222222,97.1734361111111
1,28.2880972222222,97.1775277777778
1,28.2870972222222,97.182575
1,28.2851388888889,97.1921166666667
1,28.2863277777778,97.2022416666667
1,28.28975,97.2135333333333
1,28.2905777777778,97.22375
1,28.2851027777778,97.2275138888889
1,28.2713888888889,97.2336388888889
1,28.2656916666667,97.2406583333333
1,28.267,97.2538388888889
1,28.2687527777778,97.2675416666667
1,28.2667222222222,97.2814638888889
1,28.2610472222222,97.2919444444444
1,28.2543222222222,97.3056583333333
1,28.2484444444444,97.3069722222222
1,28.2421277777778,97.3123333333333
1,28.2421555555556,97.3213055555556
1,28.2410722222222,97.3266861111111
1,28.2379944444444,97.3330416666667
1,28.2323611111111,97.3409638888889
1,28.2244388888889,97.3505833333333
1,28.2216805555556,97.3641805555555
1,28.21565,97.373825
1,28.2094888888889,97.3804083333333
1,28.2023194444444,97.3888111111111
1,28.1904055555556,97.3996583333333
1,28.1833888888889,97.3995
1,28.1810916666667,97.3912916666667
1,28.1844222222222,97.3862777777778
1,28.1864916666667,97.3813333333333
1,28.1903722222222,97.371125
1,28.1864527777778,97.3626805555556
1,28.1784194444444,97.3583333333333
1,28.1715166666667,97.3509444444444
1,28.1622277777778,97.3403611111111
1,28.1529388888889,97.3298666666667
1,28.1442638888889,97.3261111111111
1,28.138175,97.3237416666667
1,28.1315583333333,97.3257277777778
1,28.1256111111111,97.3306944444444
1,28.1211388888889,97.3339583333333
1,28.1143777777778,97.3390138888889
1,28.1093555555556,97.3379861111111
1,28.0992805555556,97.3261583333333
1,28.0903472222222,97.3158888888889
1,28.0830694444444,97.3091166666667
1,28.0755333333333,97.3070277777778
1,28.0668805555556,97.3066388888889
1,28.0596944444444,97.3106583333333
1,28.0567777777778,97.3177138888889
1,28.0550305555556,97.3305
1,28.0562361111111,97.3441583333333
1,28.0572166666667,97.355575
1,28.0576916666667,97.3648472222222
1,28.0598083333333,97.372325
1,28.0521388888889,97.3727638888889
1,28.0419666666667,97.3667416666667
1,28.0285611111111,97.3758055555555
1,28.0296416666667,97.3809166666667
1,28.0268083333333,97.3884861111111
1,28.0235,97.3972694444444
1,28.0194166666667,97.4042972222222
1,28.0166,97.4102361111111
1,28.0133888888889,97.413825
1,28.0085388888889,97.4126027777778
1,28.0044333333333,97.4102694444445
1,28.0023388888889,97.4008666666667
1,28.0012777777778,97.3898611111111
1,27.9955416666667,97.3874916666667
1,27.9817638888889,97.3813888888889
1,27.9754527777778,97.3766805555556
1,27.9677805555556,97.3768111111111
1,27.95245,97.3770972222222
1,27.9335694444444,97.3741444444444
1,27.9252472222222,97.3811722222222
1,27.9198416666667,97.3861388888889
1,27.9157,97.3861527777778
1,27.9102222222222,97.3795277777778
1,27.9071111111111,97.3770277777778
1,27.901675,97.3782277777778
1,27.8927111111111,97.3859583333333
1,27.8853805555556,97.3874166666667
1,27.8821388888889,97.3768888888889
1,27.8759527777778,97.3697416666667
1,27.8741694444444,97.3632
1,27.8831888888889,97.3419583333333
1,27.882325,97.3340138888889
1,27.8786888888889,97.3196166666667
1,27.8926388888889,97.3213333333333
1,27.9010916666667,97.3224305555556
1,27.9054555555556,97.3206944444444
1,27.9144972222222,97.3132638888889
1,27.9192916666667,97.3072638888889
1,27.9164277777778,97.3002972222222
1,27.9111527777778,97.2866722222222
1,27.9089361111111,97.2793055555556
1,27.8989611111111,97.2550138888889
1,27.8933444444444,97.2457555555556
1,27.8848777777778,97.2397833333333
1,27.8793638888889,97.2353055555556
1,27.8715916666667,97.2249916666667
1,27.8668222222222,97.2190055555556
1,27.8614444444444,97.2109722222222
1,27.8538527777778,97.201075
1,27.8458416666667,97.1941027777778
1,27.8398972222222,97.1879916666667
1,27.8353388888889,97.1854638888889
1,27.8311888888889,97.1803055555556
1,27.8278694444444,97.1729305555556
1,27.8257277777778,97.1662916666667
1,27.8188555555556,97.1673666666667
1,27.8120472222222,97.1588111111111
1,27.8086583333333,97.1507222222222
1,27.8064388888889,97.1427638888889
1,27.8045555555556,97.135825
1,27.79595,97.1324027777778
1,27.79055,97.1263111111111
1,27.7879861111111,97.1227083333333
1,27.7854305555556,97.113325
1,27.78295,97.1009083333333
1,27.7781,97.0968472222222
1,27.7723055555556,97.0985555555555
1,27.7646555555556,97.1031861111111
1,27.7566888888889,97.0995833333333
1,27.746725,97.09645
1,27.7393555555556,97.0947916666667
1,27.7379027777778,97.0897833333333
1,27.741375,97.0807277777778
1,27.7492527777778,97.0659583333333
1,27.7469888888889,97.0604305555555
1,27.7415722222222,97.0549583333333
1,27.7389,97.0464861111111
1,27.7417666666667,97.0357833333333
1,27.7387333333333,97.027
1,27.7302666666667,97.0141666666667
1,27.7249833333333,97.0116305555556
1,27.7151,97.0087222222222
1,27.7050777777778,97.003875
1,27.6910972222222,96.9975333333333
1,27.6751388888889,96.9909638888889
1,27.6653083333333,96.9911944444444
1,27.6605555555556,96.9891805555555
1,27.6614666666667,96.9759166666667
1,27.6638916666667,96.957
1,27.6610583333333,96.9471166666667
1,27.6570888888889,96.9406583333333
1,27.6495694444444,96.9367833333333
1,27.641875,96.9322833333333
1,27.6361416666667,96.9292416666667
1,27.6298138888889,96.9238611111111
1,27.6210555555556,96.9177361111111
1,27.6170861111111,96.9113805555556
1,27.6139166666667,96.8988666666667
1,27.6104416666667,96.895875
1,27.5900444444444,96.8973388888889
1,27.5831888888889,96.8974361111111
1,27.5794416666667,96.9012222222222
1,27.5794361111111,96.9083111111111
1,27.5779388888889,96.9122361111111
1,27.5738777777778,96.9122638888889
1,27.565775,96.9114222222222
1,27.5567416666667,96.912375
1,27.5477055555556,96.91395
1,27.545025,96.9184638888889
1,27.5406388888889,96.9226305555556
1,27.5316555555556,96.9267361111111
1,27.5265388888889,96.9317083333333
1,27.5193583333333,96.9357361111111
1,27.5125277777778,96.9344083333333
1,27.5049805555556,96.9315416666667
1,27.5011444444444,96.9288472222222
1,27.4922916666667,96.9237277777778
1,27.4872166666667,96.9183805555556
1,27.4820583333333,96.9135333333333
1,27.4771194444444,96.9116305555556
1,27.4707527777778,96.9091944444445
1,27.4638083333333,96.9087694444444
1,27.4572222222222,96.9088666666667
1,27.4518972222222,96.9097916666667
1,27.4480305555556,96.9154916666667
1,27.445575,96.9238472222222
1,27.4396055555556,96.9312361111111
1,27.4286444444444,96.9348888888889
1,27.4159611111111,96.9392222222222
1,27.4099111111111,96.9467
1,27.4042666666667,96.9632972222222
1,27.3906944444444,96.9667
1,27.3848277777778,96.9732777777778
1,27.3750916666667,96.9667416666667
1,27.3677444444444,96.9694444444444
1,27.3655111111111,96.9746666666667
1,27.3624666666667,96.9796583333333
1,27.3513277777778,96.9827083333333
1,27.3472138888889,96.9871805555556
1,27.3437583333333,96.9951027777778
1,27.3395111111111,96.9960416666667
1,27.3285722222222,96.9978666666667
1,27.3185222222222,97.0009305555556
1,27.3141972222222,97.0071166666667
1,27.3085916666667,97.0144027777778
1,27.2962694444444,97.037825
1,27.2780972222222,97.0410333333333
1,27.274825,97.0490611111111
1,27.2739333333333,97.0540972222222
1,27.2650694444444,97.0562638888889
1,27.2605,97.0607277777778
1,27.2557333333333,97.0658944444444
1,27.2500638888889,97.0710416666667
1,27.2420166666667,97.0791805555556
1,27.2389305555556,97.0867
1,27.2359722222222,97.0913944444444
1,27.229275,97.0932833333333
1,27.2094472222222,97.0924222222222
1,27.2029666666667,97.09775
1,27.2010555555556,97.1052916666667
1,27.1971416666667,97.1139027777778
1,27.1924888888889,97.11745
1,27.18775,97.1211027777778
1,26.8009666666667,89.4848611111111
1,26.8007194444444,89.4946805555555
1,26.8013888888889,89.5007083333333
1,26.8031972222222,89.5044916666667
1,26.8065722222222,89.5080416666667
1,26.8122111111111,89.5104361111111
1,26.8149055555556,89.5148805555555
1,26.8153666666667,89.515875
1,26.8137944444444,89.5214027777778
1,26.8162638888889,89.5267277777778
1,26.817375,89.5327694444444
1,26.8164722222222,89.5350472222222
1,26.8117055555556,89.5420694444444
1,26.8103305555556,89.5503805555556
1,26.8134277777778,89.5598611111111
1,26.8139277777778,89.5632361111111
1,26.8120972222222,89.56625
1,26.8112027777778,89.5665
1,26.8000972222222,89.5710888888889
1,26.7981583333333,89.5749916666667
1,26.7964583333333,89.5840472222222
1,26.7914388888889,89.598375
1,26.7877805555556,89.6155055555556
1,26.7839055555556,89.6219305555556
1,26.7825472222222,89.6235416666667
1,26.7803166666667,89.6245277777778
1,26.7789305555556,89.6261527777778
1,26.7753,89.6260194444444
1,26.7744027777778,89.6295416666667
1,26.7746027777778,89.6310555555555
1,26.7757444444444,89.6316666666667
1,26.7773277777778,89.6331861111111
1,26.780525,89.6387777777778
1,26.7812722222222,89.6414361111111
1,26.7815888888889,89.6441583333333
1,26.7793194444444,89.6489583333333
1,26.7756944444444,89.6497083333334
1,26.7736583333333,89.6534583333333
1,26.7702472222222,89.6577083333333
1,26.7618833333333,89.6586944444444
1,26.7589611111111,89.6536388888889
1,26.7510444444444,89.651325
1,26.7503833333333,89.650575
1,26.7494694444444,89.6489444444445
1,26.7469888888889,89.6480333333333
1,26.7458444444444,89.6467777777778
1,26.7442361111111,89.6412694444444
1,26.7431666666667,89.6367138888889
1,26.7407027777778,89.6321444444444
1,26.7387527777778,89.6294305555556
1,26.7379805555556,89.62845
1,26.73685,89.6278333333333
1,26.7310222222222,89.6200333333333
1,26.7283111111111,89.6186166666667
1,26.7271861111111,89.6184777777778
1,26.7265,89.6176027777778
1,26.7253777777778,89.6179916666667
1,26.7240166666667,89.6184722222222
1,26.7220027777778,89.624875
1,26.7176333333333,89.6363388888889
1,26.7173916666667,89.6378472222222
1,26.7182666666667,89.6392277777778
1,26.7195444444444,89.6411527777778
1,26.7207805555556,89.6431583333333
1,26.7212222222222,89.6461805555556
1,26.7173416666667,89.6541861111111
1,26.7159722222222,89.6587083333333
1,26.7168611111111,89.66275
1,26.7175388888889,89.6637416666667
1,26.720475,89.6665472222222
1,26.7247861111111,89.6685972222222
1,26.7268,89.6711027777778
1,26.737625,89.6736583333333
1,26.7380833333333,89.6750555555556
1,26.7387583333333,89.6779444444444
1,26.738525,89.6789638888889
1,26.7358055555556,89.6845055555556
1,26.7341694444444,89.6925194444445
1,26.7340444444444,89.6946666666667
1,26.7346055555556,89.6988111111111
1,26.7354916666667,89.7073888888889
1,26.7334333333333,89.7106805555556
1,26.7320777777778,89.7108944444444
1,26.7314055555556,89.7121722222222
1,26.7293361111111,89.7201944444444
1,26.7295583333333,89.7222138888889
1,26.728425,89.7237138888889
1,26.7232111111111,89.7262138888889
1,26.7223083333333,89.72695
1,26.7209388888889,89.7297083333333
1,26.72205,89.7342361111111
1,26.7256388888889,89.7374305555556
1,26.7263277777778,89.740325
1,26.7253888888889,89.7438472222222
1,26.7260694444444,89.7468388888889
1,26.7267583333333,89.7476111111111
1,26.7310166666667,89.7501166666667
1,26.7323888888889,89.7516583333333
1,26.7343916666667,89.7567361111111
1,26.7348305555556,89.7607222222222
1,26.733925,89.7629916666667
1,26.7315416666667,89.76375
1,26.7248833333333,89.7624361111111
1,26.7190138888889,89.7591583333333
1,26.7179111111111,89.7593055555556
1,26.7151722222222,89.7606444444444
1,26.7140444444444,89.7618888888889
1,26.7065472222222,89.7711805555556
1,26.7031333333333,89.7739222222222
1,26.6997333333333,89.7748666666667
1,26.6979305555556,89.7783888888889
1,26.6974583333333,89.7798888888889
1,26.6976833333333,89.7809166666667
1,26.7010694444444,89.7854638888889
1,26.7021416666667,89.7912416666667
1,26.7044,89.7952972222222
1,26.7095972222222,89.7991111111111
1,26.7116111111111,89.8021388888889
1,26.7127166666667,89.805825
1,26.7133777777778,89.8112
1,26.7126555555556,89.8248055555556
1,26.7098944444444,89.8363666666667
1,26.7012027777778,89.8589444444444
1,26.7021388888889,89.8608527777778
1,26.7069805555556,89.8636388888889
1,26.7113861111111,89.8632222222222
1,26.7185861111111,89.8621305555555
1,26.7227611111111,89.8635416666667
1,26.7295888888889,89.8623611111111
1,26.7353583333333,89.8663388888889
1,26.733025,89.8715277777778
1,26.7300861111111,89.8774222222222
1,26.7265361111111,89.8851666666667
1,26.7227388888889,89.8933055555556
1,26.722,89.901375
1,26.7220055555556,89.9102138888889
1,26.7209416666667,89.9247222222222
1,26.7216138888889,89.9354722222222
1,26.7213222222222,89.9437138888889
1,26.7214805555556,89.9513611111111
1,26.7215027777778,89.9616166666667
1,26.7230444444444,89.971125
1,26.7251,89.9884638888889
1,26.7283638888889,89.9981527777778
1,26.7326666666667,90.0058805555555
1,26.7321138888889,90.0100194444445
1,26.7288555555556,90.0234777777778
1,26.7280555555556,90.0376722222222
1,26.7273638888889,90.04895
1,26.7281944444444,90.0543611111111
1,26.72765,90.059
1,26.7304166666667,90.0713055555556
1,26.7334972222222,90.0813888888889
1,26.7358138888889,90.0894777777778
1,26.7380694444444,90.0987833333333
1,26.7433916666667,90.1180611111111
1,26.7473416666667,90.1315472222222
1,26.7531888888889,90.1498194444444
1,26.7587861111111,90.164575
1,26.7633444444444,90.1771388888889
1,26.7688638888889,90.1924083333333
1,26.7800166666667,90.1908388888889
1,26.7854916666667,90.1890138888889
1,26.7967166666667,90.1867416666667
1,26.8023944444444,90.1863111111111
1,26.8080194444444,90.1877833333333
1,26.812675,90.1907
1,26.8255777777778,90.1956305555556
1,26.8313055555556,90.1984166666667
1,26.8418638888889,90.2082416666667
1,26.851975,90.2185833333333
1,26.8565111111111,90.2299583333333
1,26.8562027777778,90.2480833333333
1,26.8552805555556,90.2566666666667
1,26.8536444444444,90.2660611111111
1,26.8503888888889,90.2810333333333
1,26.8467388888889,90.2940972222222
1,27.4393611111111,83.977325
1,27.4373361111111,83.9805
1,27.4360083333333,83.9823388888889
1,27.4392083333333,83.9857277777778
1,27.4414083333333,83.9882138888889
1,27.4424416666667,83.9909305555556
1,27.4432888888889,83.9995138888889
1,27.4418888888889,84.0026722222222
1,27.4397805555556,84.0066527777778
1,27.4380166666667,84.0101166666667
1,27.4366416666667,84.0147916666667
1,27.4355166666667,84.0181527777778
1,27.4337944444444,84.0242416666667
1,27.4346666666667,84.0284777777778
1,27.4365944444444,84.0307777777778
1,27.4386111111111,84.0333611111111
1,27.4411833333333,84.0362555555556
1,27.4427527777778,84.0392555555555
1,27.4436972222222,84.042075
1,27.443375,84.0450138888889
1,27.4426972222222,84.0484638888889
1,27.4416666666667,84.0520194444444
1,27.4430333333333,84.0529083333333
1,27.4458277777778,84.0528611111111
1,27.4483555555556,84.0528194444444
1,27.4499166666667,84.0549166666667
1,27.4510555555556,84.0593527777778
1,27.4519972222222,84.0617638888889
1,27.4535361111111,84.0621444444444
1,27.4566222222222,84.0637138888889
1,27.459775,84.0635555555556
1,27.4626611111111,84.0634083333333
1,27.4660222222222,84.0649722222222
1,27.4689361111111,84.0670472222222
1,27.4722083333333,84.0685138888889
1,27.47555,84.0691666666667
1,27.4793333333333,84.0687
1,27.4805416666667,84.0711027777778
1,27.4818277777778,84.0732138888889
1,27.4842666666667,84.0729638888889
1,27.4845583333333,84.0744722222222
1,27.4839722222222,84.0779222222222
1,27.4836638888889,84.081875
1,27.484625,84.0863111111111
1,27.4865583333333,84.0893111111111
1,27.4893194444444,84.0927138888889
1,27.4916222222222,84.0963194444444
1,27.4932638888889,84.0978111111111
1,27.4968083333333,84.1001805555556
1,27.5054861111111,84.10125
1,27.5086361111111,84.1005972222222
1,27.5123333333333,84.1004305555555
1,27.5150694444444,84.1026166666667
1,27.5175361111111,84.1049083333333
1,27.5197611111111,84.1097277777778
1,27.5193972222222,84.1156944444444
1,27.5173472222222,84.1177555555555
1,27.5157361111111,84.1187972222222
1,27.5134027777778,84.1199444444444
1,27.510725,84.1222138888889
1,27.5092666666667,84.1276027777778
1,27.5103277777778,84.1327416666667
1,27.5127166666667,84.1360472222222
1,27.5152916666667,84.1401527777778
1,27.5168,84.1447833333333
1,27.5174861111111,84.1495277777778
1,27.5170861111111,84.1527777777778
1,27.5145777777778,84.1547361111111
1,27.5107083333333,84.1554083333333
1,27.5090777777778,84.1550194444444
1,27.5072694444444,84.1543527777778
1,27.5055166666667,84.1515416666667
1,27.5026944444444,84.1495611111111
1,27.4997916666667,84.1481944444444
1,27.4950861111111,84.1474583333333
1,27.4922916666667,84.1476027777778
1,27.48925,84.1497777777778
1,27.4850611111111,84.1536805555556
1,27.4824111111111,84.157875
1,27.4804833333333,84.16195
1,27.4818416666667,84.1627361111111
1,27.4801,84.1676166666667
1,27.4759777777778,84.1701166666667
1,27.4733361111111,84.1746027777778
1,27.4719611111111,84.1801944444445
1,27.4695861111111,84.1852833333333
1,27.4685416666667,84.1883333333333
1,27.4685222222222,84.1937916666667
1,27.4687805555556,84.1996583333333
1,27.4669388888889,84.2043472222222
1,27.4659305555556,84.2096111111111
1,27.4623194444444,84.2096722222222
1,27.4579861111111,84.209325
1,27.4541111111111,84.2096944444444
1,27.4506,84.2104583333333
1,27.4478083333333,84.2111027777778
1,27.4467361111111,84.2115333333333
1,27.4445805555556,84.212575
1,27.4412638888889,84.2143388888889
1,27.4380472222222,84.2170194444444
1,27.4375777777778,84.2224861111111
1,27.4383194444444,84.2239916666667
1,27.4441888888889,84.2247083333333
1,27.4469055555556,84.2255833333333
1,27.4481111111111,84.2280888888889
1,27.44925,84.2326305555556
1,27.4496333333333,84.2341388888889
1,27.4502361111111,84.2394861111111
1,27.4500944444444,84.2424166666667
1,27.4498527777778,84.2451527777778
1,27.4493666666667,84.2490055555556
1,27.4481611111111,84.2536722222222
1,27.4452055555556,84.25595
1,27.4427916666667,84.2577
1,27.438375,84.2582694444445
1,27.4350305555556,84.2580194444444
1,27.4330638888889,84.2587555555556
1,27.4310444444444,84.2637361111111
1,27.4308888888889,84.2657638888889
1,27.4274277777778,84.2705611111111
1,27.4235777777778,84.2730472222222
1,27.4172916666667,84.2750611111111
1,27.4128777777778,84.2759305555556
1,27.4075694444444,84.2770194444444
1,27.4036944444444,84.2773805555556
1,27.4027,84.2775
1,27.3998916666667,84.2766305555556
1,27.3951888888889,84.2758888888889
1,27.3928888888889,84.2792555555556
1,27.3913055555556,84.2831166666667
1,27.3878277777778,84.2867083333333
1,27.3843555555556,84.2903055555555
1,27.3830361111111,84.2927416666667
1,27.38505,84.2951444444444
1,27.3882444444444,84.2984222222222
1,27.3897333333333,84.30225
1,27.3886111111111,84.3062083333333
1,27.3881916666667,84.3090416666667
1,27.3849111111111,84.3145472222222
1,27.3809888888889,84.3183472222222
1,27.3795194444444,84.3238194444444
1,27.3779444444444,84.3277833333333
1,27.3760138888889,84.3327555555556
1,27.3738277777778,84.3390611111111
1,27.3736305555556,84.3448194444444
1,27.3721,84.3537361111111
1,27.3729666666667,84.3584777777778
1,27.3717611111111,84.3629361111111
1,27.371175,84.3670972222222
1,27.3713083333333,84.3710277777778
1,27.3726138888889,84.37475
1,27.3736416666667,84.3777777777778
1,27.3731472222222,84.3814166666667
1,27.3717333333333,84.3843666666667
1,27.369975,84.3882277777778
1,27.3676694444444,84.3917972222222
1,27.367175,84.3969638888889
1,27.3677666666667,84.4010888888889
1,27.3675277777778,84.404125
1,27.3673833333333,84.4074638888889
1,27.3676888888889,84.4098944444444
1,27.3682638888889,84.4136166666667
1,27.3689361111111,84.4165472222222
1,27.3696777777778,84.4185555555556
1,27.3696388888889,84.4229027777778
1,27.3687916666667,84.4282694444445
1,27.3678583333333,84.4340333333333
1,27.3670277777778,84.4402138888889
1,27.3649055555556,84.4443805555556
1,27.3619888888889,84.449875
1,27.3614861111111,84.453325
1,27.3613166666667,84.4547416666667
1,27.3613638888889,84.4587777777778
1,27.3585222222222,84.4629638888889
1,27.3554111111111,84.4674444444444
1,27.3530055555556,84.4708111111111
1,27.3527722222222,84.4739444444445
1,27.3548694444444,84.4762416666667
1,27.356975,84.4785333333333
1,27.358,84.4816583333333
1,27.358225,84.4860055555556
1,27.3561277777778,84.4931027777778
1,27.3549861111111,84.4956444444444
1,27.3553083333333,84.5007916666667
1,27.3544555555556,84.5058527777778
1,27.3530694444444,84.5109222222222
1,27.3519388888889,84.5149777777778
1,27.3512638888889,84.519325
1,27.3502388888889,84.5253055555555
1,27.3499388888889,84.531375
1,27.3495444444444,84.5370416666667
1,27.3491722222222,84.5448194444444
1,27.3478055555556,84.5520055555556
1,27.3476888888889,84.5587777777778
1,27.3477527777778,84.5649444444444
1,27.3473333333333,84.5676722222222
1,27.3462722222222,84.5701111111111
1,27.3450694444444,84.5766944444444
1,27.3438277777778,84.5790416666667
1,27.3410972222222,84.5853333333333
1,27.3398888888889,84.5911027777778
1,27.3380833333333,84.5999166666667
1,27.3367777777778,84.6053805555556
1,27.3372666666667,84.6091166666667
1,27.3381194444444,84.6136583333333
1,27.3383361111111,84.6173888888889
1,27.3374666666667,84.6203333333333
1,27.3349777777778,84.6247083333333
1,27.3265611111111,84.6312638888889
1,27.3199166666667,84.6351722222222
1,27.3176833333333,84.6372138888889
1,27.3122138888889,84.641125
1,27.3064694444444,84.6439166666667
1,27.3009888888889,84.6473111111111
1,27.2961444444444,84.6501944444445
1,27.291125,84.653575
1,27.284125,84.6575888888889
1,27.2797111111111,84.6588611111111
1,27.2776555555556,84.6607972222222
1,27.2717388888889,84.6649916666667
1,27.2666194444444,84.6676861111111
1,27.2615916666667,84.6704583333333
1,27.25495,84.674575
1,27.2477666666667,84.6776805555556
1,27.2408416666667,84.6809777777778
1,27.2383361111111,84.6825333333333
1,27.2330361111111,84.6854083333333
1,27.2266527777778,84.6884027777778
1,27.2217916666667,84.6899722222222
1,27.218725,84.6898055555556
1,27.2110444444444,84.6889722222222
1,27.2056222222222,84.6874166666667
1,27.2009888888889,84.6841388888889
1,27.1947666666667,84.6847083333333
1,27.1893444444444,84.6840694444444
1,27.1844722222222,84.6840138888889
1,27.1798694444444,84.6844722222222
1,27.1766111111111,84.6830888888889
1,27.1746111111111,84.6807916666667
1,27.171325,84.6777
1,27.1696888888889,84.6762083333333
1,27.1680833333333,84.6776305555556
1,27.1667333333333,84.6785611111111
1,27.16295,84.6794027777778
1,27.1599722222222,84.6794305555556
1,27.1594527777778,84.6813666666667
1,27.1598416666667,84.6843805555556
1,27.1609444444444,84.6865888888889
1,27.1582444444444,84.6875277777778
1,27.1564222222222,84.6854305555556
1,27.1533638888889,84.6863611111111
1,27.1504611111111,84.6850888888889
1,27.1466611111111,84.6843194444444
1,27.1422305555556,84.6836583333333
1,27.1400777777778,84.6842916666667
1,27.1366277777778,84.6828194444444
1,27.13455,84.6819361111111
1,27.1328222222222,84.6806444444444
1,27.1305583333333,84.67975
1,27.1281277777778,84.6805833333333
1,27.1255083333333,84.6805194444445
1,27.1236916666667,84.6787222222222
1,27.1219638888889,84.6770194444444
1,27.1194388888889,84.67695
1,27.1149166666667,84.6767972222222
1,27.1131388888889,84.6792361111111
1,27.1116833333333,84.6783472222222
1,27.1117444444444,84.6746166666667
1,27.1108222222222,84.6732083333333
1,27.1084805555556,84.6731388888889
1,27.1070527777778,84.6749722222222
1,27.1055305555556,84.6757916666667
1,27.1031,84.6770333333333
1,27.1010277777778,84.6768472222222
1,27.0977583333333,84.6749638888889
1,27.09575,84.6729722222222
1,27.0946666666667,84.6723805555556
1,27.0914888888889,84.6705
1,27.0891416666667,84.6697222222222
1,27.0875027777778,84.6682277777778
1,27.0861305555556,84.6667277777778
1,27.0840277777778,84.6643333333333
1,27.0827305555556,84.6601166666667
1,27.0808972222222,84.6571111111111
1,27.0787222222222,84.6553111111111
1,27.0773555555556,84.6540194444445
1,27.074625,84.6517361111111
1,27.0715277777778,84.6490416666667
1,27.0685444444444,84.6486722222222
1,27.0646527777778,84.6468055555556
1,27.0615055555556,84.6485555555556
1,27.0585361111111,84.6491944444444
1,27.0554527777778,84.6477083333333
1,27.0516666666667,84.6480611111111
1,27.0486694444444,84.6454722222222
1,27.0451416666667,84.6447
1,27.0415388888889,84.6555277777778
1,27.0401194444444,84.6584638888889
1,27.03855,84.6642222222222
1,27.0382111111111,84.6664444444445
1,27.0360833333333,84.6704916666667
1,27.0345722222222,84.673325
1,27.0319944444444,84.6777916666667
1,27.0305166666667,84.6835472222222
1,27.0291222222222,84.6889083333333
1,27.0287166666667,84.6938527777778
1,27.0274111111111,84.7001027777778
1,27.0259111111111,84.7030472222222
1,27.0239527777778,84.7067972222222
1,27.0217222222222,84.7092361111111
1,27.0202111111111,84.7119722222222
1,27.019625,84.7167138888889
1,27.0186638888889,84.72075
1,27.0153277777778,84.7215888888889
1,27.0131888888889,84.7246305555555
1,27.01305,84.7289722222222
1,27.01335,84.7327972222222
1,27.0113194444444,84.7370472222222
1,27.0100027777778,84.7412833333333
1,27.0086666666667,84.744125
1,27.006375,84.7495833333333
1,27.0001333333333,84.7590138888889
1,26.9986222222222,84.76175
1,27.0035138888889,84.7633194444444
1,27.0075,84.7651944444444
1,27.0113027777778,84.7673666666667
1,27.0146777777778,84.7715694444445
1,27.0165194444444,84.776075
1,27.0138388888889,84.7789305555555
1,27.0118888888889,84.7826805555556
1,27.00975,84.7861166666667
1,27.0061666666667,84.7900833333333
1,27.0000416666667,84.79075
1,26.9988694444444,84.7909583333333
1,26.9959805555556,84.7914916666667
1,26.9951138888889,84.7958333333333
1,26.996675,84.7986388888889
1,26.9989,84.8022083333333
1,26.9997861111111,84.8039444444445
1,27.0025972222222,84.8052277777778
1,27.0064111111111,84.8088111111111
1,27.0084277777778,84.8123194444444
1,27.0107027777778,84.8142138888889
1,27.0128666666667,84.8144916666667
1,27.0178361111111,84.8147555555555
1,27.0168638888889,84.8171805555556
1,27.0191722222222,84.8243111111111
1,27.0192888888889,84.8275277777778
1,27.0173388888889,84.8316805555556
1,27.0154722222222,84.8347222222222
1,27.0144888888889,84.8366388888889
1,27.0068888888889,84.8563527777778
1,27.0007361111111,84.8545
1,26.9989666666667,84.8545833333333
1,26.9980305555556,84.854625
1,26.997675,84.8559361111111
1,26.9943222222222,84.8536527777778
1,26.9920777777778,84.854875
1,26.9906388888889,84.8565055555556
1,26.989675,84.8600333333333
1,26.9889805555556,84.8632638888889
1,26.9882805555556,84.8658944444444
1,26.9877611111111,84.8687138888889
1,26.9866972222222,84.8715472222222
1,26.9844805555556,84.8766027777778
1,26.9814611111111,84.8832694444444
1,26.9795194444444,84.8889305555556
1,26.9773833333333,84.8926805555556
1,26.9740666666667,84.8950277777778
1,26.97175,84.8994777777778
1,26.9712555555556,84.9058194444445
1,26.9712944444444,84.9111583333333
1,26.9711611111111,84.9172972222222
1,26.9707527777778,84.92345
1,26.9701805555556,84.9305972222222
1,26.9686861111111,84.9371583333333
1,26.9670138888889,84.9425138888889
1,26.9653222222222,84.94595
1,26.9627583333333,84.9541305555556
1,26.9612777777778,84.9601805555556
1,26.9588694444444,84.9644222222222
1,26.9535777777778,84.9696027777778
1,26.9511555555556,84.9712416666667
1,26.94775,84.9743805555556
1,26.9438,84.9779444444444
1,26.9393888888889,84.9797833333333
1,26.9353166666667,84.9783194444445
1,26.9324055555556,84.9747083333333
1,26.9295916666667,84.9722222222222
1,26.9283222222222,84.9709166666667
1,26.9263277777778,84.970325
1,26.9230722222222,84.96945
1,26.9206416666667,84.9695694444444
1,26.9186555555556,84.9699916666667
1,26.9182277777778,84.9741166666667
1,26.9179083333333,84.9798666666667
1,26.917325,84.9859027777778
1,26.9161944444444,84.9931583333333
1,26.9145,84.9990694444444
1,26.914175,85.0002222222222
1,26.9100444444444,85.0040833333333
1,26.9080611111111,85.0048944444444
1,26.90455,85.005325
1,26.9021944444444,85.0040416666667
1,26.9028916666667,85.0011111111111
1,26.9020555555556,85.0002638888889
1,26.9008527777778,84.9990833333333
1,26.8997777777778,84.999075
1,26.8987027777778,84.9990833333333
1,26.8976527777778,84.999075
1,26.8964083333333,85.0030833333333
1,26.8942666666667,85.0064166666667
1,26.8928416666667,85.0093472222222
1,26.8917083333333,85.0151944444444
1,26.8918333333333,85.0201166666667
1,26.8907805555556,85.0242555555555
1,26.8903444444444,85.0263666666667
1,26.8896527777778,85.0321111111111
1,26.8894305555556,85.0394583333333
1,26.8888472222222,85.0462
1,26.8874444444444,85.05225
1,26.8855666666667,85.0550833333333
1,26.88305,85.0573194444444
1,26.8802583333333,85.0585472222222
1,26.8783472222222,85.0555333333333
1,26.8777805555556,85.051625
1,26.8783694444444,85.0454777777778
1,26.8775333333333,85.0420611111111
1,26.8768027777778,85.04045
1,26.8764305555556,85.0388527777778
1,26.8757055555556,85.03775
1,26.8751555555556,85.0362416666667
1,26.8743333333333,85.0345416666667
1,26.8729583333333,85.0314305555555
1,26.8706888888889,85.0299361111111
1,26.8685111111111,85.0288527777778
1,26.8665277777778,85.0282638888889
1,26.8630888888889,85.0276861111111
1,26.8608333333333,85.0273944444444
1,26.8595638888889,85.0269027777778
1,26.85695,85.026125
1,26.8555972222222,85.0262361111111
1,26.854325,85.0258333333333
1,26.8533444444444,85.0275555555556
1,26.8515722222222,85.0325972222222
1,26.8512333333333,85.0359222222222
1,26.850975,85.0378333333333
1,26.8501888888889,85.0423666666667
1,26.8494833333333,85.0446861111111
1,26.8494111111111,85.0478055555556
1,26.8491694444444,85.0509222222222
1,26.8487444444444,85.05525
1,26.8481444444444,85.0600833333333
1,26.8479805555556,85.0637083333333
1,26.8482638888889,85.0657138888889
1,26.8510694444444,85.0671111111111
1,26.8519,85.0693111111111
1,26.8517361111111,85.0720333333333
1,26.8520277777778,85.0749444444444
1,26.8527666666667,85.0776583333333
1,26.8558277777778,85.0772277777778
1,26.856825,85.0779305555555
1,26.8556722222222,85.0813611111111
1,26.8536972222222,85.0830833333333
1,26.8525444444444,85.0857
1,26.8533638888889,85.0874083333333
1,26.8547361111111,85.0893111111111
1,26.8578138888889,85.0912
1,26.8596027777778,85.0891722222222
1,26.8635583333333,85.085825
1,26.8650166666667,85.0887361111111
1,26.8644055555556,85.0926666666667
1,26.8649694444444,85.0958805555556
1,26.8660722222222,85.0982833333333
1,26.8681555555556,85.1011861111111
1,26.8694444444444,85.104
1,26.8700083333333,85.1089222222222
1,26.870125,85.1132416666667
1,26.8697944444444,85.1169638888889
1,26.869725,85.1207916666667
1,26.8687611111111,85.1254305555555
1,26.8670694444444,85.1295611111111
1,26.8660916666667,85.1328944444444
1,26.8674666666667,85.1364027777778
1,26.8688444444444,85.1397222222222
1,26.8693222222222,85.14525
1,26.8689944444444,85.1504777777778
1,26.8683972222222,85.1569222222222
1,26.8668972222222,85.1633666666667
1,26.867375,85.1670888888889
1,26.8676666666667,85.1718194444444
1,26.8680583333333,85.1769444444444
1,26.8676388888889,85.1817694444445
1,26.8681111111111,85.1866027777778
1,26.8681388888889,85.1915277777778
1,26.8674333333333,85.1941527777778
1,26.8642805555556,85.1949777777778
1,26.8602166666667,85.1944916666667
1,26.8556916666667,85.1927222222222
1,26.85135,85.1922416666667
1,26.8473833333333,85.1924722222222
1,26.8413388888889,85.1926027777778
1,26.8373694444444,85.1928333333333
1,26.8332138888889,85.1923472222222
1,26.8281527777778,85.1902694444444
1,26.8244333333333,85.1872777777778
1,26.8219861111111,85.1846722222222
1,26.8183611111111,85.1819861111111
1,26.8148222222222,85.1791944444444
1,26.8131027777778,85.1777972222222
1,26.8077805555556,85.1786388888889
1,26.8050861111111,85.1807638888889
1,26.8016694444444,85.1828888888889
1,26.7991416666667,85.1829083333333
1,26.7964333333333,85.183125
1,26.7937416666667,85.1865611111111
1,26.7911277777778,85.1874777777778
1,26.7900555555556,85.1895972222222
1,26.7908,85.1932138888889
1,26.7878333333333,85.1948388888889
1,26.7838555555556,85.1942638888889
1,26.7804194444444,85.1930694444444
1,26.7786138888889,85.1927916666667
1,26.7770916666667,85.1936027777778
1,26.7732111111111,85.1957361111111
1,26.7692583333333,85.1987777777778
1,26.7671111111111,85.2004916666667
1,26.7655833333333,85.2023194444444
1,26.7615388888889,85.2053527777778
1,26.8464861111111,90.3051805555556
1,26.8491055555556,90.3153888888889
1,26.8703638888889,90.3446166666667
1,26.8746833333333,90.3494638888889
1,26.8859361111111,90.3531444444444
1,26.8910444444444,90.3564638888889
1,26.8943361111111,90.3588055555555
1,26.8962944444444,90.3677277777778
1,26.8974722222222,90.3838111111111
1,26.8985583333333,90.3946583333333
1,26.89925,90.4034083333333
1,26.9001444444444,90.4133611111111
1,26.8963777777778,90.4257361111111
1,26.8810916666667,90.4446805555555
1,26.8706527777778,90.4575833333333
1,26.8641388888889,90.4671805555556
1,26.8512888888889,90.4866666666667
1,26.8402027777778,90.5041027777778
1,26.8312111111111,90.5175694444444
1,26.8217083333333,90.5322555555556
1,26.8144666666667,90.5422555555556
1,26.8101111111111,90.5522083333333
1,26.8039638888889,90.5571583333333
1,26.7991888888889,90.5632916666667
1,26.7978083333333,90.5671388888889
1,26.7970638888889,90.5716805555555
1,26.7969611111111,90.5764166666667
1,26.7957222222222,90.5840833333333
1,26.7966611111111,90.5923194444444
1,26.7956916666667,90.6048111111111
1,26.794725,90.610125
1,26.7927722222222,90.6208666666667
1,26.7898166666667,90.6335972222222
1,26.784775,90.6403333333333
1,26.7724138888889,90.6523388888889
1,26.7743333333333,90.6601444444445
1,26.7767666666667,90.6657361111111
1,26.7788611111111,90.6730416666667
1,26.7783694444444,90.6826027777778
1,26.7755305555556,90.6855694444444
1,26.769375,90.6967555555556
1,26.7661333333333,90.7030472222222
1,26.7656861111111,90.7154222222222
1,26.7660222222222,90.7201444444444
1,26.7656583333333,90.7261861111111
1,26.7664722222222,90.7321027777778
1,26.7674444444444,90.7371166666667
1,26.7711888888889,90.7401722222222
1,26.7731416666667,90.7441527777778
1,26.7727722222222,90.7497916666667
1,26.7716444444444,90.7655138888889
1,26.7719638888889,90.7752638888889
1,26.7722638888889,90.7898388888889
1,26.7721166666667,90.8052361111111
1,26.7733333333333,90.8212972222222
1,26.7747638888889,90.8398888888889
1,26.7752805555556,90.85145
1,26.7776611111111,90.8737361111111
1,26.7766638888889,90.8999166666667
1,26.780125,90.9299305555556
1,26.7818388888889,90.9576944444444
1,26.7826527777778,90.9637916666667
1,26.7833833333333,90.9788666666667
1,26.7855194444444,90.9903055555556
1,26.78625,90.9989305555555
1,26.7846305555556,91.0061111111111
1,26.7834138888889,91.0166861111111
1,26.7788472222222,91.0337638888889
1,26.7769916666667,91.0443472222222
1,26.7774166666667,91.0568194444444
1,26.7802583333333,91.0603944444444
1,26.7984333333333,91.0784305555556
1,26.8163805555556,91.0919444444444
1,26.8177333333333,91.0994638888889
1,26.8121527777778,91.1086027777778
1,26.810125,91.1197
1,26.8063916666667,91.1325333333333
1,26.806925,91.1468111111111
1,26.8093277777778,91.1831027777778
1,26.8065916666667,91.205075
1,26.8067583333333,91.2199638888889
1,26.8068,91.2395833333333
1,26.8041388888889,91.2517916666667
1,26.8028333333333,91.2649916666667
1,26.7946861111111,91.2794916666667
1,26.7866944444444,91.2921666666667
1,26.7829666666667,91.2976527777778
1,26.7811333333333,91.3125611111111
1,26.7782444444444,91.3300055555556
1,26.7774388888889,91.3388666666667
1,26.7795611111111,91.3437694444444
1,26.7872444444444,91.3621722222222
1,26.7939611111111,91.3752694444444
1,26.7992638888889,91.3821444444444
1,26.8070833333333,91.3872833333333
1,26.8152527777778,91.3924083333333
1,26.8276138888889,91.4005138888889
1,26.8328916666667,91.4046722222222
1,26.8333111111111,91.4109083333333
1,26.825575,91.4229777777778
1,26.8149944444444,91.4391027777778
1,26.8127777777778,91.4440611111111
1,26.8095888888889,91.4500333333333
1,26.8055,91.4570194444444
1,26.7957027777778,91.4702083333333
1,26.789475,91.4806527777778
1,26.7874472222222,91.4951583333333
1,26.7905,91.5133333333333
1,26.7934805555556,91.5333111111111
1,26.7975222222222,91.5625472222222
1,26.8023944444444,91.5930833333333
1,26.8061805555556,91.6026027777778
1,26.8144,91.6144861111111
1,26.8189194444444,91.6261027777778
1,26.81845,91.6346666666667
1,26.8126666666667,91.6558611111111
1,26.8023027777778,91.6815138888889
1,26.8026416666667,91.6894583333333
1,26.8093944444444,91.6994583333333
1,26.8093472222222,91.7043805555556
1,26.8093888888889,91.7064083333333
1,26.8094916666667,91.7117277777778
1,26.8090277777778,91.7211805555556
1,26.8100722222222,91.7291166666667
1,26.8269305555556,91.7612694444444
1,26.83625,91.7770833333333
1,26.8495361111111,91.8041388888889
1,26.8612,91.8196388888889
1,26.8738472222222,91.8340277777778
1,26.90975,91.8556666666667
1,26.9114861111111,91.8599777777778
1,26.9117277777778,91.8684361111111
1,26.9129777777778,91.8802138888889
1,26.9136416666667,91.8856444444444
1,26.9139527777778,91.8910833333333
1,26.9135555555556,91.8994444444445
1,26.9077638888889,91.9114638888889
1,26.9009861111111,91.9255194444444
1,26.89225,91.9441111111111
1,26.8851055555556,91.9560416666667
1,26.8749333333333,91.9619638888889
1,26.8678611111111,91.971875
1,26.8642638888889,91.9748194444444
1,26.8602361111111,91.9805972222222
1,26.8555805555556,91.987575
1,26.8525638888889,91.9961444444444
1,26.8509888888889,92.0052138888889
1,26.8483555555556,92.0189222222222
1,26.84725,92.0310055555556
1,26.8448083333333,92.0474305555556
1,26.8453138888889,92.0570888888889
1,26.8474166666667,92.0628055555555
1,26.8539722222222,92.0728333333333
1,26.8549,92.0784583333333
1,26.8593583333333,92.084375
1,26.8582166666667,92.0908194444444
1,26.8658444444444,92.099325
1,26.8791194444444,92.1005555555555
1,26.88465,92.1038527777778
1,26.8913638888889,92.1100972222222
1,26.8968638888889,92.1097138888889
1,26.9046555555556,92.1108111111111
1,26.9167638888889,92.1155333333333
1,26.9296638888889,92.1190277777778
1,26.9394611111111,92.1167638888889
1,26.9466277777778,92.11395
1,26.9574833333333,92.1194083333333
1,26.9730222222222,92.1152777777778
1,26.975,92.1061583333333
1,26.9802861111111,92.1042083333333
1,27.0050472222222,92.1054027777778
1,27.0068277777778,92.0993805555556
1,27.0143111111111,92.0903194444444
1,27.0179361111111,92.0819583333333
1,27.0301027777778,92.0809222222222
1,27.4403194444444,83.9747833333333
1,27.39895,88.8233055555555
1,27.3976055555556,88.825075
1,27.3956111111111,88.8266805555556
1,27.3939555555556,88.8275333333333
1,27.3923277777778,88.8282
1,27.3896944444444,88.8311861111111
1,27.3869944444444,88.8370138888889
1,27.38475,88.8385333333333
1,27.3840861111111,88.8400555555556
1,27.3811472222222,88.8405472222222
1,27.377075,88.8441027777778
1,27.3764111111111,88.845625
1,27.3759472222222,88.8471444444445
1,27.3761805555556,88.8481527777778
1,27.3773194444444,88.8499222222222
1,27.3791083333333,88.8529777777778
1,27.3809277777778,88.8541111111111
1,27.3818472222222,88.8547416666667
1,27.3845722222222,88.8585194444444
1,27.3850416666667,88.862325
1,27.3841222222222,88.8646166666667
1,27.381875,88.8674027777778
1,27.3807583333333,88.8679166666667
1,27.3789388888889,88.8689222222222
1,27.3780277777778,88.8704361111111
1,27.3665,88.8729777777778
1,27.3656138888889,88.8745055555555
1,27.3626944444444,88.8849027777778
1,27.3614583333333,88.8867277777778
1,27.3559222222222,88.88895
1,27.3450694444444,88.8907694444445
1,27.3367166666667,88.8943055555556
1,27.334675,88.8955611111111
1,27.3321972222222,88.8996305555556
1,27.3313083333333,88.9016666666667
1,27.3326722222222,88.9062222222222
1,27.3283972222222,88.9135472222222
1,27.3292944444444,88.9176111111111
1,27.3284694444444,88.919825
1,27.3245861111111,88.9280055555556
1,27.3204916666667,88.9240694444445
1,27.3169222222222,88.9205055555556
1,27.314625,88.9191444444444
1,27.3076138888889,88.9181305555555
1,27.3042138888889,88.9151027777778
1,27.2999861111111,88.9147777777778
1,27.2987833333333,88.9147277777778
1,27.2965416666667,88.9155
1,27.291325,88.9161527777778
1,27.2818083333333,88.9128805555556
1,27.2806833333333,88.9121111111111
1,27.2770777777778,88.9093472222222
1,27.2755083333333,88.9075694444444
1,27.2732277777778,88.9047972222222
1,27.2734583333333,88.9035138888889
1,27.273225,88.9017416666667
1,27.2713972222222,88.8984777777778
1,27.2673194444444,88.888875
1,27.2643666666667,88.8854722222222
1,27.2611888888889,88.882825
1,27.25915,88.8823194444444
1,27.2573277777778,88.8787694444444
1,27.2604777777778,88.8694222222222
1,27.2595555555556,88.8618333333333
1,27.2599722222222,88.8527138888889
1,27.2590944444444,88.8494361111111
1,27.261325,88.8408472222222
1,27.2606194444444,88.8365333333333
1,27.2588222222222,88.8327638888889
1,27.2583583333333,88.8297277777778
1,27.257,88.8288333333333
1,27.255875,88.8281944444444
1,27.2547138888889,88.8256805555556
1,27.2538,88.8256027777778
1,27.2532444444444,88.8245472222222
1,27.2506277777778,88.8178527777778
1,27.2504222222222,88.815825
1,27.2458472222222,88.8067416666667
1,27.2444888888889,88.8059777777778
1,27.2354416666667,88.8052222222222
1,27.2329583333333,88.8052277777778
1,27.2313694444444,88.80575
1,27.2189444444444,88.8062972222222
1,27.2139861111111,88.804825
1,27.2067361111111,88.8007777777778
1,27.2027527777778,88.7975055555556
1,27.2001555555556,88.7952222222222
1,27.1983361111111,88.79475
1,27.1967555555556,88.7945
1,27.1881861111111,88.7947777777778
1,27.1840916666667,88.79375
1,27.1825055555556,88.7927277777778
1,27.1802472222222,88.79025
1,27.1782083333333,88.7844305555556
1,27.1777444444444,88.7824027777778
1,27.1779666666667,88.7803944444445
1,27.1775611111111,88.7754916666667
1,27.1771638888889,88.7736444444444
1,27.1767944444444,88.7715472222222
1,27.1741416666667,88.7673388888889
1,27.1734444444444,88.7664444444444
1,27.1709166666667,88.7644722222222
1,27.1671666666667,88.7638666666667
1,27.1660444444444,88.7645138888889
1,27.1563555555556,88.7662361111111
1,27.1553888888889,88.7660333333333
1,27.1532777777778,88.7652916666667
1,27.1500888888889,88.7593805555556
1,27.146475,88.7572277777778
1,27.1437194444444,88.7566527777778
1,27.1411944444444,88.7565555555556
1,27.1403972222222,88.7584305555556
1,27.1390416666667,88.7653388888889
1,27.1392444444444,88.7665972222222
1,27.1369388888889,88.7718055555555
1,27.1367916666667,88.7737638888889
1,27.1368555555556,88.7750194444445
1,27.13635,88.7807638888889
1,27.1341194444444,88.7886027777778
1,27.1339027777778,88.7908611111111
1,27.1357416666667,88.8017138888889
1,27.1350916666667,88.8055194444444
1,27.1341972222222,88.8067777777778
1,27.1314888888889,88.8098055555556
1,27.130575,88.810325
1,27.1299166666667,88.811325
1,27.1283277777778,88.812075
1,27.1262916666667,88.8141027777778
1,27.1249416666667,88.8161388888889
1,27.1197666666667,88.824875
1,27.1159333333333,88.8315833333333
1,27.1139055555556,88.8411805555556
1,27.1150777777778,88.8484916666667
1,27.1146166666667,88.8500055555556
1,27.1125833333333,88.8528111111111
1,27.1094444444444,88.8543055555555
1,27.105375,88.8621666666667
1,27.1051472222222,88.8639305555555
1,27.1076444444444,88.8702138888889
1,27.1078694444444,88.8719777777778
1,27.1074444444444,88.8735277777778
1,27.1070083333333,88.8752916666667
1,27.0979583333333,88.8760333333333
1,27.0904972222222,88.8780972222222
1,27.0760305555556,88.8768388888889
1,27.0595888888889,88.8801305555556
1,27.0439305555556,88.8827277777778
1,27.0394027777778,88.8839916666667
1,27.0366972222222,88.884
1,27.0331527777778,88.8827777777778
1,27.0296805555556,88.8807277777778
1,27.0269916666667,88.8799083333333
1,27.0147722222222,88.8773527777778
1,27.0102416666667,88.8765611111111
1,27.0091194444444,88.87575
1,26.9751444444444,88.8764777777778
1,26.9629666666667,88.8773388888889
1,26.9554611111111,88.8778805555555
1,26.9541805555556,88.8785
1,26.9532638888889,88.878875
1,26.9498666666667,88.8801388888889
1,26.9492055555556,88.8839027777778
1,26.9514555555556,88.8850555555556
1,26.9535027777778,88.8864361111111
1,26.9564777777778,88.8914305555556
1,26.9581888888889,88.8935555555556
1,26.9596361111111,88.8943472222222
1,26.9702722222222,88.8970972222222
1,26.9754722222222,88.8989777777778
1,26.9797861111111,88.9070694444444
1,26.9818305555556,88.909325
1,26.9852111111111,88.9113388888889
1,26.9886194444444,88.9148472222222
1,26.9926861111111,88.9165055555556
1,26.9938194444444,88.9219083333333
1,26.9945194444444,88.9241861111111
1,26.993825,88.9249305555556
1,26.9915861111111,88.9274777777778
1,26.9906416666667,88.9278611111111
1,26.9895388888889,88.9282222222222
1,26.9875222222222,88.9317638888889
1,26.9823138888889,88.9353111111111
1,26.9814277777778,88.936825
1,26.9789583333333,88.9421305555556
1,26.9757111111111,88.9516666666667
1,26.97445,88.9537222222222
1,26.9710555555556,88.9547416666667
1,26.9683916666667,88.9575138888889
1,26.9672666666667,88.9577694444444
1,26.9665305555556,88.9587972222222
1,26.9590972222222,88.9608111111111
1,26.9525277777778,88.9605611111111
1,26.9486777777778,88.9560277777778
1,26.9479888888889,88.9525
1,26.9446,88.9462833333333
1,26.9432388888889,88.9452
1,26.9407361111111,88.94495
1,26.9369055555556,88.9464916666667
1,26.9357777777778,88.9482416666667
1,26.9350916666667,88.9490055555556
1,26.9310638888889,88.9549305555556
1,26.9224666666667,88.9674166666667
1,26.9188527777778,88.9762361111111
1,26.9186277777778,88.9777638888889
1,26.9191055555556,88.9895972222222
1,26.9222861111111,88.9991805555556
1,26.9281888888889,89.0105138888889
1,26.929975,89.0135416666667
1,26.932725,89.0205833333333
1,26.9356666666667,89.024375
1,26.9365638888889,89.0247555555556
1,26.93725,89.0256527777778
1,26.9386138888889,89.0299305555556
1,26.9370333333333,89.0315194444444
1,26.9363361111111,89.0324444444444
1,26.9282166666667,89.0362416666667
1,26.9230305555556,89.0450833333333
1,26.9184916666667,89.0508666666667
1,26.9171333333333,89.051375
1,26.9144555555556,89.05325
1,26.9133277777778,89.0533805555555
1,26.9119722222222,89.053375
1,26.9031305555556,89.0512638888889
1,26.9020027777778,89.0513944444444
1,26.9008805555556,89.0544083333333
1,26.90155,89.0569444444444
1,26.9024027777778,89.065625
1,26.9018416666667,89.0713472222222
1,26.9015833333333,89.0725694444444
1,26.8993166666667,89.0773333333333
1,26.8957027777778,89.0907222222222
1,26.8923222222222,89.0952361111111
1,26.8896138888889,89.0965055555556
1,26.8880277777778,89.0967694444444
1,26.8869111111111,89.0982777777778
1,26.8857805555556,89.1000194444444
1,26.8844305555556,89.1001527777778
1,26.8835111111111,89.1001527777778
1,26.8814666666667,89.0997916666667
1,26.8783166666667,89.0963527777778
1,26.87655,89.0949222222222
1,26.8748638888889,89.0937
1,26.8734388888889,89.0926722222222
1,26.8703916666667,89.0924722222222
1,26.8685722222222,89.0952361111111
1,26.8659611111111,89.1030972222222
1,26.8643138888889,89.1053194444444
1,26.8611444444444,89.1066027777778
1,26.860475,89.1075972222222
1,26.8582027777778,89.1089777777778
1,26.8550361111111,89.1085972222222
1,26.8530111111111,89.1065194444444
1,26.8475638888889,89.1050694444444
1,26.8346777777778,89.1068333333333
1,26.831075,89.1136166666667
1,26.8243472222222,89.1156444444444
1,26.8209055555556,89.1173944444444
1,26.81955,89.1206805555556
1,26.8193277777778,89.1221944444444
1,26.8206833333333,89.1259722222222
1,26.8192555555556,89.128
1,26.8173027777778,89.12925
1,26.8109666666667,89.1315277777778
1,26.810275,89.1327555555555
1,26.8075694444444,89.1337777777778
1,26.8064444444444,89.1357972222222
1,26.8062138888889,89.136825
1,26.8059861111111,89.1385833333333
1,26.8075805555556,89.1468805555556
1,26.8100611111111,89.1534361111111
1,26.8166361111111,89.1655138888889
1,26.8188138888889,89.17225
1,26.8198972222222,89.1769305555556
1,26.8198,89.1796388888889
1,26.817325,89.1836527777778
1,26.81595,89.1839166666667
1,26.8125722222222,89.1876722222222
1,26.8075833333333,89.1899444444444
1,26.8068972222222,89.1944722222222
1,26.8077444444444,89.19645
1,26.8088305555556,89.1992416666667
1,26.8116777777778,89.2048194444445
1,26.8161722222222,89.2181805555555
1,26.8188833333333,89.2382916666667
1,26.8191111111111,89.2403194444444
1,26.8186527777778,89.245875
1,26.8148083333333,89.2566944444444
1,26.8150138888889,89.2592277777778
1,26.8152444444444,89.2602277777778
1,26.8184138888889,89.2693194444444
1,26.8220333333333,89.2738472222222
1,26.827475,89.2827361111111
1,26.8290583333333,89.285575
1,26.8299555555556,89.2870333333333
1,26.8326388888889,89.2942638888889
1,26.8367166666667,89.3015888888889
1,26.8383,89.3035888888889
1,26.8417,89.3088666666667
1,26.842825,89.3114083333333
1,26.8468888888889,89.3150694444444
1,26.8478472222222,89.3162777777778
1,26.8492027777778,89.3181527777778
1,26.8504888888889,89.3198111111111
1,26.8511722222222,89.3207361111111
1,26.8518361111111,89.3235055555555
1,26.8516305555556,89.3245194444444
1,26.8477666666667,89.3287916666667
1,26.84265,89.3295555555555
1,26.8385055555556,89.3329444444445
1,26.8413611111111,89.3355138888889
1,26.8443833333333,89.3385416666667
1,26.8470916666667,89.3426388888889
1,26.8518361111111,89.3504777777778
1,26.8529583333333,89.3518388888889
1,26.8570166666667,89.3567694444444
1,26.8617444444444,89.3643527777778
1,26.8636694444444,89.3696388888889
1,26.865125,89.3764444444444
1,26.8646666666667,89.38175
1,26.8605194444444,89.3884638888889
1,26.857875,89.3902972222222
1,26.8569583333333,89.3905555555556
1,26.8565166666667,89.3915555555556
1,26.8529055555556,89.3927222222222
1,26.8402305555556,89.3940555555556
1,26.8393333333333,89.3955611111111
1,26.8391,89.3965472222222
1,26.8393277777778,89.398575
1,26.8390916666667,89.4051305555556
1,26.8388555555556,89.4073888888889
1,26.8397694444444,89.4106805555556
1,26.8395333333333,89.4139305555556
1,26.8370361111111,89.4260055555556
1,26.8345055555556,89.4316583333333
1,26.8340833333333,89.4353388888889
1,26.8345138888889,89.4371111111111
1,26.8349444444444,89.4426388888889
1,26.8342861111111,89.4489305555555
1,26.8331333333333,89.4524638888889
1,26.8322361111111,89.4537138888889
1,26.8299583333333,89.4557277777778
1,26.8286027777778,89.4574916666667
1,26.825225,89.4588388888889
1,26.823175,89.4593472222222
1,26.8225166666667,89.4584638888889
1,26.8213666666667,89.4574638888889
1,26.8127805555556,89.4556722222222
1,26.8121111111111,89.4569305555556
1,26.809175,89.4579166666667
1,26.8078083333333,89.4596805555556
1,26.8068916666667,89.4601944444445
1,26.8046361111111,89.4637138888889
1,26.8030361111111,89.4694861111111
1,27.1151055555556,87.9898388888889
1,27.1193194444444,87.9910611111111
1,27.1250583333333,87.99275
1,27.1289111111111,87.99525
1,27.1341833333333,88.0012555555556
1,27.1398611111111,88.0046111111111
1,27.1457527777778,88.0062
1,27.1537083333333,88.0098888888889
1,27.1566472222222,88.0124083333333
1,27.1605,88.0138888888889
1,27.1607361111111,88.0151666666667
1,27.1614333333333,88.0159083333333
1,27.1716194444444,88.0168055555555
1,27.17635,88.0150138888889
1,27.1777,88.0132083333333
1,27.1833472222222,88.0136583333333
1,27.1885083333333,88.0153611111111
1,27.1923333333333,88.0166027777778
1,27.1971555555556,88.0168194444444
1,27.2068722222222,88.0157694444444
1,27.2149083333333,88.0153888888889
1,27.2172472222222,88.0155472222222
1,27.2197833333333,88.0160833333333
1,27.2234055555556,88.018825
1,27.2303916666667,88.0220194444444
1,27.2315805555556,88.0231861111111
1,27.2378138888889,88.0273194444444
1,27.2386527777778,88.0283111111111
1,27.2461166666667,88.0317555555555
1,27.2671527777778,88.0310472222222
1,27.2789166666667,88.0337361111111
1,27.2840694444444,88.0374916666667
1,27.2880194444444,88.0407222222222
1,27.2921,88.0422222222222
1,27.2991111111111,88.0429166666667
1,27.3102444444444,88.0473472222222
1,27.3132722222222,88.0495194444444
1,27.3202444444444,88.053575
1,27.3252722222222,88.0591305555556
1,27.3268611111111,88.0601666666667
1,27.3363777777778,88.0635472222222
1,27.3403055555556,88.0633666666667
1,27.3415694444444,88.0632416666667
1,27.3449555555556,88.0624722222222
1,27.3517138888889,88.0598611111111
1,27.3556083333333,88.0557083333333
1,27.3599388888889,88.048575
1,27.3622111111111,88.0458805555556
1,27.3658222222222,88.0440472222222
1,27.3715805555556,88.042825
1,27.3812027777778,88.0427638888889
1,27.3970277777778,88.0452694444444
1,27.4054305555556,88.0474777777778
1,27.4092805555556,88.0494444444444
1,27.4129388888889,88.0526111111111
1,27.4153777777778,88.0561388888889
1,27.4188888888889,88.0612777777778
1,27.4209472222222,88.0660611111111
1,27.4241416666667,88.0693333333333
1,27.4270666666667,88.0698111111111
1,27.43135,88.0682361111111
1,27.4414416666667,88.0692972222222
1,27.4492138888889,88.0673472222222
1,27.4530138888889,88.0627361111111
1,27.4609055555556,88.0591111111111
1,27.4623111111111,88.0572361111111
1,27.4648138888889,88.053875
1,27.4661111111111,88.0521583333333
1,27.4689722222222,88.05095
1,27.4703111111111,88.0491388888889
1,27.4791111111111,88.0465277777778
1,27.4913277777778,88.0459027777778
1,27.4940194444444,88.0466527777778
1,27.5008472222222,88.0503944444444
1,27.5033527777778,88.0534083333333
1,27.5044888888889,88.0546583333333
1,27.5097166666667,88.0586583333333
1,27.5154944444444,88.0605055555556
1,27.5208333333333,88.0615888888889
1,27.5251694444444,88.0666444444444
1,27.5297111111111,88.0686166666667
1,27.5324166666667,88.0685972222222
1,27.5339111111111,88.0658194444444
1,27.5355166666667,88.0628111111111
1,27.536225,88.0618333333333
1,27.5380166666667,88.0618194444444
1,27.5421055555556,88.0648111111111
1,27.5475333333333,88.0656722222222
1,27.550975,88.0689361111111
1,27.5518916666667,88.0712222222222
1,27.5560138888889,88.0785277777778
1,27.5566944444444,88.0792638888889
1,27.558275,88.0797638888889
1,27.5592055555556,88.0808888888889
1,27.5601083333333,88.0820333333333
1,27.5680305555556,88.0821027777778
1,27.5714,88.0799027777778
1,27.5777222222222,88.0783333333333
1,27.5852194444444,88.0820472222222
1,27.5884055555556,88.0845611111111
1,27.5947861111111,88.0928805555556
1,27.6009583333333,88.103575
1,27.6019861111111,88.1055277777778
1,27.6055555555556,88.1097638888889
1,27.6103027777778,88.1125138888889
1,27.6119055555556,88.1141527777778
1,27.6163111111111,88.1157638888889
1,27.6365722222222,88.1207638888889
1,27.6429555555556,88.122875
1,27.6452138888889,88.1241388888889
1,27.6504416666667,88.1287638888889
1,27.6516,88.1301722222222
1,27.6528638888889,88.1329361111111
1,27.6557166666667,88.1392833333333
1,27.6636861111111,88.1459222222222
1,27.6650638888889,88.1483333333333
1,27.6671111111111,88.1495833333333
1,27.6752361111111,88.1520138888889
1,27.6838638888889,88.15375
1,27.6919888888889,88.1531583333334
1,27.6978527777778,88.1505833333333
1,27.7023777777778,88.1505472222222
1,27.7162138888889,88.1552555555556
1,27.7286527777778,88.1564166666667
1,27.7339777777778,88.15895
1,27.7402583333333,88.1667416666667
1,27.7432444444444,88.173325
1,27.7477916666667,88.179375
1,27.7604694444444,88.1828333333333
1,27.766625,88.1855694444444
1,27.7722222222222,88.1885972222222
1,27.7764777777778,88.1916861111111
1,27.7771416666667,88.192575
1,27.7795694444444,88.1939777777778
1,27.7865694444444,88.1973527777778
1,27.791575,88.1967972222222
1,27.7954027777778,88.19525
1,27.7973138888889,88.1927
1,27.7984583333333,88.1921722222222
1,27.8003,88.1897138888889
1,27.8009805555556,88.1884861111111
1,27.8052916666667,88.1875472222222
1,27.8113611111111,88.1849444444444
1,27.8131722222222,88.181625
1,27.8138166666667,88.1778194444444
1,27.8146972222222,88.1757777777778
1,27.8176361111111,88.1753611111111
1,27.8189944444444,88.175875
1,27.8235666666667,88.183575
1,27.8297388888889,88.1916666666667
1,27.8327055555556,88.1962083333333
1,27.8365472222222,88.19975
1,27.8406416666667,88.2012361111111
1,27.8487722222222,88.2009083333333
1,27.8494555555556,88.2001305555556
1,27.8545777777778,88.1901944444444
1,27.8557138888889,88.1884027777778
1,27.8566083333333,88.1878888888889
1,27.8603944444444,88.1817555555556
1,27.8621833333333,88.1804777777778
1,27.8636861111111,88.1791666666667
1,27.8644527777778,88.1774027777778
1,27.8646444444444,88.1715416666667
1,27.8644,88.1702777777778
1,27.8666194444444,88.1651944444445
1,27.8671722222222,88.1616527777778
1,27.8690027777778,88.1504444444445
1,27.8681055555556,88.1404083333333
1,27.8715277777778,88.1325611111111
1,27.8742027777778,88.1342222222222
1,27.8798805555556,88.137325
1,27.8838972222222,88.1370555555556
1,27.8892444444444,88.1345138888889
1,27.8930472222222,88.1334166666667
1,27.8944027777778,88.1323805555555
1,27.8955277777778,88.1300972222222
1,27.8967861111111,88.1296166666666
1,27.898225,88.1287972222222
1,27.9000222222222,88.12675
1,27.90355,88.1246944444444
1,27.9051277777778,88.1237777777778
1,27.9101416666667,88.121075
1,27.9137916666667,88.1208388888889
1,27.9155583333333,88.1207694444444
1,27.9237305555556,88.1240055555556
1,27.9323888888889,88.1330833333333
1,27.93625,88.1360972222222
1,27.9378083333333,88.1361666666667
1,27.9434861111111,88.1360416666667
1,27.945925,88.1309222222222
1,27.9481972222222,88.1308944444444
1,27.9539,88.1372138888889
1,27.9595694444444,88.1403472222222
1,27.9609388888889,88.1419861111111
1,27.9614333333333,88.1462972222222
1,27.9557472222222,88.1609027777778
1,27.94625,88.1744305555556
1,27.9426833333333,88.1808111111111
1,27.9422444444444,88.1828611111111
1,27.9415361111111,88.1899305555556
1,27.9416666666667,88.1958388888889
1,27.9441944444444,88.2019305555556
1,27.9450916666667,88.2029222222222
1,27.9484833333333,88.204325
1,27.9559555555556,88.2064361111111
1,27.9584638888889,88.2069027777778
1,27.9634722222222,88.2097916666667
1,27.9641416666667,88.2106805555556
1,27.9657722222222,88.2170055555556
1,27.9639861111111,88.2213194444444
1,27.9633555555556,88.2230277777778
1,27.9624527777778,88.2252083333333
1,27.9620194444444,88.2287555555556
1,27.9624833333333,88.2302972222222
1,27.9652222222222,88.2333333333333
1,27.9659111111111,88.2368666666667
1,27.965225,88.2381666666667
1,27.9638861111111,88.2399583333333
1,27.9521388888889,88.242325
1,27.9505972222222,88.2446111111111
1,27.949475,88.244875
1,27.9485555555556,88.2448805555556
1,27.9465472222222,88.2510333333333
1,27.9481611111111,88.2553388888889
1,27.9543416666667,88.2659638888889
1,27.9545805555556,88.2680055555556
1,27.9546111111111,88.2723472222222
1,27.9563222222222,88.2776583333333
1,27.9564722222222,88.2791861111111
1,27.9585305555556,88.2819638888889
1,27.9592,88.2827277777778
1,27.9623833333333,88.2838527777778
1,27.9635083333333,88.2839722222222
1,27.9653416666667,88.2866444444444
1,27.9669722222222,88.2972083333333
1,27.9660944444444,88.301
1,27.967975,88.3119444444444
1,27.9707166666667,88.3160138888889
1,27.9763972222222,88.3210611111111
1,27.9777611111111,88.323325
1,27.9793666666667,88.3300416666667
1,27.9791416666667,88.3310555555556
1,27.9799638888889,88.3346388888889
1,27.98055,88.3362972222222
1,27.9827972222222,88.3389638888889
1,27.9839472222222,88.3395833333333
1,27.9850694444444,88.3421583333333
1,27.9860444444444,88.3448944444444
1,27.9875361111111,88.3523333333333
1,27.9876861111111,88.3573472222222
1,27.9861972222222,88.3708805555555
1,27.9817388888889,88.3818472222222
1,27.9779416666667,88.3887555555556
1,27.9759166666667,88.3958805555556
1,27.9761527777778,88.3968888888889
1,27.9778,88.4011111111111
1,27.9791722222222,88.4031305555556
1,27.9814277777778,88.4077916666667
1,27.9816611111111,88.4090833333333
1,27.9848222222222,88.4113666666667
1,27.9859805555556,88.4136305555556
1,27.9905222222222,88.4158888888889
1,27.9916527777778,88.4170416666667
1,27.9937027777778,88.4188111111111
1,27.9950638888889,88.4194222222222
1,28.0037111111111,88.4305972222222
1,28.0046138888889,88.4318666666667
1,28.0062083333333,88.4336305555556
1,28.0084888888889,88.4397083333333
1,28.0131111111111,88.4580416666667
1,28.0153,88.4629638888889
1,28.0179166666667,88.4686944444445
1,28.0213111111111,88.4717277777778
1,28.0309583333333,88.4762916666667
1,28.0349194444444,88.4787694444444
1,28.0406888888889,88.4851027777778
1,28.043125,88.4889777777778
1,28.0437055555556,88.4902416666667
1,28.0461944444444,88.4967916666667
1,28.04705,88.5082555555556
1,28.0459055555556,88.5087833333333
1,28.0452472222222,88.5100555555556
1,28.0446027777778,88.5141111111111
1,28.0421444444444,88.5238055555556
1,28.0392194444444,88.5279305555555
1,28.0383083333333,88.5281722222222
1,28.0371805555556,88.52945
1,28.0349555555556,88.5348111111111
1,28.0345138888889,88.538625
1,28.0347527777778,88.5404083333333
1,28.0366111111111,88.545075
1,28.0370305555556,88.5460055555556
1,28.0386194444444,88.5480472222222
1,28.0422583333333,88.5498111111111
1,28.0478222222222,88.5499722222222
1,28.0506472222222,88.55075
1,28.0520055555556,88.5521444444445
1,28.0592638888889,88.5575194444444
1,28.0619583333333,88.558875
1,28.0635444444444,88.5593805555556
1,28.0757666666667,88.5595888888889
1,28.0829833333333,88.561575
1,28.0857111111111,88.5653888888889
1,28.087125,88.5740555555556
1,28.0846611111111,88.577875
1,28.0837638888889,88.5819722222222
1,28.0844388888889,88.5836944444444
1,28.0883305555556,88.5926388888889
1,28.0894666666667,88.5946722222222
1,28.0896972222222,88.5962
1,28.0894805555556,88.5974722222222
1,28.0937916666667,88.6022916666667
1,28.0950777777778,88.6031722222222
1,28.0965555555556,88.6099222222222
1,28.0978333333333,88.6125277777778
1,28.1007333333333,88.6205694444444
1,28.1018472222222,88.6235972222222
1,28.1068638888889,88.6207
1,28.1081,88.6192916666667
1,28.1139527777778,88.6187
1,28.1169138888889,88.6179861111111
1,28.1178111111111,88.6176166666667
1,28.1209833333333,88.6140333333333
1,28.1243611111111,88.6138944444444
1,28.1257194444444,88.6146388888889
1,28.1277805555556,88.6189777777778
1,28.1291527777778,88.6284027777778
1,28.1253333333333,88.6340333333333
1,28.1228638888889,88.6360888888889
1,28.1222,88.6368472222222
1,28.1192666666667,88.638875
1,28.1188083333333,88.6399166666667
1,28.1068611111111,88.6435138888889
1,28.10255,88.6447972222222
1,28.1012944444444,88.6464583333333
1,28.0998916666667,88.6483472222222
1,28.0973,88.6523388888889
1,28.0880333333333,88.6611861111111
1,28.0778333333333,88.6681444444444
1,28.0722722222222,88.6738111111111
1,28.0710277777778,88.6798333333333
1,28.0723916666667,88.6821305555556
1,28.0755694444444,88.6841444444444
1,28.0771805555556,88.6928333333333
1,28.0751666666667,88.7022361111111
1,28.0755694444444,88.7048472222222
1,28.0763444444444,88.7109027777778
1,28.0738972222222,88.7213388888889
1,28.0745833333333,88.7264305555556
1,28.0734916666667,88.736125
1,28.0742111111111,88.747325
1,28.0715305555556,88.7580472222222
1,28.0701638888889,88.7605888888889
1,28.059475,88.7749777777778
1,28.0586305555556,88.776075
1,28.0573472222222,88.7776805555556
1,28.0564305555556,88.7776861111111
1,28.0550861111111,88.7802416666667
1,28.0489972222222,88.7891944444444
1,28.0478555555556,88.7894583333333
1,28.0467222222222,88.7897138888889
1,28.0458333333333,88.7912222222222
1,28.0424666666667,88.7925194444445
1,28.0417805555556,88.7935277777778
1,28.0352777777778,88.8015972222222
1,28.0341333333333,88.8029722222222
1,28.0310138888889,88.8043472222222
1,28.0293583333333,88.8062916666667
1,28.0249416666667,88.8121805555555
1,28.0235083333333,88.8147138888889
1,28.017975,88.8260833333333
1,28.0172222222222,88.8275333333333
1,28.0153055555556,88.8321722222222
1,28.0134083333333,88.8358666666667
1,28.0097861111111,88.8396805555555
1,27.9986555555556,88.8414083333333
1,27.9977388888889,88.8424305555556
1,27.9964527777778,88.8430194444444
1,27.9950972222222,88.8435472222222
1,27.9933083333333,88.8458194444444
1,27.98925,88.8476388888889
1,27.963475,88.8465333333333
1,27.9623583333333,88.8466583333333
1,27.9598555555556,88.8497222222222
1,27.9546694444444,88.8507638888889
1,27.9510333333333,88.8464222222222
1,27.9456055555556,88.8431388888889
1,27.9302361111111,88.8429027777778
1,27.9286583333333,88.8462138888889
1,27.924975,88.8601805555556
1,27.9235166666667,88.8655888888889
1,27.9217111111111,88.8678666666667
1,27.9113055555556,88.8714222222222
1,27.9006833333333,88.876825
1,27.9000694444444,88.8780611111111
1,27.8939305555556,88.8862416666667
1,27.8919111111111,88.8870194444444
1,27.8907861111111,88.88795
1,27.8873027777778,88.8879222222222
1,27.8785638888889,88.8865277777778
1,27.8683916666667,88.8872916666667
1,27.8661222222222,88.8882972222222
1,27.8636472222222,88.8910888888889
1,27.8595861111111,88.8922638888889
1,27.8573138888889,88.8921388888889
1,27.8557444444444,88.8894861111111
1,27.8536972222222,88.888575
1,27.8372083333333,88.8874722222222
1,27.8358555555556,88.8868611111111
1,27.8353916666667,88.8854361111111
1,27.8344944444444,88.8843055555556
1,27.8322194444444,88.8835611111111
1,27.8308777777778,88.8827083333333
1,27.8293194444444,88.8817555555555
1,27.8256388888889,88.8794916666667
1,27.8227805555556,88.8747638888889
1,27.821925,88.8720055555555
1,27.8199888888889,88.8688111111111
1,27.8163666666667,88.8622083333333
1,27.8147583333333,88.8607138888889
1,27.8131916666667,88.8605888888889
1,27.8118388888889,88.8612361111111
1,27.8106972222222,88.8617222222222
1,27.8095777777778,88.8637694444444
1,27.8064,88.8639083333333
1,27.7971222222222,88.8632777777778
1,27.7765583333333,88.8587277777778
1,27.7665888888889,88.859
1,27.7586055555556,88.8607
1,27.7575666666667,88.86095
1,27.7551805555556,88.8622972222222
1,27.7542638888889,88.8633111111111
1,27.7528222222222,88.863875
1,27.751925,88.8648888888889
1,27.7512444444444,88.8658944444444
1,27.747175,88.8677083333333
1,27.7372388888889,88.8687083333333
1,27.7340694444444,88.8674027777778
1,27.7284027777778,88.860625
1,27.7275083333333,88.8601111111111
1,27.7222916666667,88.8578527777778
1,27.7164305555556,88.856825
1,27.7102944444444,88.8475833333333
1,27.7093944444444,88.8451944444444
1,27.7064527777778,88.8449361111111
1,27.7039583333333,88.8456861111111
1,27.7035166666667,88.8467
1,27.7010388888889,88.8474722222222
1,27.6985416666667,88.8518111111111
1,27.6926666666667,88.8517972222222
1,27.6871722222222,88.8504222222222
1,27.6841694444444,88.8507638888889
1,27.6798527777778,88.8512638888889
1,27.6789305555556,88.8515194444444
1,27.6738083333333,88.8529777777778
1,27.6671277777778,88.8528611111111
1,27.6612388888889,88.8493333333333
1,27.6569361111111,88.8446583333333
1,27.6558055555556,88.8430055555555
1,27.6485611111111,88.8384583333333
1,27.6436972222222,88.8322361111111
1,27.6410722222222,88.8285472222222
1,27.6405138888889,88.82695
1,27.6408972222222,88.8217416666667
1,27.6417416666667,88.8194305555556
1,27.6410416666667,88.8169027777778
1,27.6401444444444,88.8161527777778
1,27.6344888888889,88.8133527777778
1,27.6304194444444,88.8126166666667
1,27.6173555555556,88.8144222222222
1,27.6125555555556,88.8146722222222
1,27.601475,88.8116583333333
1,27.5980666666667,88.8081305555556
1,27.5978333333333,88.8071305555555
1,27.5969361111111,88.8066166666667
1,27.5946833333333,88.804075
1,27.5922138888889,88.8007361111111
1,27.5902111111111,88.7989638888889
1,27.5888305555556,88.7979583333333
1,27.5862944444444,88.7946944444444
1,27.5837916666667,88.7934305555556
1,27.5745027777778,88.7917138888889
1,27.5736055555556,88.7909583333333
1,27.5715833333333,88.7884166666667
1,27.5661138888889,88.7743611111111
1,27.5649666666667,88.7734638888889
1,27.563175,88.7732138888889
1,27.5581944444444,88.774
1,27.5577361111111,88.7750333333333
1,27.5427305555556,88.7792222222222
1,27.5358222222222,88.7811805555556
1,27.5349305555556,88.7824361111111
1,27.532225,88.7852222222222
1,27.5308694444444,88.7859777777778
1,27.5277388888889,88.7903111111111
1,27.5272861111111,88.7920833333333
1,27.5275194444444,88.7930888888889
1,27.5272916666667,88.7941305555556
1,27.5243555555556,88.7950138888889
1,27.5232305555556,88.7948805555556
1,27.5227638888889,88.79375
1,27.5190694444444,88.7930611111111
1,27.5173916666667,88.7927083333333
1,27.5133194444444,88.7922083333333
1,27.51185,88.7921583333333
1,27.5097111111111,88.7920611111111
1,27.5046805555556,88.7911944444444
1,27.4947111111111,88.7892416666667
1,27.4927583333333,88.7893527777778
1,27.4919527777778,88.7903055555555
1,27.4906472222222,88.7915472222222
1,27.4858972222222,88.7914222222222
1,27.4809277777778,88.7891527777778
1,27.4714083333333,88.7874222222222
1,27.4659888888889,88.7874361111111
1,27.4537777777778,88.7893527777778
1,27.4522194444444,88.79025
1,27.4506444444444,88.7933055555555
1,27.4495222222222,88.7933055555555
1,27.4483972222222,88.7935611111111
1,27.4452388888889,88.8006722222222
1,27.4348416666667,88.7999305555555
1,27.4310027777778,88.8008388888889
1,27.4290111111111,88.8024444444444
1,27.4253777777778,88.8090611111111
1,27.4235638888889,88.8099722222222
1,27.4124805555556,88.811875
1,27.4034305555556,88.8151861111111
1,27.4025416666667,88.8159638888889
1,27.4014194444444,88.8172222222222
1,26.7589333333333,85.2076805555556
1,26.7568777777778,85.2119166666667
1,26.7565388888889,85.2159444444444
1,26.7575444444444,85.2193472222222
1,26.7591111111111,85.225875
1,26.7599527777778,85.2297916666667
1,26.7614194444444,85.2349083333333
1,26.7614305555556,85.2379222222222
1,26.7601972222222,85.2428472222222
1,26.7593194444444,85.2479777777778
1,26.7570777777778,85.2509083333333
1,26.7559222222222,85.2538333333333
1,26.7542027777778,85.2560416666667
1,26.7540527777778,85.2592638888889
1,26.753075,85.2629916666667
1,26.7525555555556,85.2680194444444
1,26.7518638888889,85.2738472222222
1,26.7516194444444,85.2789777777778
1,26.751375,85.2841027777778
1,26.7508527777778,85.2892361111111
1,26.7501583333333,85.2942638888889
1,26.7506333333333,85.3001861111111
1,26.7506666666667,85.306325
1,26.7487055555556,85.3125694444444
1,26.7472805555556,85.3160833333333
1,26.7462138888889,85.3208194444445
1,26.7448805555556,85.3234361111111
1,26.7432666666667,85.3261583333333
1,26.7414861111111,85.3325972222222
1,26.7398722222222,85.3353194444444
1,26.7432333333333,85.340325
1,26.7465888888889,85.343825
1,26.7508527777778,85.348325
1,26.7554722222222,85.3525277777778
1,26.7598277777778,85.3574361111111
1,26.76155,85.3603388888889
1,26.7615666666667,85.3634583333333
1,26.7562694444444,85.3707138888889
1,26.7590861111111,85.3757277777778
1,26.7625416666667,85.3797361111111
1,26.7698638888889,85.3830194444444
1,26.7730361111111,85.3865194444445
1,26.7731333333333,85.388325
1,26.7736055555556,85.3933472222222
1,26.7756944444444,85.3979638888889
1,26.7791472222222,85.4024777777778
1,26.782125,85.4037777777778
1,26.7877361111111,85.4067638888889
1,26.7893638888889,85.4079638888889
1,26.7893861111111,85.4128888888889
1,26.7884111111111,85.4176166666667
1,26.7867083333333,85.4206444444444
1,26.7846416666667,85.4241666666667
1,26.7854861111111,85.4311027777778
1,26.7876555555556,85.4328055555556
1,26.7876666666667,85.436125
1,26.7840805555556,85.4427694444445
1,26.7807638888889,85.4497222222222
1,26.779425,85.4532416666667
1,26.7800027777778,85.455375
1,26.780525,85.4572555555556
1,26.7829722222222,85.4597638888889
1,26.7846888888889,85.4618666666667
1,26.7856055555556,85.4657916666667
1,26.7865166666667,85.4691027777778
1,26.7878,85.4738194444444
1,26.7888027777778,85.4755194444444
1,26.7915138888889,85.4777277777778
1,26.7960277777778,85.4778111111111
1,26.800725,85.4786944444444
1,26.7980305555556,85.4840333333333
1,26.7966055555556,85.4877638888889
1,26.7951694444444,85.4914861111111
1,26.7952694444444,85.4949027777778
1,26.7993361111111,85.4955888888889
1,26.8025861111111,85.4967833333333
1,26.8069166666667,85.4967694444445
1,26.8111694444444,85.499575
1,26.8139027777778,85.506
1,26.81355,85.5099222222222
1,26.8136666666667,85.5158527777778
1,26.8113305555556,85.5210972222222
1,26.8358611111111,85.5435333333333
1,26.8323694444444,85.5535055555555
1,26.8357138888889,85.5557138888889
1,26.8413083333333,85.5575
1,26.8406027777778,85.5619305555556
1,26.8392638888889,85.5658611111111
1,26.8451305555556,85.5678527777778
1,26.8515416666667,85.5698472222222
1,26.8580583333333,85.5748611111111
1,26.85655,85.5834083333333
1,26.8525833333333,85.5866388888889
1,26.8467222222222,85.5868611111111
1,26.8488083333333,85.5936861111111
1,26.8520861111111,85.601625
1,26.8554333333333,85.6079583333333
1,26.8593222222222,85.6112694444444
1,26.8649361111111,85.6158805555555
1,26.8723527777778,85.6229083333333
1,26.8707611111111,85.6356861111111
1,26.8635416666667,85.6385194444444
1,26.8564194444444,85.6406444444444
1,26.8516416666667,85.642375
1,26.8483222222222,85.6537416666667
1,26.84635,85.6606861111111
1,26.8448222222222,85.6650138888889
1,26.8431388888889,85.6765888888889
1,26.8404388888889,85.6815277777778
1,26.8351333333333,85.6931944444444
1,26.82965,85.704575
1,26.8246083333333,85.7120194444444
1,26.8183027777778,85.720375
1,26.8151527777778,85.7249083333333
1,26.8083916666667,85.7275277777778
1,26.8052305555556,85.7259305555556
1,26.7997305555556,85.72975
1,26.7933277777778,85.7344916666667
1,26.7876472222222,85.7347972222222
1,26.7760027777778,85.7344083333333
1,26.7690444444444,85.7330194444445
1,26.7634472222222,85.7324222222222
1,26.7575805555556,85.7301166666667
1,26.7518888888889,85.7285138888889
1,26.7468416666667,85.7284305555556
1,26.74305,85.7304361111111
1,26.7368305555556,85.7339638888889
1,26.7337527777778,85.7322638888889
1,26.7323083333333,85.7322638888889
1,26.7304194444444,85.7308611111111
1,26.7277,85.7287555555556
1,26.7253583333333,85.7282555555556
1,26.7225555555556,85.7257416666667
1,26.7193944444444,85.7256527777778
1,26.7163277777778,85.7269638888889
1,26.7138055555556,85.7267694444445
1,26.7101833333333,85.7246666666667
1,26.7081111111111,85.7235555555555
1,26.7054027777778,85.7256722222222
1,26.7036,85.7256805555556
1,26.6988138888889,85.7235694444444
1,26.6952888888889,85.7235833333333
1,26.6910527777778,85.7226722222222
1,26.6891555555556,85.7226805555556
1,26.6855416666667,85.7226861111111
1,26.6828416666667,85.7240972222222
1,26.6795,85.7225888888889
1,26.6750777777778,85.7253111111111
1,26.6677722222222,85.7269305555556
1,26.6662444444444,85.73075
1,26.6630916666667,85.7345694444444
1,26.65605,85.7347833333333
1,26.6488305555556,85.7357972222222
1,26.6433305555556,85.740825
1,26.6392833333333,85.7480555555556
1,26.6363138888889,85.7572
1,26.6345194444444,85.7607083333333
1,26.6315444444444,85.7646305555556
1,26.6301916666667,85.7674361111111
1,26.6282166666667,85.7764777777778
1,26.6253527777778,85.7899361111111
1,26.6236444444444,85.8007777777778
1,26.6193194444444,85.8031944444444
1,26.6167944444444,85.8047972222222
1,26.6148083333333,85.8056111111111
1,26.6126361111111,85.8056027777778
1,26.6119166666667,85.8049083333333
1,26.60975,85.8070138888889
1,26.6079527777778,85.8090277777778
1,26.6056055555556,85.811325
1,26.6034444444444,85.8143472222222
1,26.601475,85.8174638888889
1,26.600925,85.822575
1,26.600925,85.8256861111111
1,26.6010222222222,85.8288055555555
1,26.6035444444444,85.8287972222222
1,26.6066194444444,85.8290055555556
1,26.6096,85.8286944444444
1,26.6114916666667,85.8291944444444
1,26.6108611111111,85.8316111111111
1,26.6103194444444,85.8342138888889
1,26.6096055555556,85.8367277777778
1,26.6094305555556,85.8431527777778
1,26.6090694444444,85.8454638888889
1,26.6079,85.8477694444444
1,26.6068166666667,85.8506722222222
1,26.6027527777778,85.8523805555555
1,26.6001416666667,85.8530888888889
1,26.5971611111111,85.8537916666667
1,26.595625,85.8542972222222
1,26.5924666666667,85.8547
1,26.5899444444444,85.8555055555556
1,26.5873222222222,85.8547972222222
1,26.5844333333333,85.8521944444444
1,26.5811777777778,85.8498888888889
1,26.5776555555556,85.847575
1,26.5740472222222,85.846575
1,26.5705277777778,85.846075
1,26.5683611111111,85.8469777777778
1,26.5674583333333,85.8492833333333
1,26.5668361111111,85.8509916666667
1,26.5669194444444,85.8539027777778
1,26.5680083333333,85.8568111111111
1,26.5699944444444,85.859825
1,26.5718888888889,85.8624361111111
1,26.5737,85.8655416666667
1,26.5771305555556,85.8703611111111
1,26.5783055555556,85.8719583333333
1,26.5800277777778,85.8744722222222
1,26.5835472222222,85.8768805555556
1,26.5835444444444,85.8799916666667
1,26.5811111111111,85.8820055555556
1,26.5816555555556,85.8846111111111
1,26.5841805555556,85.8866111111111
1,26.58725,85.8878194444444
1,26.5901416666667,85.8884222222222
1,26.5922222222222,85.8910333333333
1,26.5932138888889,85.8944361111111
1,26.5938444444444,85.8971527777778
1,26.5952,85.8985555555556
1,26.5986277777778,85.8990555555556
1,26.6006222222222,85.9002638888889
1,26.6021527777778,85.9034722222222
1,26.6035111111111,85.9068805555556
1,26.6044138888889,85.909
1,26.6072083333333,85.911
1,26.6077527777778,85.9134083333333
1,26.6088361111111,85.9164222222222
1,26.6097444444444,85.9199444444445
1,26.6105555555556,85.9235472222222
1,26.6119055555556,85.9247555555556
1,26.6138083333333,85.9262555555556
1,26.6146194444444,85.9272694444444
1,26.6128138888889,85.9288666666667
1,26.6126277777778,85.9307777777778
1,26.6152472222222,85.9326944444445
1,26.6154333333333,85.9351944444444
1,26.6129944444444,85.9385055555556
1,26.6129944444444,85.9411166666667
1,26.6140777777778,85.9430194444444
1,26.6166972222222,85.9441305555556
1,26.6194944444444,85.9441305555556
1,26.6216638888889,85.9442277777778
1,26.6230111111111,85.9462361111111
1,26.6242805555556,85.9491527777778
1,26.6258111111111,85.9504638888889
1,26.6287861111111,85.9506583333333
1,26.6320444444444,85.9506666666667
1,26.6360138888889,85.9512694444444
1,26.6397083333333,85.952075
1,26.6427833333333,85.9530833333333
1,26.6450361111111,85.9537833333333
1,26.6481916666667,85.9552833333333
1,26.6503611111111,85.9585972222222
1,26.6522555555556,85.9630194444444
1,26.6537944444444,85.9665416666667
1,26.6565,85.97045
1,26.6579444444444,85.9744722222222
1,26.6572166666667,85.9784916666667
1,26.6554194444444,85.9816027777778
1,26.6547861111111,85.9851111111111
1,26.6543333333333,85.9892361111111
1,26.6539638888889,85.99425
1,26.6550638888889,85.9987694444444
1,26.6554138888889,86.0001805555556
1,26.6553166666667,86.0014777777778
1,26.65505,86.0058055555556
1,26.6545083333333,86.0093194444444
1,26.6545,86.0132277777778
1,26.655675,86.0144444444445
1,26.6588388888889,86.0155472222222
1,26.6602805555556,86.0188611111111
1,26.662175,86.0246861111111
1,26.664875,86.0287138888889
1,26.6650583333333,86.032325
1,26.6646027777778,86.0368472222222
1,26.6631555555556,86.0412638888889
1,26.6618916666667,86.045575
1,26.6603555555556,86.0514027777778
1,26.6589027777778,86.0563194444444
1,26.6578194444444,86.0618333333333
1,26.6575416666667,86.0669583333333
1,26.6574527777778,86.070375
1,26.652575,86.0739861111111
1,26.6487777777778,86.0752777777778
1,26.6479666666667,86.0774916666667
1,26.645975,86.0826111111111
1,26.6426333333333,86.0872222222222
1,26.640375,86.0924361111111
1,26.6388888888889,86.0964444444444
1,26.6356666666667,86.103875
1,26.6342166666667,86.1061805555556
1,26.6316861111111,86.1122
1,26.6296972222222,86.1179222222222
1,26.6281555555556,86.1226305555555
1,26.6266166666667,86.1255416666667
1,26.6264305555556,86.1329638888889
1,26.6270555555556,86.1378888888889
1,26.6254305555556,86.1405
1,26.6201055555556,86.1411805555556
1,26.6145972222222,86.1389638888889
1,26.6068416666667,86.1379444444445
1,26.602775,86.14075
1,26.6027666666667,86.1420472222222
1,26.6048444444444,86.1452694444445
1,26.6070027777778,86.1485833333333
1,26.6080833333333,86.1533055555556
1,26.6103277777778,86.1581305555556
1,26.6120416666667,86.1608472222222
1,26.6126694444444,86.1641527777778
1,26.6123972222222,86.1674722222222
1,26.6150055555556,86.1727972222222
1,26.6162666666667,86.1749083333333
1,26.6123777777778,86.1768055555556
1,26.6121027777778,86.1806166666667
1,26.6128222222222,86.1822222222222
1,26.6128166666667,86.1886527777778
1,26.613075,86.1930611111111
1,26.6119888888889,86.1954722222222
1,26.6094638888889,86.1946583333333
1,26.6063916666667,86.1969638888889
1,26.6042222222222,86.1976583333333
1,26.5994444444444,86.1981444444444
1,26.5953777777778,86.1970416666667
1,26.5929361111111,86.1996388888889
1,26.5941972222222,86.2047555555556
1,26.5938277777778,86.2064638888889
1,26.5921972222222,86.2102777777778
1,26.5908361111111,86.2143888888889
1,26.5893027777778,86.2163888888889
1,26.5882972222222,86.2202
1,26.5885638888889,86.2254166666667
1,26.588375,86.2293333333333
1,26.588725,86.2323388888889
1,26.5889916666667,86.2350555555556
1,26.5898027777778,86.2360611111111
1,26.5931472222222,86.2355694444444
1,26.5959444444444,86.2355833333333
1,26.5977444444444,86.2379916666667
1,26.6008944444444,86.2426166666667
1,26.6026083333333,86.2439305555556
1,26.6055833333333,86.2458388888889
1,26.6083694444444,86.2485694444444
1,26.6117916666667,86.255
1,26.6126833333333,86.2594166666667
1,26.6138416666667,86.2645416666667
1,26.6149083333333,86.2716722222222
1,26.6147222222222,86.2774916666667
1,26.6136277777778,86.2818055555556
1,26.6119861111111,86.2887277777778
1,26.611425,86.2950472222222
1,26.6138555555556,86.2997777777778
1,26.617,86.3055
1,26.6182527777778,86.3094222222222
1,26.6177916666667,86.3152416666667
1,26.6176888888889,86.3205611111111
1,26.6172166666667,86.3279861111111
1,26.6163861111111,86.3351166666667
1,26.6150027777778,86.3441444444444
1,26.6122083333333,86.3437361111111
1,26.6085111111111,86.3424083333333
1,26.6043638888889,86.3416944444444
1,26.6039944444444,86.3437
1,26.6038888888889,86.3515277777778
1,26.602875,86.3574444444444
1,26.6006805555556,86.3655694444444
1,26.5981388888889,86.3739861111111
1,26.5964027777778,86.3787972222222
1,26.5951277777778,86.3849166666667
1,26.5931055555556,86.3949444444444
1,26.5907138888889,86.396625
1,26.58985,86.3972361111111
1,26.5839833333333,86.3968111111111
1,26.5824388888889,86.4007138888889
1,26.5806166666667,86.4059222222222
1,26.5787055555556,86.4123472222222
1,26.5764277777778,86.4190472222222
1,26.5736944444444,86.4262638888889
1,26.5715916666667,86.4342833333333
1,26.5702111111111,86.4421027777778
1,26.5688416666667,86.4468111111111
1,26.56765,86.4535333333333
1,26.5654638888889,86.4588388888889
1,26.5612916666667,86.4651388888889
1,26.5579333333333,86.4700333333333
1,26.5545722222222,86.4758388888889
1,26.5518444444444,86.4808388888889
1,26.5483027777778,86.4869444444444
1,26.5439388888889,86.4943472222222
1,26.5406722222222,86.4995416666667
1,26.5388416666667,86.5055555555556
1,26.5388194444444,86.5137777777778
1,26.5413194444444,86.5202138888889
1,26.5420222222222,86.5248333333333
1,26.5410027777778,86.5321527777778
1,26.5398083333333,86.5368527777778
1,26.5341833333333,86.5438472222222
1,26.5290166666667,86.5494361111111
1,26.52585,86.5514222222222
1,26.5201611111111,86.5523944444444
1,26.5139194444444,86.5544583333333
1,26.5104805555556,86.5574583333333
1,26.5042277777778,86.5633388888889
1,26.4986083333333,86.5680138888889
1,26.4963416666667,86.5715138888889
1,26.4950527777778,86.5772222222222
1,26.49275,86.5873333333333
1,26.4905555555556,86.5938388888889
1,26.4876361111111,86.6020416666667
1,26.4859694444444,86.6095555555555
1,26.4864111111111,86.6126583333333
1,26.4844944444444,86.6165611111111
1,26.4807833333333,86.61975
1,26.4785972222222,86.6233472222222
1,26.4765944444444,86.6266388888889
1,26.4722638888889,86.6275138888889
1,26.4697361111111,86.6280055555555
1,26.4670138888889,86.6303888888889
1,26.4652805555556,86.6339861111111
1,26.463175,86.6403944444445
1,26.4614305555556,86.6462
1,26.4598694444444,86.6522972222222
1,26.4581277777778,86.6585
1,26.4569305555556,86.6635055555556
1,26.4521472222222,86.6810138888889
1,26.4503027777778,86.6885277777778
1,26.4494805555556,86.6914166666667
1,26.4477361111111,86.6958194444445
1,26.44395,86.6956944444444
1,26.4404166666667,86.6974722222222
1,26.4371527777778,86.7013611111111
1,26.435225,86.7066666666667
1,26.4345694444444,86.7122694444444
1,26.4335416666667,86.7186722222222
1,26.4312666666667,86.7220611111111
1,26.4296694444444,86.7234583333333
1,26.4263694444444,86.7263388888889
1,26.4241944444444,86.7283333333333
1,26.4233722222222,86.7305277777778
1,26.4229,86.7336305555556
1,26.4262055555556,86.7399722222222
1,26.4308666666667,86.7456111111111
1,26.4341111111111,86.7469361111111
1,26.4371666666667,86.7496722222222
1,26.4405722222222,86.7529083333333
1,26.445175,86.7538333333333
1,26.4450722222222,86.7566444444444
1,26.4448555555556,86.7615555555556
1,26.4482777777778,86.7631861111111
1,26.4529611111111,86.764625
1,26.4562027777778,86.7670472222222
1,26.4568055555556,86.7713666666667
1,26.4547888888889,86.7768611111111
1,26.4530638888889,86.7800611111111
1,26.4508638888889,86.78425
1,26.4488555555556,86.7888472222222
1,26.4465694444444,86.7937361111111
1,26.445,86.8008472222222
1,26.4427916666667,86.8071444444444
1,26.4402111111111,86.8165416666667
1,26.4389166666667,86.8218472222222
1,26.43815,86.8290555555556
1,26.4382027777778,86.835375
1,26.4383472222222,86.8413805555555
1,26.4398611111111,86.8439027777778
1,26.4437222222222,86.8473472222222
1,26.4462333333333,86.8497694444444
1,26.4467527777778,86.8537916666667
1,26.4488083333333,86.8566111111111
1,26.4513194444444,86.8593333333333
1,26.4538361111111,86.8603611111111
1,26.4539055555556,86.8646722222222
1,26.4527916666667,86.869375
1,26.4539527777778,86.8713888888889
1,26.4553777777778,86.8744027777778
1,26.4566888888889,86.8807361111111
1,26.4575888888889,86.8817416666667
1,26.4590055555556,86.8858611111111
1,26.4591611111111,86.8897777777778
1,26.4600277777778,86.8952972222222
1,26.4621944444444,86.8948194444445
1,26.4678777777778,86.8946583333333
1,26.4732166666667,86.8932138888889
1,26.4794527777778,86.8912555555556
1,26.4852083333333,86.8949083333333
1,26.4861305555556,86.9045472222222
1,26.4869555555556,86.9304305555556
1,26.4959777777778,86.93
1,26.5021166666667,86.9308611111111
1,26.510225,86.9316388888889
1,26.5141944444444,86.9327777777778
1,26.5145138888889,86.939
1,26.5157305555556,86.945325
1,26.5179583333333,86.9496583333333
1,26.5183694444444,86.955575
1,26.5204861111111,86.9622138888889
1,26.5198222222222,86.9666305555556
1,26.5178583333333,86.9763472222222
1,26.5264583333333,86.9851444444444
1,26.5257361111111,86.9982277777778
1,26.5322027777778,87.0145
1,26.5354361111111,87.0172361111111
1,26.5473666666667,87.0259722222222
1,26.55975,87.036375
1,26.5632416666667,87.039375
1,26.5715027777778,87.044575
1,26.5856777777778,87.0442222222222
1,26.584925,87.0709027777778
1,26.5757111111111,87.0733194444445
1,26.5581138888889,87.0722361111111
1,26.5398805555556,87.07345
1,26.5355166666667,87.0769166666667
1,26.5197861111111,87.0807694444444
1,26.5130111111111,87.0819083333333
1,26.5038055555556,87.0820055555556
1,26.4695583333333,87.0874777777778
1,26.4505777777778,87.0909861111111
1,26.4323527777778,87.1133527777778
1,26.4210333333333,87.1287555555555
1,26.4159111111111,87.1373333333333
1,26.4120722222222,87.1435055555556
1,26.4073138888889,87.1507638888889
1,26.4042055555556,87.1560416666667
1,26.4027083333333,87.1623388888889
1,26.4023916666667,87.1680416666667
1,26.4025861111111,87.1766666666667
1,26.4031111111111,87.1893888888889
1,26.4089944444444,87.1868527777778
1,26.4125222222222,87.1861861111111
1,26.4114944444444,87.2113333333333
1,26.4096972222222,87.2105138888889
1,26.4066138888889,87.211875
1,26.4027833333333,87.2166444444444
1,26.4044666666667,87.220875
1,26.4075916666667,87.2242138888889
1,26.4122416666667,87.2291805555556
1,26.4122111111111,87.2319916666667
1,26.4131527777778,87.2385055555555
1,26.4130888888889,87.244825
1,26.4119944444444,87.2470194444444
1,26.4110583333333,87.2505055555556
1,26.4106527777778,87.2557138888889
1,26.4089861111111,87.2604083333333
1,26.4065972222222,87.2640888888889
1,26.4008111111111,87.2656166666667
1,26.3957527777778,87.2662638888889
1,26.3867416666667,87.2646527777778
1,26.383125,87.2649166666667
1,26.3722055555556,87.2652833333333
1,26.3723361111111,87.2703944444444
1,26.3725611111111,87.2763055555556
1,26.372475,87.2854166666667
1,26.3728972222222,87.2890333333333
1,26.3650138888889,87.3016583333333
1,26.3703277777778,87.3121444444444
1,26.3622527777778,87.3170472222222
1,26.3583055555556,87.3246166666667
1,26.3566388888889,87.3284027777778
1,26.3467805555556,87.3396944444444
1,26.3525638888889,87.3484777777778
1,26.3589805555556,87.3567833333333
1,26.3710166666667,87.3531166666667
1,26.3840027777778,87.3542833333333
1,26.391625,87.3593944444444
1,26.4014194444444,87.363625
1,26.4058833333333,87.3686861111111
1,26.4066166666667,87.3768111111111
1,26.4171555555556,87.3872694444445
1,26.4184111111111,87.3975138888889
1,26.4199083333333,87.4096527777778
1,26.4194611111111,87.4272916666667
1,26.4232,87.4320472222222
1,26.4311277777778,87.4425833333333
1,26.4333027777778,87.4501305555556
1,26.4360277777778,87.4572833333333
1,26.4381472222222,87.4614083333333
1,26.4382194444444,87.4714444444445
1,26.4382527777778,87.4770472222222
1,26.4353777777778,87.4923527777778
1,26.4288055555556,87.5164083333333
1,26.4198444444444,87.5353333333333
1,26.4170861111111,87.5482138888889
1,26.4035777777778,87.5538388888889
1,26.3942361111111,87.5747416666667
1,26.3923055555556,87.5852361111111
1,26.3809,87.588875
1,26.3795083333333,87.6078944444444
1,26.3892861111111,87.6127416666667
1,26.3904888888889,87.6176722222222
1,26.3919083333333,87.6276166666667
1,26.3914722222222,87.6440555555556
1,26.3912722222222,87.6513527777778
1,26.4040972222222,87.6500472222222
1,26.4146944444444,87.6771583333333
1,26.4214583333333,87.6777694444445
1,26.434,87.6776583333333
1,26.4340916666667,87.6925888888889
1,26.4272527777778,87.6988944444444
1,26.4258,87.7139166666667
1,26.4224305555556,87.7162638888889
1,26.4153388888889,87.7208666666667
1,26.4104444444444,87.7230972222222
1,26.4085722222222,87.7281722222222
1,26.4060611111111,87.7341444444444
1,26.4092944444444,87.7355972222222
1,26.4145111111111,87.7366861111111
1,26.4171944444444,87.7388333333333
1,26.417375,87.7461444444444
1,26.4162583333333,87.7485416666667
1,26.4102805555556,87.7505472222222
1,26.4063777777778,87.7525888888889
1,26.4068638888889,87.7569083333333
1,26.4074805555556,87.7651305555556
1,26.4088055555556,87.7671583333333
1,26.4143305555556,87.7658472222222
1,26.4169861111111,87.77
1,26.4202638888889,87.7744583333333
1,26.4255777777778,87.7748527777778
1,26.4288972222222,87.7770055555555
1,26.4329333333333,87.7785694444444
1,26.4367305555556,87.7779361111111
1,26.440975,87.7774027777778
1,26.4441416666667,87.7769583333333
1,26.4468611111111,87.7758944444444
1,26.4499388888889,87.7755416666667
1,26.4514444444444,87.777575
1,26.4536472222222,87.7815194444444
1,26.4563611111111,87.7810611111111
1,26.4581444444444,87.7828888888889
1,26.4591583333333,87.787825
1,26.4613861111111,87.7905694444444
1,26.4662944444444,87.7877416666667
1,26.4668416666667,87.7943666666667
1,26.4626472222222,87.8042277777778
1,26.4586333333333,87.8145888888889
1,26.4520166666667,87.824
1,26.4482472222222,87.8295555555555
1,26.4387916666667,87.8280833333333
1,26.4362305555556,87.8380694444444
1,26.4340972222222,87.8490555555556
1,26.4382222222222,87.8507277777778
1,26.4423722222222,87.8512972222222
1,26.4440694444444,87.8519305555556
1,26.4445083333333,87.8532416666667
1,26.4449194444444,87.8562555555555
1,26.4456805555556,87.8597777777778
1,26.4466555555556,87.8615
1,26.4478138888889,87.8623194444444
1,26.4505083333333,87.863375
1,26.4517972222222,87.8613888888889
1,26.453175,87.8595138888889
1,26.4546194444444,87.8595333333333
1,26.4573166666667,87.8602777777778
1,26.4585916666667,87.8592
1,26.4613972222222,87.8587416666667
1,26.4620055555556,87.8601527777778
1,26.4626833333333,87.8634777777778
1,26.4638472222222,87.8645972222222
1,26.4663833333333,87.8637416666667
1,26.4685583333333,87.8697972222222
1,26.474475,87.8857416666667
1,26.4846194444444,87.8899222222222
1,26.4756361111111,87.9004027777778
1,26.4696333333333,87.9038055555556
1,26.4569222222222,87.9099027777778
1,26.4473194444444,87.8992083333333
1,26.4461472222222,87.9124166666667
1,26.4458805555556,87.9185277777778
1,26.4454666666667,87.9229222222222
1,26.4443444444444,87.9253194444444
1,26.4420888888889,87.9257777777778
1,26.438675,87.9243194444444
1,26.4351055555556,87.9215416666667
1,26.4333555555556,87.9177083333333
1,26.4315694444444,87.9162777777778
1,26.4300083333333,87.9183472222222
1,26.4289777777778,87.9212361111111
1,26.4278444444444,87.9244222222222
1,26.4270277777778,87.9251111111111
1,26.421875,87.9255277777778
1,26.4186194444444,87.9263666666667
1,26.4169777777778,87.9279444444444
1,26.4160388888889,87.9306305555556
1,26.4164527777778,87.93325
1,26.4038916666667,87.9539638888889
1,26.3963277777778,87.9659583333333
1,26.3949055555556,87.9706444444444
1,26.3947694444444,87.97425
1,26.3940972222222,87.9769444444444
1,26.393225,87.9811388888889
1,26.392275,87.9848194444444
1,26.3918694444444,87.9877277777778
1,26.3913111111111,87.9893111111111
1,26.3915444444444,87.9918194444444
1,26.3888388888889,87.991375
1,26.3857722222222,87.9914222222222
1,26.3821555555556,87.9918611111111
1,26.3793611111111,87.9922083333333
1,26.3754,87.9915416666667
1,26.3721472222222,87.991875
1,26.3710777777778,87.9909583333333
1,26.3679777777778,87.9928055555555
1,26.3657111111111,87.9940611111111
1,26.3641388888889,87.9964444444444
1,26.3612388888889,87.9978472222222
1,26.3535,88.0087638888889
1,26.3512805555556,88.0185416666667
1,26.3539166666667,88.0297138888889
1,26.3621944444444,88.0316583333333
1,26.3684222222222,88.0312833333333
1,26.375725,88.0319166666667
1,26.3833055555556,88.0380611111111
1,26.3886638888889,88.0477833333333
1,26.3970527777778,88.0598611111111
1,26.4115361111111,88.0752638888889
1,26.4208555555556,88.0855694444444
1,26.4329527777778,88.0969166666667
1,26.4446138888889,88.1019583333333
1,26.449525,88.0992361111111
1,26.4521083333333,88.0952833333333
1,26.4582277777778,88.1024166666667
1,26.4639277777778,88.1073388888889
1,26.4692777777778,88.1049361111111
1,26.4731944444444,88.103
1,26.4805305555556,88.10695
1,26.4881194444444,88.106
1,26.4955638888889,88.1029305555555
1,26.5003972222222,88.0999083333333
1,26.5070888888889,88.0982361111111
1,26.5148416666667,88.1047972222222
1,26.5238222222222,88.1074861111111
1,26.5314583333333,88.1038194444444
1,26.5353583333333,88.1084083333333
1,26.5373277777778,88.1107638888889
1,26.5422027777778,88.1101305555556
1,26.5462916666667,88.1089638888889
1,26.5476277777778,88.1077
1,26.5492,88.1051666666667
1,26.5537222222222,88.1051305555555
1,26.5562277777778,88.108375
1,26.5575472222222,88.1129777777778
1,26.5630138888889,88.1118805555556
1,26.5639472222222,88.1117
1,26.5673361111111,88.113075
1,26.5701027777778,88.1198388888889
1,26.5721833333333,88.12195
1,26.5730944444444,88.123825
1,26.5711,88.129875
1,26.5724583333333,88.1311166666667
1,26.5790388888889,88.1323333333333
1,26.582425,88.1337777777778
1,26.5894333333333,88.1337277777778
1,26.5905527777778,88.1330972222222
1,26.5941694444444,88.1316944444444
1,26.5953111111111,88.1302777777778
1,26.6009388888889,88.1306111111111
1,26.6027611111111,88.1316166666667
1,26.6075416666667,88.1378611111111
1,26.6098222222222,88.1388666666667
1,26.6152027777778,88.1389444444445
1,26.6197222222222,88.1384916666667
1,26.6206222222222,88.139
1,26.6243972222222,88.14275
1,26.628225,88.1505138888889
1,26.6286972222222,88.1522638888889
1,26.6341611111111,88.1582555555556
1,26.6395972222222,88.1604861111111
1,26.6468416666667,88.1614222222222
1,26.6477444444444,88.1625333333333
1,26.6484416666667,88.1632972222222
1,26.6523027777778,88.1638805555556
1,26.6645138888889,88.1657972222222
1,26.6721833333333,88.1655611111111
1,26.6742277777778,88.1650194444445
1,26.6794416666667,88.1651666666667
1,26.6962305555556,88.1733333333333
1,26.699,88.1757416666667
1,26.7035,88.17895
1,26.7166611111111,88.1852638888889
1,26.72775,88.1874166666667
1,26.7392944444444,88.1878388888889
1,26.7419527777778,88.1873527777778
1,26.7664388888889,88.1865972222222
1,26.7758305555556,88.1839166666667
1,26.7829,88.1824444444444
1,26.7955666666667,88.1833472222222
1,26.8097805555556,88.1802
1,26.8131583333333,88.1766444444444
1,26.8154027777778,88.1760194444444
1,26.8273861111111,88.1745416666667
1,26.8298583333333,88.1732361111111
1,26.8320777777778,88.1697138888889
1,26.8368138888889,88.1674027777778
1,26.8402194444444,88.1676305555556
1,26.8422694444444,88.168375
1,26.8459,88.1713388888889
1,26.8463361111111,88.1723611111111
1,26.8502166666667,88.1743527777778
1,26.8584194444444,88.1752277777778
1,26.859475,88.1750138888889
1,26.8608277777778,88.1743666666667
1,26.8646472222222,88.1722083333333
1,26.8664555555556,88.1709444444444
1,26.8734222222222,88.1626944444445
1,26.875425,88.1597555555556
1,26.8765666666667,88.1595138888889
1,26.8772305555556,88.1587638888889
1,26.8808,88.1536583333333
1,26.8829472222222,88.148625
1,26.8842222222222,88.1468527777778
1,26.8859444444444,88.1446861111111
1,26.8872944444444,88.1435555555556
1,26.8938472222222,88.1412138888889
1,26.8969944444444,88.1416944444445
1,26.9261805555556,88.1427138888889
1,26.9324666666667,88.1391388888889
1,26.9351694444444,88.1373333333333
1,26.9359611111111,88.1360694444444
1,26.9374111111111,88.1340833333333
1,26.9414388888889,88.1284583333333
1,26.9427583333333,88.1238888888889
1,26.9459166666667,88.1219916666667
1,26.94975,88.121825
1,26.957,88.1237694444444
1,26.9579305555556,88.1246583333333
1,26.9635277777778,88.1272222222222
1,26.9654638888889,88.128
1,26.9740166666667,88.1316944444444
1,26.9792222222222,88.1336722222222
1,26.9842,88.1334027777778
1,26.986,88.1306111111111
1,26.9864527777778,88.1237416666667
1,26.9852611111111,88.1184222222222
1,26.9862833333333,88.1144166666667
1,26.98985,88.1090277777778
1,26.9910388888889,88.1073472222222
1,26.9927388888889,88.1050555555556
1,26.9935388888889,88.1040972222222
1,26.9984527777778,88.1012361111111
1,26.9991111111111,88.0997138888889
1,27.0033638888889,88.0951444444444
1,27.00475,88.0925694444445
1,27.0053777777778,88.0915611111111
1,27.0100972222222,88.0892638888889
1,27.01055,88.0882361111111
1,27.0139194444444,88.0874583333333
1,27.0319972222222,88.0844027777778
1,27.0331166666667,88.0840333333333
1,27.0340305555556,88.083
1,27.0342388888889,88.0799722222222
1,27.0340027777778,88.0789722222222
1,27.0310027777778,88.0749444444444
1,27.031225,88.0736944444444
1,27.0295916666667,88.0676527777778
1,27.0308916666667,88.0615611111111
1,27.0313472222222,88.060075
1,27.0313,88.05525
1,27.0366611111111,88.0443611111111
1,27.0382361111111,88.043575
1,27.0391305555556,88.0433055555555
1,27.0429305555556,88.0389916666667
1,27.0440555555556,88.0384861111111
1,27.0483277777778,88.0361722222222
1,27.0506472222222,88.0328666666667
1,27.0539055555556,88.0267638888889
1,27.0651694444444,88.022625
1,27.0715111111111,88.0223333333333
1,27.0791055555556,88.023875
1,27.0803194444444,88.0241166666667
1,27.0832611111111,88.0237083333333
1,27.0853,88.0206583333333
1,27.088,88.0194027777778
1,27.088425,88.0181166666667
1,27.090225,88.0158111111111
1,27.0911111111111,88.0145555555556
1,27.0953916666667,88.013
1,27.0962944444444,88.0117277777778
1,27.0987583333333,88.0091722222222
1,27.0989722222222,88.0076527777778
1,27.1002972222222,88.0040194444445
1,27.1011833333333,88.0025
1,27.1023,87.9987916666667
1,27.1062805555556,87.9916722222222
1,27.1101,87.9898888888889
1,25.8197888888889,89.8214583333333
1,25.8277722222222,89.8283527777778
1,25.8361833333333,89.8337277777778
1,25.8506944444444,89.8332638888889
1,25.8661416666667,89.8346861111111
1,25.8710638888889,89.8368527777778
1,25.8762444444444,89.8390277777778
1,25.8885444444444,89.8495055555556
1,25.9115555555556,89.8725
1,25.9286138888889,89.8819722222222
1,25.9321583333333,89.8836805555556
1,25.93645,89.886075
1,25.9404944444444,89.8855694444444
1,25.942875,89.8780194444444
1,25.942025,89.8673611111111
1,25.9391861111111,89.8560416666667
1,25.9393277777778,89.8497416666667
1,25.9390166666667,89.8431583333333
1,25.9411388888889,89.8367138888889
1,25.9426777777778,89.8324777777778
1,25.9455083333333,89.8297138888889
1,25.9532861111111,89.8396027777778
1,25.9546055555556,89.8468611111111
1,25.9603555555556,89.8459222222222
1,25.9634722222222,89.84375
1,25.9662722222222,89.8398805555556
1,25.970675,89.8432638888889
1,25.9708027777778,89.8496666666667
1,25.9676361111111,89.8578333333333
1,25.9688,89.8666861111111
1,25.9745555555556,89.8700555555556
1,25.9844583333333,89.8603194444444
1,25.9860833333333,89.8561722222222
1,25.9909,89.8533527777778
1,25.9931472222222,89.8486111111111
1,25.9993055555556,89.8452555555556
1,26.0033888888889,89.8419583333333
1,26.0056555555556,89.8337083333333
1,25.998775,89.8321805555556
1,25.9936361111111,89.8323055555555
1,25.9893388888889,89.8340138888889
1,25.9847361111111,89.8337361111111
1,25.9829611111111,89.8266805555556
1,25.9851027777778,89.8209305555555
1,25.9874583333333,89.8171666666667
1,26.0107861111111,89.8197833333333
1,26.0160111111111,89.81945
1,26.0220638888889,89.82
1,26.029125,89.8168194444444
1,26.0328,89.8159222222222
1,26.0367777777778,89.8116305555556
1,26.0312027777778,89.8082694444444
1,26.0255416666667,89.8047222222222
1,26.0166388888889,89.7975416666667
1,26.0155138888889,89.7907833333333
1,26.0203194444444,89.7919583333333
1,26.0243555555556,89.7952555555556
1,26.0269527777778,89.7989777777778
1,26.0309583333333,89.8006861111111
1,26.0344333333333,89.8031944444444
1,26.0380166666667,89.8018055555555
1,26.0361111111111,89.7967555555555
1,26.0317388888889,89.7946666666667
1,26.0364583333333,89.7907416666667
1,26.0372388888889,89.7860277777778
1,26.0339361111111,89.7770555555555
1,26.0429861111111,89.7847833333333
1,26.0439305555556,89.7913527777778
1,26.0482333333333,89.7900472222222
1,26.0516833333333,89.7866666666667
1,26.0571833333333,89.7955194444444
1,26.0570916666667,89.7997222222222
1,26.06225,89.8004916666667
1,26.0670166666667,89.7998666666667
1,26.0716166666667,89.7998527777778
1,26.0786333333333,89.794575
1,26.0868416666667,89.79595
1,26.0812972222222,89.7883055555556
1,26.0844666666667,89.784625
1,26.0934972222222,89.7849916666667
1,26.1000416666667,89.787325
1,26.1045222222222,89.7860138888889
1,26.1048861111111,89.7774027777778
1,26.1050833333333,89.7697916666667
1,26.1109944444444,89.7635416666667
1,26.1211805555556,89.7673805555555
1,26.1262638888889,89.7690472222222
1,26.1304055555556,89.7684444444444
1,26.1368277777778,89.7611805555556
1,26.1429416666667,89.7557138888889
1,26.1513277777778,89.7515888888889
1,26.1550166666667,89.7467
1,26.1566277777778,89.7376527777778
1,26.1544194444444,89.7311027777778
1,26.1544055555556,89.7265
1,26.1559472222222,89.7225611111111
1,26.16145,89.7223111111111
1,26.1640194444444,89.7212222222222
1,26.165,89.7202416666667
1,26.1649305555556,89.7167777777778
1,26.1640083333333,89.7162638888889
1,26.155425,89.7147
1,26.1522666666667,89.7124305555556
1,26.1518194444444,89.7091805555556
1,26.1520527777778,89.7081861111111
1,26.153875,89.7061944444444
1,26.1545416666667,89.7051722222222
1,26.15905,89.7030833333333
1,26.1603611111111,89.7011305555556
1,26.1615583333333,89.6990472222222
1,26.1637583333333,89.6918611111111
1,26.1664472222222,89.6871944444444
1,26.1704666666667,89.6884722222222
1,26.1714777777778,89.6943055555556
1,26.1710555555556,89.6984083333333
1,26.1760111111111,89.6972916666667
1,26.1820111111111,89.6906944444444
1,26.1919277777778,89.6870833333333
1,26.1964777777778,89.6833388888889
1,26.2007305555556,89.6759222222222
1,26.2069166666667,89.6775555555556
1,26.2083333333333,89.6865972222222
1,26.2102666666667,89.6927694444445
1,26.21275,89.6921027777778
1,26.2149361111111,89.6860555555556
1,26.2184833333333,89.6877361111111
1,26.2203194444444,89.6945972222222
1,26.2242638888889,89.6867222222222
1,26.2285972222222,89.6819638888889
1,26.2262972222222,89.6742361111111
1,26.2219138888889,89.6670611111111
1,26.2206805555556,89.6629305555555
1,26.2210583333333,89.66125
1,26.2208361111111,89.6597555555556
1,26.2213916666667,89.6566722222222
1,26.2220861111111,89.6552777777778
1,26.2271888888889,89.6472777777778
1,26.22705,89.6449777777778
1,26.2254277777778,89.6429444444445
1,26.2239194444444,89.6413805555556
1,26.2227972222222,89.641375
1,26.2208611111111,89.6408388888889
1,26.2174888888889,89.6399027777778
1,26.213975,89.639575
1,26.2119805555556,89.6402833333333
1,26.2085555555556,89.6415416666667
1,26.204475,89.6460555555556
1,26.2003805555556,89.6477972222222
1,26.1999444444444,89.6487833333333
1,26.1940527777778,89.6504166666667
1,26.1929305555556,89.6500277777778
1,26.1908916666667,89.6477555555556
1,26.1906694444444,89.6465055555556
1,26.1911388888889,89.6442361111111
1,26.1951055555556,89.6358611111111
1,26.1926833333333,89.6335888888889
1,26.1906611111111,89.6332916666667
1,26.1873277777778,89.6342277777778
1,26.1841444444444,89.6399583333333
1,26.1845388888889,89.6458388888889
1,26.1848138888889,89.6469638888889
1,26.182525,89.6519722222222
1,26.1822833333333,89.6542361111111
1,26.1825138888889,89.6552277777778
1,26.1829666666667,89.6572361111111
1,26.1818333333333,89.6583527777778
1,26.175725,89.6587083333333
1,26.1745138888889,89.6577083333333
1,26.1727944444444,89.656125
1,26.1678333333333,89.6549027777778
1,26.1666944444444,89.6536722222222
1,26.1664722222222,89.6524305555556
1,26.1681527777778,89.6483666666667
1,26.17125,89.6429083333333
1,26.1784444444444,89.6397083333333
1,26.1791916666667,89.6370833333333
1,26.1785777777778,89.6351527777778
1,23.4100138888889,93.3939027777778
1,23.4057666666667,93.3945555555556
1,23.3961638888889,93.4001944444445
1,23.3920888888889,93.4020277777778
1,23.3863777777778,93.4060055555556
1,23.382475,93.4104916666667
1,23.3779944444444,93.400875
1,23.3740388888889,93.3979166666667
1,23.3685444444444,93.3927083333333
1,23.3625777777778,93.3927777777778
1,23.3587805555556,93.3950055555556
1,23.3572861111111,93.3860972222222
1,23.3571583333333,93.3725972222222
1,23.3543777777778,93.3678888888889
1,23.3526805555556,93.3637694444444
1,23.3490722222222,93.3620888888889
1,23.3445444444444,93.3643194444444
1,23.3388361111111,93.3682972222222
1,23.3355666666667,93.3716027777778
1,23.332125,93.3740333333333
1,23.3272416666667,93.375575
1,23.3213694444444,93.3737833333333
1,23.3140583333333,93.3729638888889
1,23.3073694444444,93.3732277777778
1,23.3011388888889,93.3738805555555
1,23.2957972222222,93.3760055555556
1,23.2881972222222,93.3774305555555
1,23.2844944444444,93.3774166666667
1,23.2813416666667,93.3744722222222
1,23.2772027777778,93.3716027777778
1,23.2691638888889,93.3712694444444
1,23.2587638888889,93.3734722222222
1,23.2507138888889,93.3746027777778
1,23.2393944444444,93.3794361111111
1,23.2295222222222,93.3845694444445
1,23.2188333333333,93.3908611111111
1,23.2141333333333,93.3909361111111
1,23.2057694444444,93.3835694444444
1,23.1965555555556,93.3827361111111
1,23.1825583333333,93.3813944444444
1,23.1694722222222,93.3776166666667
1,23.1615222222222,93.3767
1,23.1581027777778,93.3742416666666
1,23.1535,93.3721666666667
1,23.144925,93.370075
1,23.1382222222222,93.3752138888889
1,23.1392861111111,93.3790333333333
1,23.1425027777778,93.3867555555556
1,23.1389666666667,93.3905555555556
1,23.1331888888889,93.3897361111111
1,23.1221194444444,93.3780611111111
1,23.1186222222222,93.3721861111111
1,23.1172805555556,93.368375
1,23.1152222222222,93.3651388888889
1,23.1113472222222,93.3611166666667
1,23.1073833333333,93.3601166666667
1,23.100875,93.3600888888889
1,23.0947333333333,93.3591861111111
1,23.0900388888889,93.3580833333333
1,23.0856333333333,93.3534777777778
1,23.0793305555556,93.3485611111111
1,23.075,93.3471722222222
1,23.0726194444444,93.3542833333333
1,23.0674694444444,93.3534861111111
1,23.0595333333333,93.3490472222222
1,23.0594777777778,93.34125
1,23.0499222222222,93.3367083333333
1,23.0383666666667,93.3328472222222
1,23.0304333333333,93.3287138888889
1,23.0263833333333,93.3256666666667
1,23.0197166666667,93.3201722222222
1,23.0166611111111,93.317325
1,23.0169472222222,93.3110833333333
1,23.0135305555556,93.3078472222222
1,23.0084972222222,93.3022638888889
1,23.003175,93.2980472222222
1,23.0006611111111,93.2938388888889
1,22.9998694444444,93.28945
1,22.999525,93.2842777777778
1,23.0005583333333,93.2747138888889
1,23.0051805555556,93.2700472222222
1,23.0072777777778,93.2642138888889
1,23.0036944444444,93.2552222222222
1,23.0014583333333,93.2493611111111
1,23.00455,93.2439083333333
1,23.0090888888889,93.2373805555556
1,23.0126277777778,93.2339861111111
1,23.0168833333333,93.2302916666667
1,23.0221333333333,93.2278666666667
1,23.0278416666667,93.2243805555556
1,23.0402444444444,93.2164222222222
1,23.0444194444444,93.2102972222222
1,23.0519472222222,93.2024222222222
1,23.0528694444444,93.19745
1,23.0554166666667,93.1907222222222
1,23.0533472222222,93.1871944444444
1,23.0522805555556,93.1833888888889
1,23.0531083333333,93.1792916666667
1,23.0481555555556,93.1730277777778
1,23.046,93.1684305555556
1,23.0442,93.1641305555556
1,23.0471138888889,93.1582777777778
1,23.0532777777778,93.1519583333333
1,23.0569166666667,93.1436805555556
1,23.0564944444444,93.1415194444445
1,23.0558472222222,93.1382083333333
1,23.0516972222222,93.1366305555556
1,23.0486305555556,93.1332083333333
1,23.0427666666667,93.1292916666667
1,23.0368916666667,93.1314083333333
1,23.0304722222222,93.1321722222222
1,23.0264972222222,93.1306944444444
1,23.021175,93.12795
1,23.0151138888889,93.1304638888889
1,23.00815,93.1320972222222
1,23.00175,93.1265194444444
1,22.9960694444444,93.1255277777778
1,22.9913555555556,93.1297
1,22.9894472222222,93.1337
1,22.988975,93.1388666666667
1,22.9830055555556,93.1412916666667
1,22.9758611111111,93.1439027777778
1,22.9708,93.1443666666667
1,22.9661111111111,93.1427972222222
1,22.9638611111111,93.1389861111111
1,22.9597,93.1387777777778
1,22.9564444444444,93.1424722222222
1,22.9517361111111,93.1450888888889
1,22.9452222222222,93.1478888888889
1,22.9367277777778,93.1488388888889
1,22.9258777777778,93.1496722222222
1,22.9219861111111,93.1534722222222
1,22.9197083333333,93.1579444444445
1,22.9177138888889,93.1623333333333
1,22.9143638888889,93.1645555555556
1,22.9111111111111,93.1626944444445
1,22.9087777777778,93.1589777777778
1,22.908875,93.1547916666667
1,22.9081777777778,93.1485472222222
1,22.9081916666667,93.1422083333333
1,22.9084805555556,93.1349916666667
1,22.9025305555556,93.1314638888889
1,22.8954694444444,93.1350472222222
1,22.8887,93.1345416666667
1,22.8849055555556,93.1333611111111
1,22.8778638888889,93.1317777777778
1,22.8705444444444,93.1294166666667
1,22.8647777777778,93.1264722222222
1,22.8612694444444,93.120125
1,22.8581083333333,93.1178805555556
1,22.8501583333333,93.1170694444444
1,22.8387777777778,93.1177138888889
1,22.832725,93.1170194444444
1,22.8268611111111,93.1118333333333
1,22.823625,93.1074444444444
1,22.8175611111111,93.1088805555555
1,22.8162888888889,93.1127777777778
1,22.8116805555556,93.112375
1,22.8082638888889,93.10545
1,22.8071944444444,93.1004722222222
1,22.80585,93.0955
1,22.7875861111111,93.0990555555556
1,22.78255,93.1002277777778
1,22.7657111111111,93.1041444444444
1,22.7484416666667,93.1075055555555
1,22.7396805555556,93.1088388888889
1,22.7332694444444,93.1053111111111
1,22.7271416666667,93.1007222222222
1,22.7229,93.098075
1,22.7150361111111,93.0969777777778
1,22.7098,93.0952138888889
1,22.7065638888889,93.0916027777778
1,22.70485,93.0879027777778
1,22.6967916666667,93.0941027777778
1,22.6916277777778,93.1003194444444
1,22.6817666666667,93.1030138888889
1,22.6772583333333,93.1028055555555
1,22.6741888888889,93.0992916666667
1,22.6695833333333,93.0996666666667
1,22.6656944444444,93.1009222222222
1,22.6596277777778,93.1035333333333
1,22.6545638888889,93.1067277777778
1,22.6503972222222,93.1106111111111
1,22.6469472222222,93.1145888888889
1,22.6346694444444,93.1108527777778
1,22.6305972222222,93.1129777777778
1,22.6255222222222,93.1203527777778
1,22.6246916666667,93.1256027777778
1,22.6183472222222,93.1323944444444
1,22.6136388888889,93.1351111111111
1,22.6030555555556,93.1389638888889
1,22.5942861111111,93.1403944444445
1,22.5815444444444,93.1416111111111
1,22.5769611111111,93.1319722222222
1,22.5728138888889,93.1297222222222
1,22.5699388888889,93.1252361111111
1,22.5625416666667,93.12045
1,22.5554972222222,93.1176111111111
1,22.5544277777778,93.1138111111111
1,22.5502722222222,93.1115611111111
1,22.541325,93.1125055555556
1,22.5359944444444,93.1120055555555
1,22.5323888888889,93.1104361111111
1,22.5273333333333,93.1077
1,22.5242416666667,93.1158527777778
1,22.5240444444444,93.1217833333333
1,22.5215861111111,93.1268333333333
1,22.5154333333333,93.1296305555555
1,22.5094777777778,93.1265972222222
1,22.5053333333333,93.1248333333333
1,22.5014333333333,93.1265833333333
1,22.4972805555556,93.1287
1,22.4944722222222,93.1312138888889
1,22.4905722222222,93.1337361111111
1,22.4820833333333,93.1342833333333
1,22.4751305555556,93.1322222222222
1,22.4703472222222,93.1304638888889
1,22.4648194444444,93.1341388888889
1,22.4587527777778,93.138
1,22.4539583333333,93.1416722222222
1,22.4514111111111,93.1456527777778
1,22.4476,93.1526388888889
1,22.4492055555556,93.1586722222222
1,22.4467305555556,93.1712972222222
1,22.4420222222222,93.1739916666667
1,22.43415,93.1780472222222
1,22.4290638888889,93.1837638888889
1,22.4226416666667,93.1866527777778
1,22.4186722222222,93.1848944444444
1,22.4143361111111,93.1840972222222
1,22.4089111111111,93.1847638888889
1,22.4042861111111,93.1900888888889
1,22.3986805555556,93.191325
1,22.3945333333333,93.189075
1,22.3912833333333,93.1873194444445
1,22.3862222222222,93.188075
1,22.3795222222222,93.1922277777778
1,22.3753611111111,93.1931861111111
1,22.3662472222222,93.1883944444444
1,22.3588361111111,93.1903111111111
1,22.3540361111111,93.1929083333333
1,22.3390277777778,93.1957638888889
1,22.3326111111111,93.1952555555556
1,22.329075,93.1984444444444
1,22.3249111111111,93.2023194444444
1,22.3226611111111,93.198625
1,22.3200611111111,93.1921027777778
1,22.3131833333333,93.1952777777778
1,22.3085722222222,93.1963333333333
1,22.301525,93.1970833333333
1,22.2952805555556,93.19745
1,22.2874194444444,93.1968388888889
1,22.2819111111111,93.1972972222222
1,22.2763055555556,93.1976722222222
1,22.2711472222222,93.1996944444444
1,22.2650888888889,93.2030611111111
1,22.2616388888889,93.2049916666667
1,22.2564916666667,93.2042916666667
1,22.2511111111111,93.1921444444445
1,22.2451694444444,93.1860972222222
1,22.2446472222222,93.1794083333333
1,22.2452305555556,93.1666944444444
1,22.2444305555556,93.16175
1,22.2426416666667,93.1561111111111
1,22.2436611111111,93.1472833333333
1,22.2421388888889,93.1429083333333
1,22.2367222222222,93.1422222222222
1,22.2302833333333,93.1477222222222
1,22.2243055555556,93.1522638888889
1,22.2187083333333,93.1534166666667
1,22.2130166666667,93.1520333333333
1,22.2054166666667,93.1548194444445
1,22.2007888888889,93.1616861111111
1,22.1956277777778,93.1655472222222
1,22.1892222222222,93.1621388888889
1,22.1779305555556,93.1586944444444
1,22.1738055555556,93.1501527777778
1,22.1724694444444,93.1441305555556
1,22.1724,93.1344361111111
1,22.1747777777778,93.1264861111111
1,22.1780416666667,93.1233055555555
1,22.1847333333333,93.1185694444444
1,22.1942361111111,93.1156861111111
1,22.1970416666667,93.1129777777778
1,22.1964305555556,93.1073527777778
1,22.1945555555556,93.0980416666667
1,22.1951055555556,93.0930888888889
1,22.1983833333333,93.0846583333333
1,22.200925,93.0817555555555
1,22.2041888888889,93.0774027777778
1,22.2059166666667,93.0728472222222
1,22.2040277777778,93.0674083333333
1,22.2022333333333,93.0635194444444
1,22.1998083333333,93.0556583333333
1,22.1991055555556,93.0497416666667
1,22.1935166666667,93.0425555555556
1,22.1896388888889,93.0404027777778
1,22.185925,93.0424305555556
1,22.1717166666667,93.0495694444444
1,22.1613333333333,93.0508055555555
1,22.1525694444444,93.047875
1,22.1460638888889,93.0466944444444
1,22.1417361111111,93.0438666666667
1,22.1346027777778,93.0427833333333
1,22.127625,93.0499361111111
1,22.1234527777778,93.0550611111111
1,22.1167583333333,93.0584444444444
1,22.1091638888889,93.0622916666667
1,22.0979555555556,93.0613944444444
1,22.0957138888889,93.0555694444444
1,22.0951833333333,93.0479083333333
1,22.0972805555556,93.0421027777778
1,22.1009111111111,93.0350333333333
1,22.1009305555556,93.0280555555556
1,22.1016694444444,93.0188472222222
1,22.1015027777778,93.0118666666667
1,22.0982583333333,93.0091444444444
1,22.0941027777778,93.0091388888889
1,22.089125,93.01145
1,22.0812722222222,93.0103666666667
1,22.0753944444444,93.0076305555556
1,22.0660055555556,93.0039305555556
1,22.05725,92.9996527777778
1,22.0517444444444,92.9966305555556
1,22.0465027777778,92.9958472222222
1,22.0356638888889,92.9958194444445
1,22.02825,92.9974444444444
1,22.0160333333333,93.0042916666667
1,22.0072694444444,93.0062083333333
1,21.9987777777778,93.0054166666667
1,21.9919027777778,93.0059777777778
1,21.9878416666667,93.0056805555556
1,21.9800638888889,93.0050833333333
1,21.9760083333333,93.0024583333333
1,21.9741222222222,92.9948055555556
1,21.9770305555556,92.9882277777778
1,21.9791194444444,92.9838666666667
1,21.9862611111111,92.9816527777778
1,21.9981055555556,92.9776166666667
1,22.0026277777778,92.9754027777778
1,22.0061666666667,92.9690138888889
1,22.0103305555556,92.9653388888889
1,22.016475,92.9628333333333
1,22.0233472222222,92.9624583333333
1,22.0264305555556,92.9568527777778
1,22.0261666666667,92.9517083333333
1,22.0222027777778,92.9470555555556
1,22.0191333333333,92.9443388888889
1,22.0146305555556,92.9380333333333
1,22.0163555555556,92.9305694444444
1,22.0138277777778,92.9275694444445
1,22.0090388888889,92.931625
1,22.0048694444444,92.9350055555556
1,21.9981944444444,92.9281166666667
1,21.9922388888889,92.9236527777778
1,21.983475,92.9207277777778
1,21.9771583333333,92.9182083333333
1,21.9702083333333,92.9153805555556
1,21.9614472222222,92.9116805555556
1,21.9530444444444,92.9104083333333
1,21.9458166666667,92.9120416666667
1,21.9426583333333,92.9068111111111
1,21.9499833333333,92.9017916666667
1,21.9771805555556,92.9006722222222
1,21.9867694444444,92.8972916666667
1,22.0003277777778,92.8923805555556
1,22.008375,92.8902555555556
1,22.0146138888889,92.8854305555556
1,22.0179638888889,92.8817555555555
1,22.0224,92.8755555555556
1,22.0265611111111,92.8707222222222
1,22.0329805555556,92.8685
1,22.0431111111111,92.8673527777778
1,22.0507,92.8662
1,22.0572083333333,92.8662138888889
1,22.0618138888889,92.8637916666667
1,22.0640833333333,92.8593388888889
1,22.0621166666667,92.8530555555556
1,22.0613805555556,92.8507083333333
1,22.0588583333333,92.8450888888889
1,22.0599472222222,92.8407222222222
1,22.0646472222222,92.8407361111111
1,22.0685305555556,92.8375416666667
1,22.072875,92.8325972222222
1,22.072975,92.828625
1,22.0762305555556,92.82175
1,22.0868972222222,92.8164305555555
1,22.0921388888889,92.8132361111111
1,22.094225,92.8065555555556
1,22.0988416666667,92.7994861111111
1,22.1028277777778,92.7913472222222
1,22.1055388888889,92.78495
1,22.1052777777778,92.779325
1,22.1064527777778,92.7736027777778
1,22.1077222222222,92.7699222222222
1,22.1125166666667,92.7654722222222
1,22.1197388888889,92.7663388888889
1,22.1229944444444,92.7618944444445
1,22.1294166666667,92.7475416666667
1,22.132675,92.7393944444444
1,22.13575,92.7340694444444
1,22.1463277777778,92.7290277777778
1,22.1494027777778,92.7141944444444
1,22.1503083333333,92.7043055555555
1,22.1505861111111,92.69975
1,22.1451583333333,92.6956805555556
1,22.1352166666667,92.6969444444445
1,22.1192305555556,92.6959638888889
1,22.1150694444444,92.6952833333333
1,22.0961916666667,92.6934361111111
1,22.0830916666667,92.693825
1,22.0777583333333,92.6932416666667
1,22.0741388888889,92.6898472222222
1,22.0780277777778,92.6876166666667
1,22.091675,92.6869444444444
1,22.1039638888889,92.685875
1,22.1063083333333,92.6827777777778
1,22.1022472222222,92.6801583333333
1,22.0889583333333,92.6808388888889
1,22.0824611111111,92.6816111111111
1,22.073425,92.6820888888889
1,22.0668222222222,92.6831583333333
1,22.0600444444444,92.6835472222222
1,22.0555277777778,92.6825694444445
1,22.0469388888889,92.6829638888889
1,22.0379083333333,92.6862555555556
1,22.0326694444444,92.6857694444444
1,22.0293277777778,92.6842222222222
1,22.0276611111111,92.6844305555556
1,22.0255277777778,92.6847
1,22.0208277777778,92.6835333333333
1,22.0148638888889,92.6806388888889
1,22.0111583333333,92.6770472222222
1,22.0110722222222,92.673075
1,22.0117083333333,92.6678472222222
1,22.0125194444444,92.6595138888889
1,22.0117944444444,92.6555416666667
1,21.9952611111111,92.6410138888889
1,21.9893,92.6373333333333
1,21.9857694444444,92.6342361111111
1,21.9820666666667,92.6263888888889
1,21.9785388888889,92.6144722222222
1,21.9774527777778,92.6086666666667
1,21.9825166666667,92.6074083333333
1,21.9834138888889,92.611575
1,21.9869416666667,92.6141861111111
1,21.9910972222222,92.6138944444444
1,22.0001388888889,92.6087555555555
1,22.0095277777778,92.5984916666667
1,22.0197388888889,92.6010972222222
1,22.0248,92.6037138888889
1,22.0313944444444,92.6023472222222
1,22.0361861111111,92.5976027777778
1,22.0410666666667,92.5974027777778
1,22.0449472222222,92.5986583333333
1,22.0506388888889,92.6010833333333
1,22.0553416666667,92.6011722222222
1,22.0604888888889,92.5996305555555
1,22.0645583333333,92.5942916666667
1,22.0773833333333,92.5933194444444
1,22.0969888888889,92.58245
1,22.1007805555556,92.5797361111111
1,22.1086388888889,92.5772083333333
1,22.1186666666667,92.5721583333333
1,22.1236361111111,92.5681861111111
1,22.1267027777778,92.5635277777778
1,22.1311333333333,92.5626527777778
1,22.1367388888889,92.5682694444444
1,22.1404416666667,92.5734027777778
1,22.142525,92.5828111111111
1,22.1381944444444,92.5908611111111
1,22.132325,92.5935833333333
1,22.1253611111111,92.5957222222222
1,22.1228361111111,92.5992138888889
1,22.1250083333333,92.6070611111111
1,22.1342277777778,92.6084083333333
1,22.1446138888889,92.6109222222222
1,22.1535583333333,92.6127694444444
1,22.1675694444444,92.6129583333333
1,22.1723527777778,92.6107277777778
1,22.1752444444444,92.606075
1,22.1745166666667,92.6009305555555
1,22.1793055555556,92.5982138888889
1,22.1892472222222,92.5991722222222
1,22.198375,92.6005277777778
1,22.2050638888889,92.5988805555556
1,22.2114777777778,92.59325
1,22.2163527777778,92.5914027777778
1,22.2222222222222,92.5913055555556
1,22.2262916666667,92.5915972222222
1,22.2331611111111,92.5930416666667
1,22.2384027777778,92.5921666666667
1,22.253125,92.5911861111111
1,22.26035,92.5877833333333
1,22.2695638888889,92.5840972222222
1,22.2771583333333,92.5783611111111
1,22.2808611111111,92.5783611111111
1,22.2855583333333,92.5805
1,22.2958583333333,92.58175
1,22.3116694444444,92.5819361111111
1,22.3160055555556,92.5802833333333
1,22.32685,92.5790138888889
1,22.3343472222222,92.5774444444444
1,22.3434777777778,92.5745333333333
1,22.3533222222222,92.5727777777778
1,22.3646138888889,92.5672361111111
1,22.3768972222222,92.5639222222222
1,22.3864722222222,92.5640138888889
1,22.3937055555556,92.5622638888889
1,22.3994888888889,92.5590416666667
1,22.4145694444444,92.5554361111111
1,22.4273138888889,92.5548472222222
1,22.4431194444444,92.5543472222222
1,22.4555861111111,92.5507416666667
1,22.4678777777778,92.5485972222222
1,22.4771805555556,92.5480972222222
1,22.4891055555556,92.5481805555555
1,22.5070805555556,92.5466111111111
1,22.5220861111111,92.5458194444444
1,22.5402444444444,92.5416166666667
1,22.5503611111111,92.5374305555556
1,22.5564055555556,92.5333388888889
1,22.5610055555556,92.5286666666667
1,22.56625,92.527875
1,22.5709472222222,92.5285555555556
1,22.5755583333333,92.5377833333333
1,22.5837833333333,92.5375833333333
1,26.1769222222222,89.6331583333333
1,26.1762583333333,89.6324166666667
1,26.1765,89.6309222222222
1,26.1784361111111,89.6269027777778
1,26.1801277777778,89.6233944444444
1,26.1796722222222,89.6206444444444
1,26.1783694444444,89.6176861111111
1,26.175625,89.6162083333333
1,26.1722861111111,89.6162694444444
1,26.1695305555556,89.6179861111111
1,26.16475,89.6175833333333
1,26.1638555555556,89.6171944444444
1,26.1609166666667,89.6153055555556
1,26.1595722222222,89.6137916666667
1,26.1586861111111,89.6117777777778
1,26.1589111111111,89.6105333333333
1,26.1627666666667,89.6040611111111
1,26.1601694444444,89.5970333333333
1,26.159275,89.5959083333333
1,26.157225,89.5957777777778
1,26.1561,89.5975277777778
1,26.1550833333333,89.5987638888889
1,26.1539611111111,89.5988527777778
1,26.1483277777778,89.6004722222222
1,26.1466694444444,89.6010194444444
1,26.1415027777778,89.6019361111111
1,26.1374305555556,89.60345
1,26.1241111111111,89.6062694444444
1,26.119375,89.6068611111111
1,26.1189055555556,89.6096305555555
1,26.1193638888889,89.6113944444444
1,26.1211472222222,89.6141444444444
1,26.1213694444444,89.6153888888889
1,26.1206833333333,89.6166583333333
1,26.1195,89.6176444444444
1,26.1192666666667,89.6186444444444
1,26.1179583333333,89.621125
1,26.1193027777778,89.6226388888889
1,26.1220138888889,89.6235333333333
1,26.12685,89.627875
1,26.1224555555556,89.6292
1,26.1177083333333,89.6288888888889
1,26.112975,89.6271305555555
1,26.1122944444444,89.6263666666667
1,26.1106138888889,89.6166111111111
1,26.1116527777778,89.6078472222222
1,26.1103111111111,89.6032138888889
1,26.1098777777778,89.6020694444444
1,26.1076305555556,89.6016805555555
1,26.1051472222222,89.6017972222222
1,26.1044555555556,89.6010472222222
1,26.1042305555556,89.5994222222222
1,26.1037805555556,89.5976722222222
1,26.102425,89.5969305555556
1,26.0992833333333,89.5967777777778
1,26.09865,89.5997638888889
1,26.0967555555556,89.6032638888889
1,26.0942777777778,89.6047777777778
1,26.0927111111111,89.6057361111111
1,26.0876138888889,89.6117638888889
1,26.0934305555556,89.6130972222222
1,26.0935111111111,89.6151722222222
1,26.0958222222222,89.6180333333333
1,26.0976388888889,89.6184166666667
1,26.1001194444444,89.6185555555555
1,26.1005722222222,89.61945
1,26.1007972222222,89.6214361111111
1,26.1007583333333,89.6255833333333
1,26.1016805555556,89.626575
1,26.1050083333333,89.628575
1,26.1059361111111,89.6307138888889
1,26.1036583333333,89.6341388888889
1,26.0939555555556,89.6375555555556
1,26.0870888888889,89.6373944444445
1,26.0841972222222,89.6371944444444
1,26.078,89.6376861111111
1,26.0753694444444,89.6400472222222
1,26.0702222222222,89.6476861111111
1,26.0667527777778,89.6518888888889
1,26.0616472222222,89.646325
1,26.061675,89.6361666666667
1,26.0603805555556,89.6302222222222
1,26.0568194444444,89.6267777777778
1,26.0548,89.6241305555556
1,26.0568333333333,89.6200555555556
1,26.0616027777778,89.6182277777778
1,26.0613777777778,89.6132
1,26.0659194444444,89.6084777777778
1,26.0645,89.6052972222222
1,26.0595,89.6056722222222
1,26.0542305555556,89.6118611111111
1,26.0477944444444,89.6132916666667
1,26.0460166666667,89.6106444444444
1,26.0475805555556,89.603125
1,26.0455638888889,89.5992916666667
1,26.0388916666667,89.5986111111111
1,26.0424888888889,89.5915
1,26.0397472222222,89.589375
1,26.0327805555556,89.5882277777778
1,26.0244555555556,89.5813333333333
1,26.01945,89.5819777777778
1,26.0147916666667,89.5841944444444
1,26.0014388888889,89.5849361111111
1,25.9965416666667,89.5890138888889
1,25.9879638888889,89.58845
1,25.9824166666667,89.5890138888889
1,25.9780027777778,89.5897916666667
1,25.976825,89.5838611111111
1,25.9749277777778,89.5808194444444
1,25.9665833333333,89.58
1,25.9661222222222,89.5747222222222
1,25.9685166666667,89.5707777777778
1,25.9737638888889,89.5710555555555
1,25.97175,89.566825
1,25.9647222222222,89.5604777777778
1,25.9650972222222,89.5525694444444
1,25.9691638888889,89.5467833333333
1,25.9762,89.5462777777778
1,25.9834777777778,89.5432694444444
1,25.9930055555556,89.5459361111111
1,25.9972916666667,89.5487277777778
1,26.0020666666667,89.5462416666667
1,26.0063666666667,89.5401805555556
1,26.0049527777778,89.5351722222222
1,26.0022777777778,89.5314083333333
1,26.0047972222222,89.5213888888889
1,26.0037416666667,89.5138611111111
1,26.0014888888889,89.5076666666667
1,26.0038861111111,89.5022694444444
1,25.9999722222222,89.4928888888889
1,25.99605,89.48325
1,25.9944527777778,89.4757916666667
1,26.0012805555556,89.4565555555556
1,26.0085694444444,89.44445
1,26.0137111111111,89.4304777777778
1,26.020925,89.4347833333333
1,26.0389305555556,89.428375
1,26.0413166666667,89.4242916666667
1,26.0393111111111,89.4087083333333
1,26.0346694444444,89.4034305555556
1,26.0263277777778,89.4014222222222
1,26.0210916666667,89.3942972222222
1,26.0088111111111,89.3938666666667
1,26.0073861111111,89.3914916666667
1,26.0085888888889,89.384375
1,26.0097805555556,89.3804166666667
1,26.008425,89.3707222222222
1,26.0096277777778,89.3562222222222
1,26.0152388888889,89.3433111111111
1,26.0219194444444,89.3360694444444
1,26.0337333333333,89.3277777777778
1,26.0372472222222,89.3241527777778
1,26.0405916666667,89.3120277777778
1,26.0484722222222,89.3001583333333
1,26.0495416666667,89.2934361111111
1,26.0485944444444,89.285125
1,26.0514527777778,89.2809027777778
1,26.0607527777778,89.2823666666667
1,26.0631416666667,89.28
1,26.0614666666667,89.2745888888889
1,26.0599805555556,89.2689722222222
1,26.0646388888889,89.261325
1,26.0730972222222,89.2581666666667
1,26.0828694444444,89.2629305555555
1,26.0865722222222,89.268075
1,26.0914527777778,89.2668944444444
1,26.0930055555556,89.258325
1,26.1005166666667,89.2483055555555
1,26.1054111111111,89.2443472222222
1,26.1085027777778,89.2419722222222
1,26.1160722222222,89.2337361111111
1,26.1246611111111,89.2227833333333
1,26.1246555555556,89.215125
1,26.1285861111111,89.1888527777778
1,26.1298333333333,89.1751944444445
1,26.1380555555556,89.1600055555556
1,26.1480694444444,89.1557833333333
1,23.4169805555556,93.3931527777778
1,25.1290083333333,91.6581861111111
1,25.1287777777778,91.6521388888889
1,25.1246,91.6485055555556
1,25.1222166666667,91.643575
1,25.123875,91.6362222222222
1,25.1286944444444,91.6296305555555
1,25.1371722222222,91.6277638888889
1,25.1414888888889,91.6255416666667
1,25.1445194444444,91.6201527777778
1,25.1443027777778,91.6157916666667
1,25.142375,91.6113472222222
1,25.1409805555556,91.6065972222222
1,25.1448333333333,91.6025
1,25.1508138888889,91.6053194444444
1,25.1580166666667,91.6029583333333
1,25.1645222222222,91.6031027777778
1,25.1701527777778,91.6097833333333
1,25.1715722222222,91.6044222222222
1,25.1696055555556,91.5942277777778
1,25.169,91.5862916666667
1,25.1680555555556,91.5811444444444
1,25.1650444444444,91.5776027777778
1,25.1613277777778,91.5759444444444
1,25.1583972222222,91.5705138888889
1,25.1558972222222,91.5626027777778
1,25.1522527777778,91.5585694444444
1,25.1492444444444,91.555325
1,25.1468472222222,91.549
1,25.1457166666667,91.5432638888889
1,25.1445083333333,91.5386111111111
1,25.1427166666667,91.5295055555555
1,25.1421,91.5206805555556
1,25.1425916666667,91.5143194444444
1,25.143,91.5093611111111
1,25.1415277777778,91.5057083333333
1,25.1378194444444,91.50525
1,25.1350777777778,91.5017972222222
1,25.1325777777778,91.4945888888889
1,25.1326972222222,91.4872416666667
1,25.1329888888889,91.4790138888889
1,25.1340194444444,91.47245
1,25.1423777777778,91.4689916666667
1,25.1473444444444,91.4683472222222
1,25.1491194444444,91.4648472222222
1,25.1491527777778,91.4581111111111
1,25.1475666666667,91.4523666666667
1,25.1476972222222,91.4475
1,25.1500777777778,91.4408333333333
1,25.1530333333333,91.437625
1,25.1536277777778,91.4333527777778
1,25.1610472222222,91.4254305555556
1,25.1644527777778,91.4224166666667
1,25.1676805555556,91.4203055555556
1,25.17035,91.4154083333333
1,25.1653333333333,91.4105
1,25.1640277777778,91.4054583333333
1,25.1664861111111,91.3980833333333
1,25.1682166666667,91.3896388888889
1,25.1656444444444,91.3846111111111
1,25.1650388888889,91.3778666666666
1,25.1679805555556,91.3737638888889
1,25.1711055555556,91.3698527777778
1,25.1740305555556,91.3640694444444
1,25.1751472222222,91.3580055555556
1,25.1736527777778,91.3535555555555
1,25.1703416666667,91.3468472222222
1,25.1715361111111,91.3398888888889
1,25.1728472222222,91.3350138888889
1,25.1753166666667,91.3292222222222
1,25.180725,91.3282694444444
1,25.182925,91.3223888888889
1,25.1826111111111,91.3178333333333
1,25.18185,91.3137694444444
1,25.1817972222222,91.3085055555556
1,25.1823777777778,91.3028472222222
1,25.1832194444444,91.2969777777778
1,25.1848055555556,91.2929861111111
1,25.1914777777778,91.2920194444444
1,25.195225,91.2872138888889
1,25.1990388888889,91.2804083333333
1,25.2025083333333,91.2758055555556
1,25.2046722222222,91.2661583333333
1,25.1978194444444,91.2577
1,25.1954277777778,91.2535611111111
1,25.1946,91.2433527777778
1,25.1952027777778,91.231825
1,25.19665,91.2236666666667
1,25.1982722222222,91.2144305555556
1,25.1977027777778,91.1946722222222
1,25.1963583333333,91.1870555555556
1,25.1937833333333,91.1824166666667
1,25.1928083333333,91.1753944444444
1,25.1931833333333,91.1684305555556
1,25.1950777777778,91.1602777777778
1,25.1941666666667,91.1510555555556
1,25.1917305555556,91.1426444444445
1,25.1908472222222,91.1362138888889
1,25.1910166666667,91.1267777777778
1,25.1916,91.1225
1,25.1922611111111,91.1166388888889
1,25.1939722222222,91.108875
1,25.196775,91.1006027777778
1,25.19825,91.0956166666667
1,25.1986333333333,91.0895611111111
1,25.1998222222222,91.083
1,25.1955722222222,91.073825
1,25.1922666666667,91.0695055555556
1,25.19005,91.0652638888889
1,25.19,91.0607972222222
1,25.1891472222222,91.0567416666667
1,25.1891777777778,91.0516722222222
1,25.1883,91.046625
1,25.1864777777778,91.037125
1,25.1837333333333,91.02645
1,25.1817805555556,91.0212138888889
1,25.1804472222222,91.015575
1,25.1789388888889,91.0101388888889
1,25.1776027777778,91.0033111111111
1,25.176175,90.9973805555556
1,25.1746361111111,90.9894583333333
1,25.1731972222222,90.9824361111111
1,25.1720416666667,90.9765055555556
1,25.1704805555556,90.9710972222222
1,25.1693055555556,90.9670194444444
1,25.1681972222222,90.9570055555556
1,25.16725,90.9463055555556
1,25.1655944444444,90.9362083333333
1,25.1628555555556,90.9261305555556
1,25.1610083333333,90.9154444444445
1,25.1599472222222,90.91
1,25.1625333333333,90.9003388888889
1,25.1640694444444,90.893075
1,25.1643694444444,90.8883055555556
1,25.1599055555556,90.8783527777778
1,25.1575611111111,90.8708388888889
1,25.15755,90.8562555555555
1,25.159725,90.8425333333333
1,25.1599944444444,90.8357833333333
1,25.1614305555556,90.8209722222222
1,25.1652583333333,90.8102972222222
1,25.1703055555556,90.8024777777778
1,25.1764638888889,90.7973194444444
1,25.1802666666667,90.7915972222222
1,25.1816666666667,90.7815555555556
1,25.1801555555556,90.7765138888889
1,25.1759611111111,90.7729166666667
1,25.1680416666667,90.7682777777778
1,25.1630833333333,90.7619083333333
1,25.162975,90.7541666666667
1,25.1631,90.7428527777778
1,25.1594527777778,90.7409361111111
1,25.1553166666667,90.7416944444444
1,25.1515777777778,90.7387833333333
1,25.1525861111111,90.7335
1,25.1578416666667,90.7281527777778
1,25.1627222222222,90.722125
1,25.1627277777778,90.7162638888889
1,25.1597527777778,90.7099722222222
1,25.1579444444444,90.7026527777778
1,25.15765,90.6949222222222
1,25.1590333333333,90.6903333333333
1,25.1643777777778,90.6854777777778
1,25.1678472222222,90.6813527777778
1,25.165425,90.6763333333333
1,25.1702972222222,90.6699083333333
1,25.1763222222222,90.6682083333333
1,25.1825277777778,90.6664166666667
1,25.19105,90.6565416666667
1,25.1882083333333,90.6534222222222
1,25.1835972222222,90.6528055555556
1,25.179425,90.6511861111111
1,25.1774388888889,90.6451722222222
1,25.1761666666667,90.6383472222222
1,25.1711027777778,90.6377277777778
1,25.1703833333333,90.6315888888889
1,25.1704166666667,90.621075
1,25.1718388888889,90.6136111111111
1,25.1716194444444,90.5980333333333
1,25.1700166666667,90.5747416666667
1,25.1685305555556,90.5597833333333
1,25.1688055555556,90.5479777777778
1,25.1666861111111,90.5210194444444
1,25.1663638888889,90.5117972222222
1,25.1621944444444,90.498575
1,25.1595555555556,90.4913805555556
1,25.1576694444444,90.4859583333333
1,25.1545388888889,90.4816527777778
1,25.152075,90.47395
1,25.1507194444444,90.4682277777778
1,25.1502194444444,90.4590055555556
1,25.1486111111111,90.4541805555556
1,25.1452277777778,90.4517638888889
1,25.1417083333333,90.4459722222222
1,25.1436388888889,90.4368055555556
1,25.1445444444444,90.4313333333333
1,25.1454666666667,90.4264583333333
1,25.1481055555556,90.4220472222222
1,25.1492916666667,90.4170555555556
1,25.1539722222222,90.4108194444445
1,25.1563222222222,90.3996527777778
1,25.1573527777778,90.3907
1,25.1581638888889,90.3849444444444
1,25.1596888888889,90.3787555555555
1,25.1617111111111,90.3751388888889
1,25.1648333333333,90.3675416666667
1,25.168675,90.3594222222222
1,25.1720916666667,90.3535055555555
1,25.17555,90.3495694444444
1,25.1798833333333,90.343825
1,25.1861833333333,90.33745
1,25.189625,90.3331111111111
1,25.1871583333333,90.3253194444444
1,25.1858333333333,90.3162138888889
1,25.1851055555556,90.3103666666667
1,25.1848527777778,90.3063111111111
1,25.1856,90.302325
1,25.1860722222222,90.2978472222222
1,25.1873416666667,90.2927555555556
1,25.191475,90.2865194444445
1,25.1935805555556,90.2830055555556
1,25.1959138888889,90.2768055555556
1,25.1950277777778,90.2723527777778
1,25.1945111111111,90.2682
1,25.1934027777778,90.2616722222222
1,25.1941277777778,90.2561944444444
1,25.1969666666667,90.2509444444444
1,25.1984166666667,90.2482694444444
1,25.2004527777778,90.2411722222222
1,25.2017055555556,90.235
1,25.2004805555556,90.2267833333333
1,25.2005916666667,90.2223111111111
1,25.2011111111111,90.2158472222222
1,25.2054055555556,90.2089166666667
1,25.2082083333333,90.2036944444445
1,25.2105361111111,90.1973888888889
1,25.2141805555556,90.1891722222222
1,25.2168055555556,90.1792916666667
1,25.2196333333333,90.1705888888889
1,25.2214472222222,90.1610277777778
1,25.2219277777778,90.1522777777778
1,25.2228083333333,90.1406444444444
1,25.2226611111111,90.1329027777778
1,25.2210916666667,90.1255833333333
1,25.2210027777778,90.1204305555555
1,25.2221472222222,90.11375
1,25.2261055555556,90.1082
1,25.2326694444444,90.1020972222222
1,25.2358916666667,90.0954777777778
1,25.2367666666667,90.0888055555556
1,25.2371138888889,90.0830416666667
1,25.2382166666667,90.0792416666667
1,25.2419083333333,90.0737
1,25.2483777777778,90.0674083333333
1,25.2539444444444,90.0612138888889
1,25.2572333333333,90.0534916666667
1,25.259775,90.0447
1,25.2620861111111,90.0330333333333
1,25.2669055555556,90.0201166666667
1,25.2697972222222,90.0109083333333
1,25.2722222222222,90.0051944444444
1,25.2749944444444,89.9993666666667
1,25.2774944444444,89.9932555555556
1,25.2832444444444,89.9822972222222
1,25.2878833333333,89.9794027777778
1,25.2924777777778,89.9793055555556
1,25.2962444444444,89.977825
1,25.2989583333333,89.9735888888889
1,25.2979555555556,89.963375
1,25.2981777777778,89.9511583333333
1,25.297475,89.9427277777778
1,25.2975083333333,89.9306111111111
1,25.3020416666667,89.9221583333333
1,25.3043416666667,89.9152416666667
1,25.3057638888889,89.90945
1,25.3030777777778,89.9011666666667
1,25.2974583333333,89.8951444444445
1,25.2932527777778,89.8920611111111
1,25.2889666666667,89.8852083333333
1,25.2851777777778,89.8759583333333
1,25.2850777777778,89.8707
1,25.2873722222222,89.8637916666667
1,25.2889611111111,89.8573888888889
1,25.29075,89.8520833333333
1,25.2918194444444,89.8465
1,25.2919833333333,89.8412277777778
1,25.2939611111111,89.8362138888889
1,25.3024861111111,89.8384916666667
1,25.3107416666667,89.8412694444444
1,25.3164305555556,89.8414361111111
1,25.3205555555556,89.8399444444444
1,25.3241861111111,89.8366805555555
1,25.328125,89.8304166666667
1,25.3315861111111,89.82795
1,25.3454472222222,89.8216583333333
1,25.3615861111111,89.8167916666667
1,25.3678722222222,89.8153472222222
1,25.3865722222222,89.8170833333333
1,25.3947666666667,89.8207555555556
1,25.4017583333333,89.82745
1,25.4067527777778,89.8291166666667
1,25.4124472222222,89.8298666666667
1,25.4185972222222,89.830625
1,25.4225861111111,89.8319083333333
1,25.4277611111111,89.8336805555556
1,25.4328555555556,89.8355472222222
1,25.4403333333333,89.8397416666667
1,25.4477138888889,89.8434444444444
1,25.4550527777778,89.8496305555555
1,25.4611916666667,89.8543527777778
1,25.4661861111111,89.8560194444444
1,25.4750888888889,89.8546166666667
1,25.4804666666667,89.8529027777778
1,25.4891472222222,89.8540833333333
1,25.4976527777778,89.8555611111111
1,25.5074472222222,89.8580138888889
1,25.5151666666667,89.8610194444444
1,25.5215,89.86175
1,25.5270444444444,89.8596388888889
1,25.535975,89.8547361111111
1,25.5398944444444,89.8569305555556
1,25.5430777777778,89.8625333333333
1,25.5462611111111,89.868625
1,25.5556388888889,89.8732777777778
1,25.5639694444444,89.8747638888889
1,25.5746694444444,89.8777
1,25.5864805555556,89.8727277777778
1,25.5903805555556,89.8738333333333
1,25.5963194444444,89.877575
1,25.6137138888889,89.8817416666667
1,25.6199444444444,89.8815833333333
1,25.6299138888889,89.8796527777778
1,25.65255,89.8704361111111
1,25.6627194444444,89.8647138888889
1,25.6889666666667,89.8465333333333
1,25.6943138888889,89.8477972222222
1,25.6982416666667,89.8504916666667
1,25.7040222222222,89.8550277777778
1,25.7133055555556,89.855
1,25.713125,89.8456388888889
1,25.7131666666667,89.8387638888889
1,25.7161527777778,89.8346027777778
1,25.72775,89.8283333333333
1,25.7364472222222,89.825825
1,25.740525,89.8270138888889
1,25.7465916666667,89.8326444444444
1,25.753675,89.8394583333333
1,25.7594972222222,89.8419083333333
1,25.7642472222222,89.8403888888889
1,25.7721138888889,89.8368111111111
1,25.7826027777778,89.8338527777778
1,25.7899694444444,89.8319777777778
1,25.8031777777778,89.8295611111111
1,25.8103166666667,89.8257833333333
1,25.8111888888889,89.8199861111111
1,25.8155583333333,89.8173805555555
1,24.0767111111111,91.5835333333333
1,24.0729611111111,91.5894638888889
1,24.0748972222222,91.5949583333333
1,24.0768333333333,91.6001583333333
1,24.0791166666667,91.6040694444444
1,24.0843444444444,91.6019638888889
1,24.0881333333333,91.6011444444444
1,24.0939083333333,91.6014777777778
1,24.0937916666667,91.6092555555555
1,24.0931944444444,91.6143805555556
1,24.0933111111111,91.6187972222222
1,24.0937138888889,91.6234305555555
1,24.0951027777778,91.6283388888889
1,24.1016666666667,91.6368388888889
1,24.1079194444444,91.6410055555556
1,24.1129027777778,91.6428388888889
1,24.1186916666667,91.6433805555556
1,24.1251694444444,91.6410611111111
1,24.1295861111111,91.6393611111111
1,24.1350944444444,91.6388111111111
1,24.1400555555556,91.638875
1,24.1437666666667,91.6390416666667
1,24.1491194444444,91.6427277777778
1,24.1523861111111,91.6453527777778
1,24.1561777777778,91.6458194444445
1,24.1626944444444,91.6471444444445
1,24.1678361111111,91.6467
1,24.1726333333333,91.6480472222222
1,24.177075,91.6500694444445
1,24.1803611111111,91.6553666666667
1,24.1840111111111,91.6611444444444
1,24.1875416666667,91.6623944444444
1,24.1916916666667,91.6615694444445
1,24.1960972222222,91.6584777777778
1,24.2003277777778,91.6569583333333
1,24.2045638888889,91.6553527777778
1,24.210425,91.6540194444445
1,24.2179111111111,91.6529722222222
1,24.2226388888889,91.6567777777778
1,24.2260972222222,91.6611861111111
1,24.2298305555556,91.6659722222222
1,24.2315777777778,91.6699027777778
1,24.2306166666667,91.6741444444445
1,24.2256305555556,91.6724166666667
1,24.2213861111111,91.6716666666667
1,24.2165027777778,91.6702222222222
1,24.2121583333333,91.6698666666667
1,24.2085583333333,91.6714638888889
1,24.2032805555556,91.6783055555556
1,24.1966222222222,91.6819027777778
1,24.1851666666667,91.6842638888889
1,24.1750861111111,91.6887777777778
1,24.1652694444444,91.6930888888889
1,24.1607861111111,91.69745
1,24.1587333333333,91.7007222222222
1,24.158575,91.70495
1,24.1609444444444,91.7084861111111
1,24.1584388888889,91.7117416666667
1,24.1530361111111,91.7141527777778
1,24.1527111111111,91.7189777777778
1,24.1493138888889,91.7248111111111
1,24.1468166666667,91.7298527777778
1,24.1455166666667,91.7376305555556
1,24.1429444444444,91.74445
1,24.1406222222222,91.7482972222222
1,24.1406555555556,91.7543055555555
1,24.1397916666667,91.7599222222222
1,24.14,91.7647361111111
1,24.1474111111111,91.7663527777778
1,24.1540777777778,91.7638527777778
1,24.1661666666667,91.7610055555556
1,24.1814222222222,91.7596027777778
1,24.1984666666667,91.7559305555556
1,24.2120083333333,91.7550416666667
1,24.2212,91.7520138888889
1,24.2350888888889,91.7497416666667
1,24.2433027777778,91.7482972222222
1,24.2385166666667,91.7633055555555
1,24.232625,91.7730972222222
1,24.2288583333333,91.77845
1,24.2251972222222,91.7841861111111
1,24.2243305555556,91.7913888888889
1,24.2201194444444,91.7966305555556
1,24.2207027777778,91.8022416666667
1,24.2234361111111,91.8062555555556
1,24.2212111111111,91.8131722222222
1,24.21735,91.8156583333333
1,24.2129527777778,91.8209083333333
1,24.2119277777778,91.8298805555555
1,24.2134861111111,91.8345
1,24.2175722222222,91.8393111111111
1,24.2202166666667,91.8424222222222
1,24.2236694444444,91.8465416666667
1,24.222975,91.8504777777778
1,24.2189277777778,91.8532638888889
1,24.2134166666667,91.8537
1,24.20915,91.8492972222222
1,24.2039861111111,91.8474638888889
1,24.1974916666667,91.8489777777778
1,24.1896666666667,91.85425
1,24.1801527777778,91.8639638888889
1,24.1724194444444,91.8705138888889
1,24.169075,91.8727277777778
1,24.1652166666667,91.8752833333333
1,24.1616333333333,91.8778888888889
1,24.1571222222222,91.8811527777778
1,24.1494638888889,91.8839583333333
1,24.1391027777778,91.8884583333333
1,24.1339888888889,91.8941861111111
1,24.1340277777778,91.9008805555556
1,24.1354027777778,91.9058944444444
1,24.1388666666667,91.9116722222222
1,24.1461916666667,91.9138944444445
1,24.1573138888889,91.9152083333333
1,24.1658972222222,91.9172138888889
1,24.1751166666667,91.9178388888889
1,24.1812638888889,91.9191805555556
1,24.1885111111111,91.9222916666667
1,24.1972777777778,91.9239027777778
1,24.2078638888889,91.9280694444444
1,24.2164555555556,91.9293944444445
1,24.2264777777778,91.9304166666667
1,24.2331833333333,91.9335333333333
1,24.2450388888889,91.9378888888889
1,24.2561666666667,91.9425416666667
1,24.2632111111111,91.9425
1,24.2731527777778,91.9432277777778
1,24.281725,91.9416944444445
1,24.2882138888889,91.9383055555556
1,24.2951555555556,91.9361944444445
1,24.3031777777778,91.9331861111111
1,24.3090388888889,91.9317694444445
1,24.3149805555556,91.9280888888889
1,24.3201194444444,91.9259861111111
1,24.3320277777778,91.9247277777778
1,24.3375444444444,91.9264638888889
1,24.3397638888889,91.9351305555556
1,24.3470638888889,91.9489722222222
1,24.349875,91.9522138888889
1,24.3564194444444,91.9608527777778
1,24.3505944444444,91.9682777777778
1,24.3431111111111,91.9714777777778
1,24.33735,91.9743666666667
1,24.3320416666667,91.9800138888889
1,24.3267666666667,91.9902972222222
1,24.3264333333333,91.9970972222222
1,24.3316194444444,92.003375
1,24.3364888888889,92.00345
1,24.3430583333333,91.9972972222222
1,24.3493472222222,91.9908527777778
1,24.3558305555556,91.9865833333333
1,24.3607888888889,91.9852638888889
1,24.3659222222222,91.9819861111111
1,24.3724055555556,91.9771111111111
1,24.3754611111111,91.9741388888889
1,24.3812305555556,91.9731166666667
1,24.3848694444444,91.9782222222222
1,24.3842555555556,91.9822638888889
1,24.3803055555556,91.9858388888889
1,24.3812305555556,91.9897833333333
1,24.3843083333333,91.9925194444445
1,24.3889194444444,91.993875
1,24.3920083333333,91.9972083333333
1,24.3915027777778,92.0044083333333
1,24.3876277777778,92.0065055555556
1,24.3831194444444,92.0087972222222
1,24.3835055555556,92.0132277777778
1,24.3844388888889,92.0194444444444
1,24.3840972222222,92.0233888888889
1,24.3825777777778,92.0270416666667
1,24.3796972222222,92.0297222222222
1,24.37575,92.0351666666667
1,24.3754166666667,92.0403888888889
1,24.3740777777778,92.0446388888889
1,24.3737666666667,92.0565694444444
1,24.3730055555556,92.0679083333333
1,24.3727722222222,92.0766944444444
1,24.3727944444444,92.0808472222222
1,24.3728083333333,92.0842833333333
1,24.3728416666667,92.0930555555556
1,24.3763083333333,92.1005333333333
1,24.3793916666667,92.103075
1,24.3786888888889,92.1083111111111
1,24.3777138888889,92.1124583333333
1,24.3781833333333,92.1167916666667
1,24.3806472222222,92.1227
1,24.3862583333333,92.1255277777778
1,24.3942,92.1241027777778
1,24.4039722222222,92.1287972222222
1,24.4088666666667,92.132125
1,24.4138388888889,92.1348527777778
1,24.4201722222222,92.1377833333333
1,24.4231694444444,92.1410277777778
1,24.4240027777778,92.1460472222222
1,24.4236666666667,92.1523666666667
1,24.4223333333333,92.1592777777778
1,24.4198277777778,92.1639222222222
1,24.4200333333333,92.1703333333333
1,24.4246416666667,92.1710055555556
1,24.4315777777778,92.167625
1,24.4380777777778,92.164825
1,24.4475444444444,92.1629166666667
1,24.4571138888889,92.1606027777778
1,24.4623472222222,92.1587083333333
1,24.4699305555556,92.1584638888889
1,24.4831083333333,92.1556444444444
1,24.4887916666667,92.1547277777778
1,24.4942138888889,92.1545138888889
1,24.4978222222222,92.1534027777778
1,24.5017027777778,92.1527916666667
1,24.5113694444444,92.1533472222222
1,24.5181472222222,92.1549916666667
1,24.523125,92.1573388888889
1,24.5248611111111,92.1616722222222
1,24.5259666666667,92.1689638888889
1,24.524725,92.1732222222222
1,24.523025,92.17925
1,24.5193527777778,92.1861722222222
1,24.5157722222222,92.1947833333333
1,24.5099305555556,92.2033888888889
1,24.5057083333333,92.2112083333333
1,24.5031972222222,92.2153611111111
1,24.4997777777778,92.2196166666667
1,24.4970916666667,92.2262416666667
1,24.5001833333333,92.23195
1,24.5042444444444,92.2325277777778
1,24.5186083333333,92.2322694444444
1,24.5258305555556,92.2322416666667
1,24.5355,92.2308194444444
1,24.5423555555556,92.2309916666667
1,24.5507666666667,92.2326305555556
1,24.559975,92.2325972222222
1,24.5706305555556,92.2325555555556
1,24.5794805555556,92.2319305555556
1,24.5871583333333,92.2300138888889
1,24.5928361111111,92.2276305555556
1,24.5970611111111,92.222575
1,24.6037444444444,92.220075
1,24.6073555555556,92.2210472222222
1,24.6126972222222,92.2256666666667
1,24.6167833333333,92.2302916666667
1,24.6205805555556,92.2327416666667
1,24.6280027777778,92.236075
1,24.6355,92.2384166666667
1,24.6424583333333,92.2385888888889
1,24.6467055555556,92.2381666666667
1,24.6513888888889,92.2347916666667
1,24.655625,92.2316166666667
1,24.6611194444444,92.2274444444444
1,24.6649111111111,92.22595
1,24.6711277777778,92.2239361111111
1,24.6784527777778,92.2247
1,24.6829722222222,92.2272555555556
1,24.68985,92.2298944444444
1,24.6952805555556,92.23225
1,24.7000777777778,92.2379583333333
1,24.7018111111111,92.2429916666667
1,24.7010222222222,92.2479361111111
1,24.6997777777778,92.25595
1,24.7028638888889,92.2594916666667
1,24.7063027777778,92.2620472222222
1,24.7109166666667,92.2646027777778
1,24.7198666666667,92.26575
1,24.7264611111111,92.2657361111111
1,24.7311527777778,92.2664027777778
1,24.7411027777778,92.2690333333333
1,24.7461555555556,92.2691166666667
1,24.7497694444444,92.2682138888889
1,24.7572527777778,92.2665972222222
1,24.7625777777778,92.2630194444444
1,24.7675444444444,92.2632972222222
1,24.7726055555556,92.2643666666667
1,24.7762305555556,92.2665277777778
1,24.7792166666667,92.2687916666667
1,24.7813916666667,92.2720472222222
1,24.7836666666667,92.277375
1,24.7856638888889,92.2816166666667
1,24.789725,92.2816111111111
1,24.7932444444444,92.2781305555555
1,24.7999083333333,92.2731666666667
1,24.8047833333333,92.2727416666667
1,24.8150833333333,92.2722138888889
1,24.8213083333333,92.2711944444444
1,24.827175,92.2702916666667
1,24.8298638888889,92.2626527777778
1,24.8278583333333,92.2574166666667
1,24.8277527777778,92.2517833333333
1,24.8315222222222,92.2460277777778
1,24.8376638888889,92.246
1,24.8423638888889,92.2473666666667
1,24.8477888888889,92.2475472222222
1,24.8514805555556,92.24545
1,24.85535,92.2402916666667
1,24.8594888888889,92.2355194444444
1,24.8641805555556,92.2348111111111
1,24.8680861111111,92.2416166666667
1,24.8709888888889,92.244875
1,24.8761472222222,92.248125
1,24.8799527777778,92.2519638888889
1,24.8844722222222,92.2521444444445
1,24.8901555555556,92.2505333333333
1,24.8943833333333,92.2456722222222
1,24.8985222222222,92.2419916666667
1,24.9024166666667,92.2421722222222
1,24.9061333333333,92.2489916666667
1,24.90725,92.2572083333333
1,24.9081833333333,92.2686861111111
1,24.9077527777778,92.2750194444445
1,24.9062388888889,92.2791944444444
1,24.9061638888889,92.2840416666667
1,24.9088916666667,92.2907638888889
1,24.9142416666667,92.2971722222222
1,24.9144361111111,92.3017361111111
1,24.9147194444444,92.3061944444444
1,24.9086833333333,92.3111583333333
1,24.9033555555556,92.3111805555556
1,24.8992,92.3136666666667
1,24.8957972222222,92.3229916666667
1,24.8917583333333,92.3305194444444
1,24.8865305555556,92.3364861111111
1,24.8814027777778,92.3416444444444
1,24.8814138888889,92.3473888888889
1,24.8862055555556,92.34945
1,24.8886555555556,92.3541944444444
1,24.8842333333333,92.3559916666667
1,24.8796416666667,92.36125
1,24.87595,92.3641305555555
1,24.873525,92.3677972222222
1,24.8730805555556,92.37275
1,24.8709222222222,92.3778111111111
1,24.8681277777778,92.3804861111111
1,24.8603694444444,92.3839777777778
1,24.8535361111111,92.3945888888889
1,24.8538166666667,92.4012138888889
1,24.857625,92.4059583333333
1,24.8619666666667,92.4093055555556
1,24.8624305555556,92.4151527777778
1,24.8586527777778,92.4190138888889
1,24.8564888888889,92.4225833333333
1,24.8558666666667,92.4289222222222
1,24.8580583333333,92.4365416666667
1,24.8670027777778,92.4418527777778
1,24.8726222222222,92.4496666666667
1,24.8742583333333,92.4558944444444
1,24.8737361111111,92.4629222222222
1,24.8699583333333,92.4720416666667
1,24.8666305555556,92.4798666666667
1,24.8652805555556,92.4857083333333
1,24.8652055555556,92.4918527777778
1,24.8663888888889,92.4962972222222
1,24.8724388888889,92.4974722222222
1,24.8775888888889,92.4962777777778
1,24.8833638888889,92.4930972222222
1,24.8894111111111,92.4927916666667
1,24.89465,92.4939638888889
1,24.9045888888889,92.4940416666667
1,24.9150555555556,92.4898527777778
1,24.9198416666667,92.4885694444444
1,24.9260694444444,92.4849861111111
1,24.9294972222222,92.4828944444445
1,24.9322166666667,92.4863611111111
1,24.9358305555556,92.488325
1,24.9407972222222,92.4872361111111
1,24.9414166666667,92.4828666666667
1,24.9416833333333,92.4769305555556
1,24.9409444444444,92.47
1,24.9400305555556,92.4638611111111
1,24.9395666666667,92.4586111111111
1,24.9407305555556,92.4535611111111
1,24.9456888888889,92.4499861111111
1,24.9510222222222,92.4501666666667
1,24.9528416666667,92.4545138888889
1,24.9536666666667,92.4596666666667
1,24.9564666666667,92.463125
1,24.9609861111111,92.4644083333333
1,24.9653972222222,92.4580555555556
1,24.9675583333333,92.4525972222222
1,24.9679055555556,92.44745
1,24.9675361111111,92.442
1,24.9666222222222,92.4361527777778
1,24.96805,92.4295138888889
1,24.9729111111111,92.4214861111111
1,24.9786861111111,92.4184027777778
1,24.985825,92.418375
1,24.9902472222222,92.4187638888889
1,24.9969361111111,92.4210194444444
1,25.0018972222222,92.4212083333333
1,25.0076861111111,92.4236666666667
1,25.016,92.4255277777778
1,25.0230472222222,92.4253111111111
1,25.0279888888889,92.4238805555556
1,25.0323333333333,92.4168666666667
1,25.0310555555556,92.4099305555556
1,25.0314861111111,92.4032916666667
1,25.0366138888889,92.3955416666667
1,25.0398555555556,92.3908666666667
1,25.0419166666667,92.3853194444444
1,25.0420777777778,92.3776805555556
1,25.0430583333333,92.3712361111111
1,25.0473833333333,92.3664638888889
1,25.0460111111111,92.3584444444444
1,25.0462527777778,92.3507083333333
1,25.0484138888889,92.3464361111111
1,25.0535583333333,92.3440416666667
1,25.0595194444444,92.3449083333333
1,25.0644,92.3455
1,25.0689944444444,92.3439916666667
1,25.0759472222222,92.342575
1,25.0803583333333,92.3350277777778
1,25.0807944444444,92.3301666666667
1,25.0788833333333,92.3252222222222
1,25.0738055555556,92.3195888888889
1,25.0712638888889,92.3146444444445
1,25.0697138888889,92.310075
1,25.0696083333333,92.3036444444444
1,25.0699527777778,92.2988805555556
1,25.0724611111111,92.2917277777778
1,25.0746083333333,92.2849777777778
1,25.076575,92.2801111111111
1,25.0791833333333,92.2757416666667
1,25.0806972222222,92.2704777777778
1,25.0832083333333,92.2635333333333
1,25.0868777777778,92.254
1,25.0892861111111,92.2456527777778
1,25.0923333333333,92.2387
1,25.0950138888889,92.2309583333333
1,25.1001388888889,92.2236944444444
1,25.1067888888889,92.2145472222222
1,25.1095722222222,92.2108611111111
1,25.1129388888889,92.2165972222222
1,25.1129694444444,92.2242361111111
1,25.1164055555556,92.2263055555556
1,25.1195444444444,92.2208333333333
1,25.1221138888889,92.208325
1,25.1232638888889,92.2012777777778
1,25.1272222222222,92.1967
1,25.1325444444444,92.1934027777778
1,25.1338805555556,92.1892277777778
1,25.1310638888889,92.1858666666667
1,25.1259333333333,92.1897638888889
1,25.1201611111111,92.1913805555556
1,25.1194194444444,92.1854305555556
1,25.1211888888889,92.1774916666667
1,25.1251305555556,92.1700277777778
1,25.1281888888889,92.1653527777778
1,25.1312305555556,92.1597833333333
1,25.1355361111111,92.151325
1,25.139375,92.1411944444445
1,25.1411666666667,92.1371166666667
1,25.1547111111111,92.1361527777778
1,25.1637805555556,92.1240055555556
1,25.1680722222222,92.1132694444444
1,25.1713833333333,92.1064027777778
1,25.1734305555556,92.1009305555555
1,25.175125,92.0954638888889
1,25.1783416666667,92.089
1,25.18175,92.0830277777778
1,25.1840722222222,92.0761722222222
1,25.1857305555556,92.0637555555556
1,25.1844388888889,92.0588944444444
1,25.1814333333333,92.0531666666667
1,25.1801388888889,92.0481111111111
1,25.1826361111111,92.0409444444444
1,25.1830638888889,92.0368805555556
1,25.1810555555556,92.0317361111111
1,25.1813972222222,92.0277555555556
1,25.1862777777778,92.0175472222222
1,25.1870138888889,92.0124444444444
1,25.1855194444444,92.0037138888889
1,25.1825083333333,91.9971861111111
1,25.178875,91.9924444444444
1,25.1731666666667,91.9885194444444
1,25.1694416666667,91.9847694444444
1,25.1703888888889,91.9762222222222
1,25.174425,91.9710416666667
1,25.1773805555556,91.9655611111111
1,25.1790666666667,91.9608888888889
1,25.1805638888889,91.9538333333333
1,25.1811722222222,91.9486805555556
1,25.1809305555556,91.9372555555556
1,25.1806111111111,91.9287361111111
1,25.1807111111111,91.9149361111111
1,25.1791277777778,91.9072083333333
1,25.1785555555556,91.9003611111111
1,25.1782472222222,91.8939166666667
1,25.1753833333333,91.8843111111111
1,25.1742638888889,91.877575
1,25.1729722222222,91.8732138888889
1,25.1728972222222,91.8608111111111
1,25.1733972222222,91.8532694444445
1,25.1765777777778,91.8427277777778
1,25.1754611111111,91.8377694444444
1,25.1718194444444,91.8316527777778
1,25.1720388888889,91.8234166666667
1,25.1692916666667,91.8178805555556
1,25.169175,91.8137138888889
1,25.1672444444444,91.8079638888889
1,25.1669388888889,91.8033111111111
1,25.1663555555556,91.7973666666667
1,25.1663972222222,91.7897222222222
1,25.1662722222222,91.7842694444444
1,25.1655222222222,91.7801027777778
1,25.1649361111111,91.7734583333333
1,25.1651666666667,91.7676027777778
1,25.1670111111111,91.7588611111111
1,25.1682444444444,91.7540888888889
1,25.1695555555556,91.7482138888889
1,25.1650194444444,91.745375
1,25.159625,91.7477
1,25.1554694444444,91.7490277777778
1,25.1517722222222,91.7491666666667
1,25.1465083333333,91.7455277777778
1,25.1479055555556,91.7384777777778
1,25.1495777777778,91.7321166666667
1,25.150725,91.7281388888889
1,25.154025,91.72275
1,25.1552583333333,91.7176861111111
1,25.1560416666667,91.7127138888889
1,25.1546388888889,91.706375
1,25.148025,91.7041444444445
1,25.1419444444444,91.6994361111111
1,25.1383027777778,91.6957083333333
1,25.1360111111111,91.6904638888889
1,25.1351527777778,91.6838333333333
1,25.1356611111111,91.6795611111111
1,25.1350777777778,91.6734166666667
1,25.1289805555556,91.6666166666667
1,25.1273166666667,91.6623666666667
1,22.5945333333333,92.5368888888889
1,22.6086305555556,92.5334722222222
1,22.6153055555556,92.5290888888889
1,22.6202722222222,92.5253888888889
1,22.6243388888889,92.5277222222222
1,22.6282361111111,92.5335555555556
1,22.632025,92.5340416666667
1,22.6348305555556,92.5310138888889
1,22.63645,92.5264361111111
1,22.6406944444444,92.5255555555556
1,22.6519888888889,92.5255416666667
1,22.6556944444444,92.5249583333333
1,22.6603944444444,92.5249583333333
1,22.6645472222222,92.5259166666667
1,22.6836055555556,92.5207361111111
1,22.6996888888889,92.5191583333333
1,22.7108,92.516325
1,22.7187416666667,92.5137833333333
1,22.7335611111111,92.509
1,22.7408666666667,92.5017833333333
1,22.7439305555556,92.4955416666667
1,22.7442916666667,92.4894027777778
1,22.7447277777778,92.4841444444444
1,22.74915,92.479075
1,22.7633361111111,92.4759444444445
1,22.7781472222222,92.4740611111111
1,22.7874444444444,92.4707361111111
1,22.79485,92.4675055555556
1,22.8027083333333,92.4655472222222
1,22.8073138888889,92.4636861111111
1,22.8110138888889,92.4596944444444
1,22.8155305555556,92.4550055555556
1,22.8222083333333,92.4543111111111
1,22.8268138888889,92.4545972222222
1,22.829175,92.4612222222222
1,22.83405,92.4609222222222
1,22.8392861111111,92.4573111111111
1,22.8454416666667,92.4632416666667
1,22.8494166666667,92.4608055555556
1,22.85375,92.45845
1,22.86035,92.4615611111111
1,22.8623277777778,92.4569777777778
1,22.8675638888889,92.4555
1,22.8719027777778,92.4571583333333
1,22.8767805555556,92.45295
1,22.88075,92.4500194444445
1,22.8857111111111,92.4476722222222
1,22.8911277777778,92.4471805555556
1,22.8919416666667,92.4418111111111
1,22.8889527777778,92.4393805555556
1,22.8867722222222,92.4352
1,22.8986916666667,92.4275694444445
1,22.9097944444444,92.4208111111111
1,22.915125,92.4202222222222
1,22.91665,92.4142777777778
1,22.9112055555556,92.4023888888889
1,22.9148138888889,92.4009222222222
1,22.9210472222222,92.3998333333333
1,22.9262861111111,92.4003111111111
1,22.9280027777778,92.3960138888889
1,22.9277111111111,92.3877222222222
1,22.9272472222222,92.3823611111111
1,22.9321972222222,92.3739638888889
1,22.9386194444444,92.3737555555555
1,22.9431361111111,92.3733527777778
1,22.9486527777778,92.3755833333333
1,22.9557833333333,92.3763388888889
1,22.9611194444444,92.3769166666667
1,22.9652666666667,92.3745694444444
1,22.9691472222222,92.3725138888889
1,22.973675,92.3777694444444
1,22.9767583333333,92.3823388888889
1,22.9824527777778,92.3846722222222
1,22.9876055555556,92.3842777777778
1,22.9916694444444,92.3864166666667
1,22.9984527777778,92.3875611111111
1,23.0039666666667,92.3897
1,23.0112722222222,92.3844166666667
1,23.015875,92.3828388888889
1,23.0202166666667,92.3836166666667
1,23.0242833333333,92.3868194444444
1,23.0283527777778,92.3895416666667
1,23.0342222222222,92.3858333333333
1,23.0383861111111,92.3871805555556
1,23.0433611111111,92.3915555555556
1,23.0497805555556,92.3952555555556
1,23.0534861111111,92.39525
1,23.0615138888889,92.3915194444445
1,23.0648555555556,92.3896583333333
1,23.0692833333333,92.3877
1,23.073975,92.3863194444445
1,23.080025,92.3852361111111
1,23.0866222222222,92.3846305555556
1,23.0871527777778,92.3791666666667
1,23.0856972222222,92.3751666666667
1,23.0906611111111,92.3717277777778
1,23.0977944444444,92.3722972222222
1,23.1001388888889,92.3680055555556
1,23.1036555555556,92.3651583333333
1,23.1075416666667,92.3649583333333
1,23.1137777777778,92.3665055555555
1,23.1192861111111,92.3695194444444
1,23.124625,92.3722361111111
1,23.1286,92.3710555555555
1,23.1301277777778,92.3654777777778
1,23.1368944444444,92.3619583333333
1,23.1412333333333,92.3642916666667
1,23.1474722222222,92.3665138888889
1,23.1543361111111,92.3660138888889
1,23.1605666666667,92.3640416666667
1,23.1687861111111,92.3626527777778
1,23.1766472222222,92.364
1,23.1812583333333,92.3637972222222
1,23.1858611111111,92.3622222222222
1,23.1892777777778,92.3580138888889
1,23.1933472222222,92.3574166666667
1,23.1975916666667,92.358375
1,23.2041888888889,92.3602222222222
1,23.2116916666667,92.3600055555556
1,23.2168333333333,92.3585277777778
1,23.2265861111111,92.3571305555555
1,23.2326416666667,92.3559444444444
1,23.2360805555556,92.3609222222222
1,23.2357361111111,92.3670833333333
1,23.2369194444444,92.3720611111111
1,23.2369527777778,92.3867222222222
1,23.2387666666667,92.3924861111111
1,23.2373277777778,92.3963944444445
1,23.2367138888889,92.4044166666667
1,23.2409611111111,92.4040138888889
1,23.2459222222222,92.3997916666667
1,23.2508833333333,92.3974444444444
1,23.2549527777778,92.39645
1,23.258375,92.3941944444445
1,23.262075,92.3916388888889
1,23.264025,92.3931027777778
1,23.2662388888889,92.3947638888889
1,23.2701277777778,92.398375
1,23.2767166666667,92.3959083333333
1,23.279875,92.3923888888889
1,23.2848416666667,92.3902222222222
1,23.292875,92.3865888888889
1,23.2992888888889,92.3878388888889
1,23.3057111111111,92.390375
1,23.3115694444444,92.387325
1,23.3159916666667,92.3855555555556
1,23.3195111111111,92.3820277777778
1,23.3198611111111,92.3752777777778
1,23.3269888888889,92.3716388888889
1,23.3306944444444,92.3741722222222
1,23.3332361111111,92.3781722222222
1,23.3394777777778,92.3833472222222
1,23.3444472222222,92.3845138888889
1,23.3497861111111,92.3850833333333
1,23.3543,92.3846805555556
1,23.3585444444444,92.3838888888889
1,23.3649527777778,92.3798611111111
1,23.3706333333333,92.3774916666667
1,23.3713388888889,92.3691805555555
1,23.3735861111111,92.3639861111111
1,23.3782,92.366325
1,23.3821638888889,92.3635833333333
1,23.3847805555556,92.3583888888889
1,23.3899305555556,92.3607222222222
1,23.3942666666667,92.3605138888889
1,23.3953444444444,92.3562
1,23.3999444444444,92.3555055555556
1,23.4045611111111,92.3575472222222
1,23.4082694444444,92.3598944444444
1,23.4124194444444,92.3596861111111
1,23.4127666666667,92.3542972222222
1,23.4180916666667,92.3494916666667
1,23.4246888888889,92.3499583333333
1,23.4291083333333,92.3483888888889
1,23.4331694444444,92.3465055555556
1,23.4305361111111,92.3409361111111
1,23.4279916666667,92.3351666666667
1,23.4279833333333,92.3310611111111
1,23.4340416666667,92.3306583333333
1,23.43955,92.3304444444445
1,23.4455972222222,92.3300333333333
1,23.4516527777778,92.3302083333333
1,23.45825,92.3327361111111
1,23.4626805555556,92.3333055555555
1,23.4657388888889,92.3275277777778
1,23.4660861111111,92.3225333333333
1,23.4697833333333,92.3215416666667
1,23.4747722222222,92.3275055555556
1,23.4791055555556,92.3278805555556
1,23.4833472222222,92.3241527777778
1,23.4872305555556,92.3235472222222
1,23.4925555555556,92.3230416666667
1,23.5022222222222,92.3237
1,23.5077305555556,92.3224083333333
1,23.5165805555556,92.3196388888889
1,23.5200138888889,92.321
1,23.5255305555556,92.3227555555555
1,23.5297583333333,92.3182361111111
1,23.5328166666667,92.3116527777778
1,23.5370583333333,92.31145
1,23.54275,92.3114361111111
1,23.5523361111111,92.3135611111111
1,23.5655194444444,92.3122416666667
1,23.5816833333333,92.3090611111111
1,23.5889111111111,92.3085555555556
1,23.5913277777778,92.3025611111111
1,23.5924,92.2977555555556
1,23.5951027777778,92.2935333333333
1,23.6053083333333,92.2924222222222
1,23.6137111111111,92.2933805555556
1,23.6161527777778,92.2969916666667
1,23.6181527777778,92.300325
1,23.6222222222222,92.3008055555555
1,23.6240166666667,92.2971666666667
1,23.6236361111111,92.2894305555556
1,23.6247,92.2826583333333
1,23.63265,92.2832222222222
1,23.6362527777778,92.2784027777778
1,23.6419444444444,92.2778055555555
1,23.6509805555556,92.282075
1,23.66085,92.2874444444444
1,23.6695305555556,92.2914305555556
1,23.6772138888889,92.2931722222222
1,23.6858888888889,92.2945138888889
1,23.6921166666667,92.293325
1,23.7003277777778,92.2905472222222
1,23.703125,92.2863194444444
1,23.7081694444444,92.2836583333333
1,23.7134888888889,92.2808944444444
1,23.7176277777778,92.2750972222222
1,23.7228638888889,92.2670138888889
1,23.7215638888889,92.2585972222222
1,23.72055,92.2526166666667
1,23.716375,92.2477277777778
1,23.7128444444444,92.2452916666667
1,23.7085027777778,92.2425611111111
1,23.7033638888889,92.2448333333333
1,23.6991138888889,92.2454361111111
1,23.6945083333333,92.2452555555556
1,23.69125,92.2433111111111
1,23.6884333333333,92.2385138888889
1,23.6822,92.2361805555556
1,23.6739805555556,92.2371944444444
1,23.6688277777778,92.2370194444444
1,23.665125,92.2352638888889
1,23.6585166666667,92.2310694444444
1,23.65135,92.2229638888889
1,23.6501638888889,92.21875
1,23.6527666666667,92.2139361111111
1,23.6597166666667,92.2103805555556
1,23.6714666666667,92.2134722222222
1,23.6766194444444,92.2154166666667
1,23.6802388888889,92.2160888888889
1,23.6842083333333,92.2162638888889
1,23.6894472222222,92.2153666666667
1,23.6962111111111,92.2114166666667
1,23.7033333333333,92.2069722222222
1,23.7036694444444,92.1994166666667
1,23.7064583333333,92.1956861111111
1,23.7074333333333,92.1911722222222
1,23.7065805555556,92.1798944444444
1,23.711725,92.176825
1,23.7157861111111,92.1773944444444
1,23.7202944444444,92.1758194444445
1,23.7261694444444,92.1748055555556
1,23.7300611111111,92.1769583333333
1,23.7362916666667,92.17575
1,23.7362638888889,92.1697638888889
1,23.7346055555556,92.1608472222222
1,23.7325083333333,92.1531027777778
1,23.7296944444444,92.1495833333333
1,23.7268694444444,92.1446944444444
1,23.7129416666667,92.1396444444445
1,23.7057916666667,92.1352694444444
1,23.7010666666667,92.1285194444444
1,23.6937361111111,92.1243388888889
1,23.6869166666667,92.113575
1,23.6794944444444,92.1095
1,23.6765194444444,92.1067416666667
1,23.6749611111111,92.1052972222222
1,23.6740416666667,92.0991305555555
1,23.6752833333333,92.0943111111111
1,23.6748916666667,92.0883388888889
1,23.6722666666667,92.084625
1,23.6653055555556,92.0833805555556
1,23.6581694444444,92.0836111111111
1,23.6519222222222,92.0814861111111
1,23.6473083333333,92.0797416666667
1,23.6439555555556,92.0757361111111
1,23.6451055555556,92.0689722222222
1,23.6449861111111,92.0622083333333
1,23.6451416666667,92.0562222222222
1,23.6447555555556,92.0504444444445
1,23.6461583333333,92.040625
1,23.6483888888889,92.0346388888889
1,23.6530416666667,92.0248111111111
1,23.656625,92.0192972222222
1,23.6615583333333,92.0109361111111
1,23.6739055555556,92.0041027777778
1,23.6836333333333,91.9986583333333
1,23.6931055555556,91.9951805555556
1,23.7046416666667,91.9904027777778
1,23.7172722222222,91.9872972222222
1,23.7291694444444,91.9824222222222
1,23.7330222222222,91.97445
1,23.7331722222222,91.96945
1,23.731325,91.960825
1,23.7295055555556,91.9573055555556
1,23.7265083333333,91.9549638888889
1,23.7203583333333,91.9530416666667
1,23.7118666666667,91.9520138888889
1,23.7013194444444,91.9562
1,23.7001611111111,91.9605138888889
1,23.6964527777778,91.9601444444445
1,23.6934305555556,91.95075
1,23.6899638888889,91.9434166666667
1,23.6864166666667,91.9392138888889
1,23.6796333333333,91.9374916666667
1,23.6759361111111,91.9380972222222
1,23.6691777777778,91.9403944444445
1,23.6627527777778,91.9389638888889
1,23.6591472222222,91.9397694444445
1,23.6552694444444,91.9424361111111
1,23.6501388888889,91.9444305555556
1,23.6447361111111,91.9479916666667
1,23.6395777777778,91.947625
1,23.6336944444444,91.9451166666667
1,23.6252166666667,91.9467361111111
1,23.6186444444444,91.9503944444445
1,23.6090083333333,91.9566305555556
1,23.6035027777778,91.9582361111111
1,23.5951861111111,91.9556305555556
1,23.5900277777778,91.9544861111111
1,23.5846083333333,91.9539222222222
1,23.5803694444444,91.9549305555556
1,23.5755833333333,91.9555472222222
1,23.5693472222222,91.9551861111111
1,23.5636694444444,91.9578666666667
1,23.5598,91.9610277777778
1,23.5521333333333,91.9626388888889
1,23.5449972222222,91.9637555555556
1,23.5367,91.9655694444444
1,23.5325472222222,91.9653888888889
1,23.5293777777778,91.96345
1,23.5257472222222,91.9602416666667
1,23.5227527777778,91.9579083333333
1,23.51725,91.9602916666667
1,23.5148388888889,91.9656944444444
1,23.5103416666667,91.9695277777778
1,23.5061055555556,91.9713194444444
1,23.4997111111111,91.9737083333333
1,23.491675,91.975325
1,23.4856277777778,91.9770194444444
1,23.4806638888889,91.9772416666667
1,23.4773,91.9730472222222
1,23.4756388888889,91.9657138888889
1,23.4734388888889,91.9583888888889
1,23.4722305555556,91.9524166666667
1,23.4691333333333,91.9452833333333
1,23.4650527777778,91.9424722222222
1,23.4598944444444,91.9417138888889
1,23.4528638888889,91.9442083333333
1,23.4480805555556,91.9442361111111
1,23.4429333333333,91.9451527777778
1,23.4374222222222,91.9445888888889
1,23.4341583333333,91.9409861111111
1,23.4333138888889,91.9352138888889
1,23.4355305555556,91.9262972222222
1,23.4367638888889,91.920125
1,23.436375,91.915325
1,23.4377944444444,91.9105277777778
1,23.4375916666667,91.9065194444445
1,23.4355833333333,91.9022222222222
1,23.4339305555556,91.8966527777778
1,23.4320027777778,91.8910833333333
1,23.4244666666667,91.8830055555556
1,23.4146666666667,91.8754361111111
1,23.4060305555556,91.8652138888889
1,23.4057944444444,91.8644444444444
1,23.4045583333333,91.8604222222222
1,23.4054361111111,91.8554305555555
1,23.4037944444444,91.8511305555556
1,23.4007861111111,91.8465555555556
1,23.3957916666667,91.8414027777778
1,23.3911666666667,91.8386944444444
1,23.3831305555556,91.83845
1,23.3772638888889,91.84025
1,23.3719333333333,91.8398944444444
1,23.367675,91.8373666666667
1,23.3644944444444,91.8335833333333
1,23.3586027777778,91.8293111111111
1,23.3468277777778,91.8232361111111
1,23.345175,91.8192277777778
1,23.3422555555556,91.8142555555555
1,23.3394444444444,91.8117361111111
1,23.3358944444444,91.80795
1,23.3308194444444,91.8050472222222
1,23.3251388888889,91.8065472222222
1,23.3166166666667,91.8008388888889
1,23.3100777777778,91.7935472222222
1,23.3078861111111,91.7903333333333
1,23.3049777777778,91.7870333333333
1,23.2989194444444,91.7861861111111
1,23.2905944444444,91.7833111111111
1,23.2865166666667,91.7808055555555
1,23.2807277777778,91.7789861111111
1,23.2748361111111,91.7762916666667
1,23.2685111111111,91.7757416666667
1,23.2575833333333,91.7764083333333
1,23.2496416666667,91.7770555555555
1,23.2451416666667,91.7788388888889
1,23.2382944444444,91.7830888888889
1,23.2348888888889,91.787125
1,23.2297583333333,91.7900888888889
1,23.2246111111111,91.790325
1,23.2116055555556,91.789625
1,23.2031222222222,91.7910555555555
1,23.199325,91.7916666666667
1,23.1938444444444,91.7964861111111
1,23.1904222222222,91.797875
1,23.185475,91.80075
1,23.1783555555556,91.8039166666667
1,23.1702277777778,91.8051527777778
1,23.1614861111111,91.8078472222222
1,23.154175,91.80945
1,23.1497555555556,91.8096722222222
1,23.1442388888889,91.8093194444444
1,23.1405444444444,91.8095416666667
1,23.1330472222222,91.8099861111111
1,23.128625,91.811575
1,23.1214055555556,91.8129861111111
1,23.1174444444444,91.8138944444444
1,23.1117722222222,91.8175416666667
1,23.1051861111111,91.8188611111111
1,23.1016555555556,91.8175138888889
1,23.0977777777778,91.8197833333333
1,23.0988027777778,91.8243666666667
1,23.0988472222222,91.8325611111111
1,23.0942472222222,91.8338611111111
1,23.0907166666667,91.8319361111111
1,23.0853472222222,91.825625
1,23.0843277777778,91.8206444444444
1,23.0805944444444,91.8150194444444
1,23.0767277777778,91.8188472222222
1,23.0710111111111,91.8133194444444
1,23.0679194444444,91.8094305555556
1,23.0666305555556,91.8055333333333
1,23.0666944444444,91.8006583333333
1,23.0670222222222,91.7945972222222
1,23.0691666666667,91.7909777777778
1,23.0723916666667,91.7861722222222
1,23.0712805555556,91.7809083333333
1,23.0683694444444,91.7775138888889
1,23.0623972222222,91.7757972222222
1,23.0556416666667,91.7786666666667
1,23.0513222222222,91.78095
1,23.04645,91.7820472222222
1,23.0413083333333,91.7842361111111
1,23.0318916666667,91.7792222222222
1,23.0394583333333,91.7725333333333
1,23.0346138888889,91.7666166666667
1,23.0310777777778,91.7637083333333
1,23.0218111111111,91.7556722222222
1,23.0179194444444,91.7537555555556
1,23.0114611111111,91.7467694444445
1,23.0068916666667,91.7377361111111
1,22.9996166666667,91.7291027777778
1,22.9928166666667,91.7254444444444
1,22.9860666666667,91.7143666666667
1,22.9859388888889,91.7087083333333
1,22.9893361111111,91.7020472222222
1,22.9884777777778,91.695125
1,22.9831222222222,91.6900888888889
1,22.9801666666667,91.679875
1,22.98005,91.675875
1,22.977325,91.6731583333333
1,22.9770222222222,91.669075
1,22.9795138888889,91.6632972222222
1,22.9789361111111,91.6581305555556
1,22.9756555555556,91.6529777777778
1,22.9671527777778,91.6371444444445
1,22.9638777777778,91.6346444444445
1,22.9531777777778,91.6282916666667
1,22.94265,91.620075
1,22.9428916666667,91.6154027777778
1,22.9473027777778,91.6135055555555
1,22.9511666666667,91.6103611111111
1,22.956375,91.6059305555555
1,22.962175,91.6092
1,22.9655944444444,91.6074083333333
1,22.96855,91.6035888888889
1,22.9718583333333,91.5989777777778
1,22.9754333333333,91.5939638888889
1,22.9751388888889,91.5892916666667
1,22.9734805555556,91.5852972222222
1,22.9684638888889,91.5777361111111
1,22.9716666666667,91.5714722222222
1,22.9763972222222,91.5630333333333
1,22.9802333333333,91.5567694444444
1,22.9845638888889,91.5561388888889
1,22.9883722222222,91.5576722222222
1,22.9930722222222,91.5587972222222
1,22.9968722222222,91.5594583333333
1,23.0006472222222,91.5573666666667
1,22.9975388888889,91.5513472222222
1,22.9932583333333,91.5471861111111
1,22.9962194444444,91.5444305555556
1,23.0022833333333,91.5460416666667
1,23.0091666666667,91.5481305555555
1,23.0154888888889,91.5482694444444
1,23.0226638888889,91.5420611111111
1,23.0282027777778,91.5460194444444
1,23.0316527777778,91.5484222222222
1,23.0376277777778,91.5502277777778
1,23.0396833333333,91.5468888888889
1,23.0375583333333,91.5404722222222
1,23.0381583333333,91.5357777777778
1,23.044925,91.53475
1,23.0488138888889,91.5362777777778
1,23.0556861111111,91.5370888888889
1,23.0563777777778,91.5329916666667
1,23.0600472222222,91.5287638888889
1,23.0627888888889,91.5330333333333
1,23.0677694444444,91.5342555555555
1,23.0749694444444,91.5314638888889
1,23.0809027777778,91.5277972222222
1,23.0839055555556,91.5304083333333
1,23.0881666666667,91.5322277777778
1,23.0909111111111,91.5255694444444
1,23.0983027777778,91.5233527777778
1,23.1018194444444,91.5221527777778
1,23.1057444444444,91.5162555555556
1,23.1098055555556,91.5156305555555
1,23.1168694444444,91.5184027777778
1,23.1212722222222,91.5157361111111
1,23.1258138888889,91.5064166666667
1,23.1309527777778,91.5055833333333
1,23.1361388888889,91.5109083333333
1,23.1426861111111,91.5163194444444
1,23.1453555555556,91.5114166666667
1,23.1461055555556,91.5033944444444
1,23.1499055555556,91.5040555555556
1,23.1521388888889,91.4996388888889
1,23.1514611111111,91.4950555555556
1,23.1543416666667,91.492575
1,23.162025,91.4939777777778
1,23.1695416666667,91.4973333333333
1,23.1738805555556,91.497
1,23.1785611111111,91.4954916666667
1,23.1821277777778,91.501325
1,23.1848777777778,91.5060833333333
1,23.1886472222222,91.5029222222222
1,23.1894472222222,91.4901166666667
1,23.1891138888889,91.4815277777778
1,23.1922305555556,91.475825
1,23.1968194444444,91.4740333333333
1,23.1996527777778,91.4777138888889
1,23.2033277777778,91.4862777777778
1,23.2078305555556,91.4852638888889
1,23.2123416666667,91.48395
1,23.2173777777778,91.4813611111111
1,23.2167055555556,91.4765833333333
1,23.2146138888889,91.4624361111111
1,23.2185388888889,91.4569222222222
1,23.2222666666667,91.4600194444445
1,23.2242027777778,91.4646944444444
1,23.2310083333333,91.4692222222222
1,23.24485,91.461375
1,23.2455138888889,91.45325
1,23.2498361111111,91.4521305555556
1,23.2567333333333,91.4556805555556
1,23.2604083333333,91.4519361111111
1,23.2613638888889,91.4472361111111
1,23.2604111111111,91.4300333333333
1,23.2590027777778,91.4234083333333
1,23.2623277777778,91.421125
1,23.2664722222222,91.4205
1,23.2735,91.4181861111111
1,23.2806944444444,91.4146944444445
1,23.2802944444444,91.4100972222222
1,23.2750666666667,91.4112277777778
1,23.2596583333333,91.4151861111111
1,23.2561972222222,91.4121861111111
1,23.2598694444444,91.4077638888889
1,23.2637222222222,91.4046944444444
1,23.2616111111111,91.4006027777778
1,23.2559333333333,91.4012416666667
1,23.251825,91.4075416666667
1,23.2471972222222,91.4041666666667
1,23.2438138888889,91.3996027777778
1,23.2374055555556,91.3999638888889
1,23.2338027777778,91.4013611111111
1,23.2288416666667,91.4017083333333
1,23.2272388888889,91.3939027777778
1,23.2239583333333,91.390125
1,23.2157361111111,91.3899083333333
1,23.2115583333333,91.3870194444444
1,23.2077722222222,91.3870555555556
1,23.2018388888889,91.3900416666667
1,23.1988194444444,91.3855833333333
1,23.1936444444444,91.3829916666667
1,23.1892333333333,91.3837222222222
1,23.1817277777778,91.3833055555555
1,23.1723694444444,91.386625
1,23.1680444444444,91.3877416666667
1,23.159275,91.3870416666667
1,23.1497638888889,91.3942694444445
1,23.1434472222222,91.3953944444444
1,23.1379583333333,91.3973055555556
1,23.1162166666667,91.4005472222222
1,23.114,91.4047638888889
1,23.1098555555556,91.406375
1,23.1057027777778,91.4062138888889
1,23.1018055555556,91.4047833333333
1,23.097475,91.4054166666667
1,23.0921583333333,91.4072222222222
1,23.0872166666667,91.4098055555556
1,23.0817361111111,91.4133805555556
1,23.0768055555556,91.4180055555556
1,23.0699555555556,91.420125
1,23.0655111111111,91.4169444444445
1,23.0626777777778,91.4127777777778
1,23.0609694444444,91.4026388888889
1,23.0607,91.3916111111111
1,23.0637972222222,91.3840611111111
1,23.0671972222222,91.380125
1,23.0697833333333,91.3764916666667
1,23.0733333333333,91.3692277777778
1,23.0771972222222,91.3668527777778
1,23.081425,91.3647638888889
1,23.0862666666667,91.3606111111111
1,23.0904833333333,91.3573472222222
1,23.0939888888889,91.3549722222222
1,23.0989333333333,91.3522833333333
1,23.10325,91.3506805555555
1,23.10875,91.3490611111111
1,23.1130611111111,91.3470611111111
1,23.1211611111111,91.343075
1,23.1356555555556,91.3381444444444
1,23.1451277777778,91.3370694444444
1,23.1542166666667,91.3334638888889
1,23.1629166666667,91.3264444444444
1,23.1727555555556,91.3264361111111
1,23.1798916666667,91.3265611111111
1,23.1871111111111,91.3259027777778
1,23.193525,91.3256388888889
1,23.2031833333333,91.3252416666667
1,23.2076111111111,91.3258805555556
1,23.2145722222222,91.3266027777778
1,23.2230583333333,91.3262138888889
1,23.2300916666667,91.3257555555556
1,23.2368638888889,91.3251944444444
1,23.2442333333333,91.3217972222222
1,23.2513361111111,91.3275888888889
1,23.2553694444444,91.3244166666667
1,23.2550444444444,91.3185555555555
1,23.2617194444444,91.3173194444444
1,23.2653888888889,91.3143472222222
1,23.2717972222222,91.3136861111111
1,23.276625,91.3179361111111
1,23.2814861111111,91.3166166666667
1,23.2822583333333,91.3112361111111
1,23.2835694444444,91.3071166666667
1,23.2851583333333,91.3031805555556
1,23.2912888888889,91.3014638888889
1,23.2961777777778,91.3025833333333
1,23.3015555555556,91.3084916666667
1,23.3032277777778,91.31375
1,23.3070416666667,91.31645
1,23.3122638888889,91.3146388888889
1,23.3144861111111,91.3103111111111
1,23.3145222222222,91.3047361111111
1,23.3143916666667,91.3005277777778
1,23.31875,91.2930555555556
1,23.3229166666667,91.2938944444444
1,23.3263611111111,91.2955194444444
1,23.3309861111111,91.2975194444444
1,23.3383972222222,91.2987222222222
1,23.3439416666667,91.3029638888889
1,23.3447027777778,91.3075472222222
1,23.3474666666667,91.3125138888889
1,23.3510888888889,91.3145194444444
1,23.3584861111111,91.3155333333333
1,23.3561888888889,91.3092916666667
1,23.3528194444444,91.3051166666667
1,23.3486361111111,91.3027138888889
1,23.3489583333333,91.2982138888889
1,23.354375,91.2971722222222
1,23.3592166666667,91.2937
1,23.3685777777778,91.290375
1,23.3715111111111,91.295825
1,23.3781027777778,91.2951666666667
1,23.3794166666667,91.2913388888889
1,23.3744333333333,91.2887416666667
1,23.3750277777778,91.284625
1,23.3839444444444,91.2827777777778
1,23.3950166666667,91.2790333333333
1,23.4000777777778,91.2789777777778
1,23.4047861111111,91.2811861111111
1,23.4098416666667,91.2803472222222
1,23.4164888888889,91.2760611111111
1,23.4195222222222,91.2723194444444
1,23.4220166666667,91.2693472222222
1,23.4279805555556,91.2688888888889
1,23.4313416666667,91.2710138888889
1,23.4468361111111,91.2579222222222
1,23.4609722222222,91.2529722222222
1,23.4681666666667,91.2504444444445
1,23.4881972222222,91.2482638888889
1,23.4884944444444,91.2412138888889
1,23.4924388888889,91.2384222222222
1,23.497925,91.2365
1,23.4973305555556,91.2309222222222
1,23.4975361111111,91.223575
1,23.5028416666667,91.2217555555555
1,23.5099527777778,91.2189305555555
1,23.5091666666667,91.2120888888889
1,23.5120027777778,91.2066666666667
1,23.5188361111111,91.2041388888889
1,23.530875,91.2065472222222
1,23.5356916666667,91.2105138888889
1,23.5450222222222,91.21325
1,23.5485305555556,91.2118333333333
1,23.5464722222222,91.2044083333333
1,23.5501138888889,91.1982972222222
1,23.5601222222222,91.1970055555556
1,23.5646138888889,91.1940138888889
1,23.5821805555556,91.1808805555556
1,23.58575,91.1769166666667
1,23.5941555555556,91.1774083333333
1,23.596375,91.1733611111111
1,23.5965555555556,91.165125
1,23.5998694444444,91.16175
1,23.6086277777778,91.1618527777778
1,23.6164805555556,91.1617555555556
1,23.6256666666667,91.1592
1,23.63705,91.1597555555556
1,23.6426694444444,91.1622361111111
1,23.6526638888889,91.1597638888889
1,23.6619666666667,91.1600416666667
1,23.6630972222222,91.1638611111111
1,23.6609055555556,91.1706444444444
1,23.6540583333333,91.1817083333333
1,23.6513861111111,91.1943888888889
1,23.6452583333333,91.1959305555556
1,23.6439638888889,91.201625
1,23.6480638888889,91.2058944444444
1,23.6565611111111,91.2069722222222
1,23.6644166666667,91.2067833333333
1,23.6699055555556,91.2049638888889
1,23.6806638888889,91.2061111111111
1,23.6881333333333,91.2032833333333
1,23.6873166666667,91.1941666666667
1,23.68795,91.1845472222222
1,23.6871194444444,91.173375
1,23.686925,91.1633805555556
1,23.6878472222222,91.1562972222222
1,23.6939805555556,91.1551527777778
1,23.7008388888889,91.1552638888889
1,23.7052444444444,91.1536388888889
1,23.7100055555556,91.1510416666667
1,23.7242055555556,91.1534166666667
1,23.7278166666667,91.153375
1,23.7347166666667,91.1571166666667
1,23.7443444444444,91.1626027777778
1,23.747175,91.1659027777778
1,23.7456333333333,91.1740611111111
1,23.7502027777778,91.188625
1,23.7528277777778,91.1985055555556
1,23.7525166666667,91.2042972222222
1,23.7488083333333,91.2126805555556
1,23.7399527777778,91.2213194444444
1,23.7437916666667,91.2260888888889
1,23.7581722222222,91.2286666666667
1,23.7698333333333,91.2295138888889
1,23.7790333333333,91.2284305555556
1,23.7853361111111,91.2268805555556
1,23.7934083333333,91.230325
1,23.7993,91.2333055555555
1,23.8060694444444,91.2332222222222
1,23.8121611111111,91.2373805555556
1,23.8207166666667,91.2443527777778
1,23.8245305555556,91.2461666666667
1,23.8361416666667,91.2525194444444
1,23.8416416666667,91.2511861111111
1,23.8465861111111,91.2487694444444
1,23.8552055555556,91.2443472222222
1,23.8624888888889,91.241125
1,23.8693444444444,91.2397694444444
1,23.8752,91.2386166666667
1,23.8841611111111,91.2317416666667
1,23.8942888888889,91.2332
1,23.9019861111111,91.2354638888889
1,23.9058444444444,91.2419027777778
1,23.9111138888889,91.2455833333333
1,23.9179638888889,91.2446166666667
1,23.9210972222222,91.2410472222222
1,23.9233083333333,91.2367972222222
1,23.9267777777778,91.2404861111111
1,23.9240722222222,91.2603666666667
1,23.9236888888889,91.2674444444444
1,23.9268277777778,91.2751722222222
1,23.9314361111111,91.2745277777778
1,23.9350194444444,91.2717416666667
1,23.9388638888889,91.2676722222222
1,23.9454222222222,91.26395
1,23.952225,91.2677138888889
1,23.9563055555556,91.2689444444444
1,23.9597638888889,91.2726444444444
1,23.9666666666667,91.2763055555556
1,23.9725583333333,91.2789861111111
1,23.9785583333333,91.2830416666667
1,23.9782444444444,91.2882638888889
1,23.9742666666667,91.2881111111111
1,23.9688611111111,91.28925
1,23.9683833333333,91.2959305555556
1,23.97185,91.3002222222222
1,23.9766666666667,91.3031166666667
1,23.9838861111111,91.3032361111111
1,23.9879722222222,91.3058472222222
1,23.9894194444444,91.3152638888889
1,23.9896611111111,91.3225333333333
1,23.9914166666667,91.3267416666667
1,23.9891277777778,91.3329638888889
1,23.9834722222222,91.3367555555555
1,23.98025,91.3393472222222
1,23.9791555555556,91.3485
1,23.9813805555556,91.3555611111111
1,23.9837027777778,91.361825
1,23.9786833333333,91.3665972222222
1,23.9764694444444,91.3714361111111
1,23.9745444444444,91.3784305555556
1,23.9744111111111,91.3839305555556
1,23.9867555555556,91.3811527777778
1,23.9915194444444,91.3788472222222
1,23.9968416666667,91.378
1,24.0051861111111,91.3820416666667
1,24.0111722222222,91.385125
1,24.0177166666667,91.3897833333333
1,24.0210916666667,91.3941666666667
1,24.0253472222222,91.3954027777778
1,24.0301277777778,91.3944722222222
1,24.0358472222222,91.3978527777778
1,24.0394666666667,91.3989916666667
1,24.0437277777778,91.4010194444444
1,24.0524111111111,91.4026944444444
1,24.0577666666667,91.3955555555556
1,24.0613472222222,91.3919777777778
1,24.0673361111111,91.3847416666667
1,24.0711083333333,91.3825333333333
1,24.0772361111111,91.3811944444444
1,24.0821888888889,91.3801527777778
1,24.0926694444444,91.3808333333333
1,24.0990722222222,91.3792
1,24.1034166666667,91.3806166666667
1,24.1074416666667,91.3861944444445
1,24.1065888888889,91.3921027777778
1,24.1056333333333,91.3962416666667
1,24.1060638888889,91.4044083333333
1,24.1073055555556,91.4127555555556
1,24.10725,91.4267277777778
1,24.1048694444444,91.4342277777778
1,24.1013777777778,91.4374083333333
1,24.1014666666667,91.4482361111111
1,24.0998055555556,91.4545472222222
1,24.0966111111111,91.4611722222222
1,24.0953138888889,91.4682694444444
1,24.0963916666667,91.4791722222222
1,24.0961138888889,91.4887277777778
1,24.0948138888889,91.495125
1,24.0908472222222,91.4964444444444
1,24.0871527777778,91.497075
1,24.0845583333333,91.5000555555556
1,24.083425,91.5058611111111
1,24.0822388888889,91.515125
1,24.08155,91.5195555555556
1,24.0802444444444,91.5262555555556
1,24.0787777777778,91.5353194444444
1,24.0766888888889,91.544875
1,24.0743055555556,91.5519861111111
1,24.0737583333333,91.5624166666667
1,24.0743416666667,91.5681166666667
1,24.0774444444444,91.5724166666667
1,24.07865,91.5770333333333
1,23.8385916666667,88.5898805555556
1,23.8360611111111,88.5899722222222
1,23.8347944444444,88.590075
1,23.8266777777778,88.5938111111111
1,23.8221611111111,88.601875
1,23.8172166666667,88.6041166666667
1,23.8141972222222,88.5982694444444
1,23.8137805555556,88.5916722222222
1,23.8126361111111,88.5891111111111
1,23.8117166666667,88.5888611111111
1,23.8087833333333,88.5897277777778
1,23.8069972222222,88.5912083333333
1,23.8065388888889,88.5921861111111
1,23.8047388888889,88.5944083333333
1,23.8008277777778,88.5944305555556
1,23.8000583333333,88.5917833333333
1,23.7990027777778,88.5908194444444
1,23.7985277777778,88.5883527777778
1,23.7982916666667,88.5873805555556
1,23.798125,88.5863611111111
1,23.79655,88.5843666666667
1,23.7884083333333,88.5827083333333
1,23.7869166666667,88.5775555555556
1,23.7867166666667,88.5749083333333
1,23.7869777777778,88.5659916666667
1,23.7863638888889,88.56395
1,23.7857861111111,88.5619777777778
1,23.7845444444444,88.5616805555556
1,23.7821944444444,88.5620972222222
1,23.7810777777778,88.5625972222222
1,23.7773527777778,88.5681583333333
1,23.7757166666667,88.5710833333333
1,23.7732083333333,88.5753944444444
1,23.7705166666667,88.5786027777778
1,23.7664527777778,88.5802222222222
1,23.7657666666667,88.5811944444444
1,23.757175,88.5810138888889
1,23.7555861111111,88.5804166666667
1,23.7533222222222,88.5781805555555
1,23.7507444444444,88.5770277777778
1,23.7490166666667,88.5762555555555
1,23.7440055555556,88.5761388888889
1,23.7367944444444,88.5770416666667
1,23.73175,88.5751722222222
1,23.7250361111111,88.5736805555556
1,23.7177666666667,88.5680555555555
1,23.715275,88.5665972222222
1,23.7121361111111,88.5669305555556
1,23.7104333333333,88.5670611111111
1,23.7046972222222,88.5681944444444
1,23.6917694444444,88.571875
1,23.6888416666667,88.5731027777778
1,23.6832805555556,88.5737833333333
1,23.6705361111111,88.5762638888889
1,23.6678222222222,88.5756527777778
1,23.666425,88.5712694444444
1,23.6648277777778,88.5702777777778
1,23.6630111111111,88.5700472222222
1,23.6585138888889,88.5706861111111
1,23.6575916666667,88.5698388888889
1,23.6501972222222,88.5657638888889
1,23.6462805555556,88.5639916666667
1,23.6426472222222,88.5640055555556
1,23.640625,88.5647694444444
1,23.6390527777778,88.5674583333333
1,23.6386527777778,88.5690416666666
1,23.6381333333333,88.5708527777778
1,23.6370666666667,88.5782694444444
1,23.6368638888889,88.5803666666667
1,23.6382527777778,88.5920277777778
1,23.6371416666667,88.5947
1,23.6351222222222,88.5953333333333
1,23.6269666666667,88.5955
1,23.6192805555556,88.5932972222222
1,23.6154111111111,88.5926111111111
1,23.61155,88.587
1,23.6088277777778,88.5851111111111
1,23.6072416666667,88.584075
1,23.6032166666667,88.5839444444444
1,23.6013555555556,88.5831305555555
1,23.6005722222222,88.5896944444444
1,23.6031972222222,88.5946388888889
1,23.6036444444444,88.597575
1,23.6041472222222,88.6012638888889
1,23.6039222222222,88.6022416666667
1,23.6032361111111,88.6029638888889
1,23.6016777777778,88.6029777777778
1,23.5991888888889,88.6029777777778
1,23.5987361111111,88.6044583333333
1,23.6005694444444,88.6081305555555
1,23.601475,88.6093611111111
1,23.6026777777778,88.6167222222222
1,23.6033222222222,88.623075
1,23.6054027777778,88.6287083333333
1,23.6060694444444,88.6297
1,23.6065722222222,88.6399916666667
1,23.6090833333333,88.6458805555556
1,23.6079638888889,88.6476166666667
1,23.6036916666667,88.6475055555556
1,23.6027666666667,88.6471444444445
1,23.5977583333333,88.6415
1,23.5939194444444,88.6409166666667
1,23.5930277777778,88.6419222222222
1,23.5896277777778,88.6437555555556
1,23.5887166666667,88.6440138888889
1,23.5882805555556,88.6457277777778
1,23.5880805555556,88.64695
1,23.584925,88.6506305555556
1,23.5816694444444,88.6516944444444
1,23.5733611111111,88.65325
1,23.5661444444444,88.6546444444445
1,23.5582527777778,88.657625
1,23.5575888888889,88.6588666666667
1,23.5566722222222,88.6595888888889
1,23.5542027777778,88.661075
1,23.5533055555556,88.6613333333333
1,23.5503777777778,88.6637777777778
1,23.5492361111111,88.6667
1,23.5465638888889,88.6765555555556
1,23.5439166666667,88.6793611111111
1,23.539625,88.6863944444445
1,23.5387027777778,88.6866527777778
1,23.5373472222222,88.6872638888889
1,23.536,88.6883611111111
1,23.5298916666667,88.6888888888889
1,23.5262777777778,88.6945277777778
1,23.5181555555556,88.6975
1,23.5161527777778,88.7007138888889
1,23.5156972222222,88.7026583333333
1,23.5150305555556,88.707575
1,23.5152638888889,88.7085694444444
1,23.5145777777778,88.7107638888889
1,23.5130222222222,88.7129638888889
1,23.5119027777778,88.7134638888889
1,23.5105527777778,88.7142138888889
1,23.5085916666667,88.7185333333333
1,23.5080694444444,88.7206027777778
1,23.5099055555556,88.7272277777778
1,23.509,88.7294222222222
1,23.497475,88.7329027777778
1,23.4941416666667,88.7382361111111
1,23.4923333333333,88.7409916666667
1,23.491425,88.7419861111111
1,23.4814833333333,88.7449583333333
1,23.4801333333333,88.7481583333333
1,23.4799166666667,88.750125
1,23.4803777777778,88.7515888888889
1,23.4792916666667,88.7553611111111
1,23.4788138888889,88.7569722222222
1,23.4797361111111,88.7582222222222
1,23.4841694444444,88.7584222222222
1,23.4860611111111,88.7588194444444
1,23.4867388888889,88.7616305555556
1,23.4856222222222,88.764575
1,23.4839694444444,88.7670972222222
1,23.4804777777778,88.7724638888889
1,23.4820027777778,88.7740194444444
1,23.4849666666667,88.7741388888889
1,23.4886555555556,88.7726583333333
1,23.4899416666667,88.7721583333333
1,23.4924527777778,88.7722694444444
1,23.4933444444444,88.7727416666667
1,23.4983416666667,88.7814444444444
1,23.4988083333333,88.784625
1,23.4981055555556,88.7859305555556
1,23.4972833333333,88.7872277777778
1,23.4963888888889,88.7890694444445
1,23.4961694444444,88.7902916666667
1,23.4968361111111,88.7991111111111
1,23.4955583333333,88.8004861111111
1,23.4922305555556,88.8013388888889
1,23.4894638888889,88.8006944444444
1,23.4859666666667,88.7972694444444
1,23.4837583333333,88.7967555555555
1,23.48355,88.7981027777778
1,23.4821694444444,88.7980333333333
1,23.4814944444444,88.7997555555555
1,26.167975,89.1523666666667
1,26.17405,89.1456305555556
1,26.1838805555556,89.1393527777778
1,26.1918638888889,89.1392222222222
1,26.2056972222222,89.1495277777778
1,26.2125694444444,89.1497
1,26.2211111111111,89.1462083333333
1,26.2226972222222,89.1447083333333
1,26.2267861111111,89.1423194444445
1,26.2353777777778,89.1409638888889
1,26.2405638888889,89.1389305555556
1,26.2430611111111,89.1357
1,26.2450916666667,89.1334305555556
1,26.2473333333333,89.1289305555555
1,26.24825,89.1281861111111
1,26.2527722222222,89.1261527777778
1,26.2620305555556,89.1245472222222
1,26.2642833333333,89.1233944444444
1,26.2654277777778,89.1219305555556
1,26.2663222222222,89.1216722222222
1,26.2682527777778,89.1199638888889
1,26.2694944444444,89.1184083333333
1,26.2778527777778,89.1146388888889
1,26.2807916666667,89.111375
1,26.2835,89.1103527777778
1,26.28825,89.1049777777778
1,26.2914194444444,89.1053611111111
1,26.2945722222222,89.1077361111111
1,26.2961111111111,89.1079166666667
1,26.2981805555556,89.1079916666667
1,26.3002388888889,89.105625
1,26.3011388888889,89.1041166666667
1,26.3048333333333,89.1050833333333
1,26.3062805555556,89.1080611111111
1,26.3060361111111,89.1107916666667
1,26.3047444444444,89.1126527777778
1,26.3015833333333,89.1161583333333
1,26.3002277777778,89.1163888888889
1,26.2975416666667,89.1181527777778
1,26.2963888888889,89.1187916666667
1,26.2914305555556,89.1196583333333
1,26.2905166666667,89.1229166666667
1,26.290975,89.1241722222222
1,26.2916694444444,89.1249361111111
1,26.2973194444444,89.1279083333333
1,26.2977972222222,89.1298944444444
1,26.3153333333333,89.1353805555556
1,26.3177361111111,89.1277083333333
1,26.3177805555556,89.126125
1,26.3182166666667,89.124625
1,26.3179888888889,89.1236027777778
1,26.3187166666667,89.1191444444444
1,26.3205083333333,89.1184083333333
1,26.3226194444444,89.1161388888889
1,26.3214916666667,89.1081388888889
1,26.3219305555556,89.1066111111111
1,26.3232805555556,89.1058666666667
1,26.32555,89.1043611111111
1,26.3250222222222,89.1027916666667
1,26.3243805555556,89.1017416666667
1,26.3210277777778,89.098325
1,26.3199138888889,89.0946305555555
1,26.3204444444444,89.0874444444444
1,26.3244166666667,89.0895888888889
1,26.3278,89.0958333333333
1,26.3300722222222,89.098325
1,26.3374472222222,89.0999583333333
1,26.339125,89.1003388888889
1,26.3438555555556,89.0999777777778
1,26.3543555555556,89.0979583333333
1,26.3581194444444,89.0965888888889
1,26.3608055555556,89.0928111111111
1,26.360475,89.0901111111111
1,26.3603638888889,89.0885333333333
1,26.3612583333333,89.0842777777778
1,26.3621777777778,89.0838888888889
1,26.3633,89.0838944444444
1,26.3641972222222,89.0844027777778
1,26.364425,89.0862833333333
1,26.3669333333333,89.0912833333333
1,26.3700833333333,89.0921722222222
1,26.3761972222222,89.0915333333333
1,26.3797805555556,89.0911027777778
1,26.3822805555556,89.0920472222222
1,26.382975,89.0931944444444
1,26.3838722222222,89.0943194444444
1,26.3893194444444,89.0966861111111
1,26.3909,89.0969361111111
1,26.3920222222222,89.0969444444444
1,26.3936111111111,89.0958111111111
1,26.3933833333333,89.0945611111111
1,26.3958583333333,89.0905611111111
1,26.3983361111111,89.0892833333333
1,26.3978944444444,89.0872694444444
1,26.3976638888889,89.0852638888889
1,26.3963055555556,89.07825
1,26.3926694444444,89.0727222222222
1,26.3924388888889,89.0717277777778
1,26.3944722222222,89.0642
1,26.3942472222222,89.0626944444444
1,26.3946916666667,89.0536388888889
1,26.3964722222222,89.0456111111111
1,26.395575,89.0418333333333
1,26.3932777777778,89.0378611111111
1,26.3942722222222,89.0356166666667
1,26.3990305555556,89.035
1,26.4045305555556,89.0341805555556
1,26.4059944444444,89.0303111111111
1,26.4054388888889,89.0266527777778
1,26.4065333333333,89.0225833333333
1,26.4103833333333,89.0213527777778
1,26.4105666666667,89.0176944444444
1,26.4090916666667,89.0113805555555
1,26.4112805555556,89.0081305555556
1,26.4184361111111,89.0077138888889
1,26.418425,89.0036444444444
1,26.41695,88.9985472222222
1,26.4130972222222,88.9952972222222
1,26.4064944444444,88.9942916666667
1,26.4072194444444,88.9883805555556
1,26.4057444444444,88.9845138888889
1,26.4055555555556,88.9796388888889
1,26.4106861111111,88.9794305555556
1,26.4124888888889,88.9807222222222
1,26.4140277777778,88.9817222222222
1,26.4174111111111,88.9830888888889
1,26.4185555555556,88.9844916666667
1,26.4280638888889,88.9833333333333
1,26.4351,88.9859777777778
1,26.4373694444444,88.9862777777778
1,26.4423111111111,88.9865833333333
1,26.4448166666667,88.985325
1,26.4479305555556,88.9830555555556
1,26.4499722222222,88.9775416666667
1,26.4551444444444,88.9691166666667
1,26.4573444444444,88.9662555555556
1,26.4564472222222,88.9638611111111
1,26.4546805555556,88.9626166666667
1,26.4508472222222,88.9631027777778
1,26.4497111111111,88.9624861111111
1,26.4488111111111,88.9564722222222
1,26.44655,88.9524444444444
1,26.4447527777778,88.9520138888889
1,26.4383972222222,88.9527083333333
1,26.4327444444444,88.95145
1,26.4311527777778,88.9501944444444
1,26.4299805555556,88.9485694444444
1,26.4300638888889,88.9311166666667
1,26.4145361111111,88.9311527777778
1,26.4114527777778,88.9311583333333
1,26.4085083333333,88.9296527777778
1,26.4073833333333,88.9284083333333
1,26.4057805555556,88.9190972222222
1,26.4047583333333,88.9153055555556
1,26.4030361111111,88.913875
1,26.400625,88.9140611111111
1,26.3996611111111,88.9158472222222
1,26.3976222222222,88.9163611111111
1,26.3971805555556,88.9173805555556
1,26.3953944444444,88.9178111111111
1,26.3885916666667,88.9181388888889
1,26.3870083333333,88.9171388888889
1,26.3813527777778,88.9150416666667
1,26.3789666666667,88.9148611111111
1,26.3778416666667,88.916375
1,26.3680388888889,88.9173055555556
1,26.3673527777778,88.9190611111111
1,26.3662055555556,88.9198111111111
1,26.36145,88.9196805555556
1,26.3601,88.9226944444444
1,26.3598888888889,88.9239444444445
1,26.3603555555556,88.9257083333333
1,26.3635111111111,88.9290888888889
1,26.3633083333333,88.9317416666667
1,26.36075,88.9367694444445
1,26.3594694444444,88.9415138888889
1,26.3601694444444,88.9450472222222
1,26.3590305555556,88.951575
1,26.3606194444444,88.9535694444444
1,26.3619722222222,88.9544305555556
1,26.3626416666667,88.9563194444444
1,26.3610861111111,88.958325
1,26.3599388888889,88.9587138888889
1,26.3562861111111,88.9583888888889
1,26.3557777777778,88.9572138888889
1,26.3533611111111,88.9550277777778
1,26.3502305555556,88.953325
1,26.3484166666667,88.9527138888889
1,26.3459361111111,88.9525888888889
1,26.3450277777778,88.9558527777778
1,26.3454666666667,88.9583472222222
1,26.344575,88.959375
1,26.3422777777778,88.9595
1,26.3411722222222,88.9586666666667
1,26.3353111111111,88.9572694444444
1,26.3337277777778,88.9572777777778
1,26.3316361111111,88.9577361111111
1,26.3311527777778,88.9594916666667
1,26.3307916666667,88.9614083333333
1,26.3325833333333,88.9641305555556
1,26.3387,88.9663888888889
1,26.3468555555556,88.9671111111111
1,26.3488805555556,88.9681305555555
1,26.3493416666667,88.9697638888889
1,26.348675,88.9706583333333
1,26.3457472222222,88.9754222222222
1,26.3455166666667,88.9766805555556
1,26.3502583333333,88.9804166666667
1,26.3507166666667,88.9819222222222
1,26.34845,88.9841861111111
1,26.3470916666667,88.9847
1,26.3455361111111,88.9882
1,26.344625,88.9891944444444
1,26.343725,88.989575
1,26.3405583333333,88.9907277777778
1,26.3373222222222,88.9904444444444
1,26.3342361111111,88.9902277777778
1,26.3326583333333,88.99525
1,26.3313138888889,88.9975138888889
1,26.3283722222222,89.0012916666667
1,26.324775,89.0026666666667
1,26.3229583333333,89.0022833333333
1,26.3223777777778,89.0010416666667
1,26.3212305555556,88.9991583333333
1,26.3201055555556,88.9991527777778
1,26.31875,89.0000194444444
1,26.3148,89.0001583333333
1,26.3134388888889,88.9985194444444
1,26.3174916666667,88.9911111111111
1,26.3168277777778,88.9882361111111
1,26.3046083333333,88.9890138888889
1,26.3027916666667,88.9905138888889
1,26.29965,88.9952777777778
1,26.2974083333333,88.9967916666667
1,26.2935583333333,89.002575
1,26.2937833333333,89.004075
1,26.2956,89.0046805555556
1,26.2967277777778,89.0051722222222
1,26.2974472222222,89.0070277777778
1,26.2992277777778,89.0092138888889
1,26.2986861111111,89.0118194444444
1,26.2922138888889,89.0132222222222
1,26.2913222222222,89.0136111111111
1,26.2899694444444,89.0168472222222
1,26.2957388888889,89.0200277777778
1,26.3019916666667,89.0224861111111
1,26.3074416666667,89.0246166666667
1,26.3020916666667,89.0270472222222
1,26.295725,89.0269222222222
1,26.2942527777778,89.0262694444444
1,26.2894194444444,89.0253666666667
1,26.2850972222222,89.0282972222222
1,26.2848861111111,89.0346388888889
1,26.284675,89.0387
1,26.2803555555556,89.0430194444444
1,26.2794055555556,89.0493611111111
1,26.2819027777778,89.0513944444444
1,26.2914388888889,89.0496861111111
1,26.2946666666667,89.05245
1,26.2942277777778,89.0560194444444
1,26.2915222222222,89.0582222222222
1,26.2871972222222,89.0614027777778
1,26.28155,89.0618527777778
1,26.2793861111111,89.0609916666667
1,26.2782638888889,89.0593666666667
1,26.2771277777778,89.0577361111111
1,26.2750916666667,89.0573611111111
1,26.2741916666667,89.0577361111111
1,26.2717138888889,89.0620138888889
1,26.2692111111111,89.0629861111111
1,26.2671888888889,89.0630888888889
1,26.2617722222222,89.0635055555556
1,26.2529222222222,89.0622555555556
1,26.2520305555556,89.0616444444444
1,26.2515722222222,89.060375
1,26.252025,89.0591166666667
1,26.2529194444444,89.058875
1,26.2536111111111,89.0578805555556
1,26.2551972222222,89.0567361111111
1,26.2540638888889,89.0543611111111
1,26.2506472222222,89.0529361111111
1,26.2418444444444,89.0505972222222
1,26.2395888888889,89.0487416666667
1,26.2393611111111,89.0477222222222
1,26.2400444444444,89.0449722222222
1,26.2456805555556,89.0351944444444
1,26.2461111111111,89.0331861111111
1,26.2458583333333,89.0300416666667
1,26.245675,89.0279305555555
1,26.2424888888889,89.0191722222222
1,26.2422555555556,89.0171666666667
1,26.2424777777778,89.0126388888889
1,26.2429138888889,89.0102916666667
1,26.2432083333333,89.0086666666667
1,26.2451722222222,89.0018527777778
1,26.24425,88.9940972222222
1,26.2435277777778,88.9915
1,26.2410666666667,88.9865833333333
1,26.2398055555556,88.9785694444444
1,26.2393027777778,88.9763944444445
1,26.2397027777778,88.9705472222222
1,26.2444416666667,88.9627972222222
1,26.2498277777778,88.9549722222222
1,26.2516388888889,88.9542361111111
1,26.2529944444444,88.95295
1,26.2580194444444,88.9480555555556
1,26.2590972222222,88.9474444444444
1,26.2609111111111,88.94645
1,26.2618,88.9456805555556
1,26.2649611111111,88.9419083333333
1,26.2690277777778,88.9399166666667
1,26.2701527777778,88.9388944444445
1,26.275125,88.9341527777778
1,26.2762472222222,88.9331305555556
1,26.2769333333333,88.9323888888889
1,26.2797777777778,88.929125
1,26.2808333333333,88.92795
1,26.2829222222222,88.9254722222222
1,26.2841305555556,88.9235888888889
1,26.2858638888889,88.9176722222222
1,26.2863888888889,88.9160694444444
1,26.2857083333333,88.9098111111111
1,26.2865972222222,88.9055277777778
1,26.2843055555556,88.8954916666667
1,26.2845277777778,88.893
1,26.2842833333333,88.8773888888889
1,26.2835944444444,88.8757
1,26.2820027777778,88.8742083333333
1,26.2788333333333,88.8732138888889
1,26.2774666666667,88.8715888888889
1,26.2761166666667,88.871075
1,26.2740583333333,88.869075
1,26.27025,88.8679083333333
1,26.2688944444444,88.8671527777778
1,26.2675305555556,88.8667222222222
1,26.2541666666667,88.8657361111111
1,26.251725,88.8665277777778
1,26.2508138888889,88.8677777777778
1,26.2492111111111,88.8696944444444
1,26.2478583333333,88.8705277777778
1,26.2465027777778,88.8730277777778
1,26.2462777777778,88.8740277777778
1,26.2453833333333,88.8752777777778
1,26.2408472222222,88.8770611111111
1,26.2397444444444,88.8792833333333
1,26.2353416666667,88.8837222222222
1,26.2342027777778,88.8675555555556
1,26.2341527777778,88.8657555555556
1,26.2310555555556,88.8505
1,26.2315083333333,88.8465
1,26.2355777777778,88.8402083333333
1,26.2369361111111,88.8394638888889
1,26.2391722222222,88.8357222222222
1,26.2403027777778,88.8349583333333
1,26.2436777777778,88.8354583333333
1,26.2448055555556,88.8366666666667
1,26.2487833333333,88.8389583333333
1,26.2493027777778,88.8334305555556
1,26.2486472222222,88.8309305555556
1,26.249325,88.8261444444444
1,26.2499888888889,88.8246388888889
1,26.2549472222222,88.8228944444444
1,26.2572138888889,88.820375
1,26.2581333333333,88.8199777777778
1,26.2617388888889,88.8219861111111
1,26.2637583333333,88.8214722222222
1,26.2653444444444,88.8214638888889
1,26.270125,88.8207916666667
1,26.2795833333333,88.8195416666667
1,26.2811666666667,88.8195416666667
1,26.2820972222222,88.8204027777778
1,26.2907138888889,88.8225472222222
1,26.2929444444444,88.8225333333333
1,26.2947527777778,88.8217777777778
1,26.3017388888889,88.8132416666667
1,26.306675,88.8039638888889
1,26.30735,88.79945
1,26.3046111111111,88.7906388888889
1,26.2996305555556,88.7833944444444
1,26.2975638888889,88.7783805555556
1,26.2991305555556,88.7713388888889
1,26.2998138888889,88.7698333333333
1,26.3027444444444,88.7665694444444
1,26.3032444444444,88.7654916666667
1,26.3047805555556,88.7642138888889
1,26.3061361111111,88.7627138888889
1,26.3090333333333,88.7585277777778
1,26.3085694444444,88.7550333333333
1,26.3065138888889,88.7522916666667
1,26.3031333333333,88.7507694444444
1,26.2963527777778,88.749575
1,26.2920416666667,88.7451722222222
1,26.2915722222222,88.7440277777778
1,26.2886277777778,88.7423055555556
1,26.2886138888889,88.7383111111111
1,26.2906472222222,88.7332638888889
1,26.2904083333333,88.7317555555556
1,26.2885805555556,88.7280194444444
1,26.2883472222222,88.7270277777778
1,26.28405,88.7252777777778
1,26.2792972222222,88.7192833333333
1,26.2788,88.7102694444444
1,26.2774333333333,88.7062555555556
1,26.2773833333333,88.6984583333333
1,26.2767138888889,88.6977277777778
1,26.2753583333333,88.6979861111111
1,26.2739888888889,88.6938333333333
1,26.272175,88.6938388888889
1,26.2697166666667,88.6951166666667
1,26.2690361111111,88.6959916666667
1,26.2665305555556,88.6957694444445
1,26.2608416666667,88.68625
1,26.26175,88.6837416666667
1,26.2626444444444,88.6819777777778
1,26.2626333333333,88.6807138888889
1,26.2637416666667,88.6742138888889
1,26.2653416666667,88.6725694444444
1,26.2709722222222,88.6726805555556
1,26.2720861111111,88.6718111111111
1,26.2795277777778,88.6692638888889
1,26.2838361111111,88.6683527777778
1,26.2847583333333,88.6692416666667
1,26.2858888888889,88.6703527777778
1,26.2901972222222,88.6721027777778
1,26.2929166666667,88.6754722222222
1,26.2937777777778,88.6788388888889
1,26.2943361111111,88.6810194444444
1,26.2887083333333,88.704325
1,26.2952361111111,88.6931444444444
1,26.2979611111111,88.6918611111111
1,26.2990361111111,88.6906583333333
1,26.3003416666667,88.6889722222222
1,26.3017833333333,88.6873388888889
1,26.3083222222222,88.6860611111111
1,26.3115083333333,88.6827972222222
1,26.3121666666667,88.6820555555556
1,26.3135166666667,88.6800277777778
1,26.3155361111111,88.6789027777778
1,26.3182388888889,88.6785138888889
1,26.3205361111111,88.6818944444445
1,26.3214305555556,88.6825
1,26.3223638888889,88.6862694444444
1,26.3253083333333,88.6882777777778
1,26.3266611111111,88.6917777777778
1,26.3268888888889,88.6935055555556
1,26.3259972222222,88.6947916666667
1,26.3210222222222,88.6959305555556
1,26.3198972222222,88.6959305555556
1,26.319,88.6952
1,26.3180972222222,88.6943111111111
1,26.3149305555556,88.6943194444444
1,26.3135722222222,88.6960888888889
1,26.3126916666667,88.6988388888889
1,26.3118083333333,88.7101583333333
1,26.3139222222222,88.714375
1,26.3149888888889,88.7186527777778
1,26.3138694444444,88.7196583333333
1,26.3129722222222,88.7201583333333
1,26.3109472222222,88.7244305555556
1,26.3111805555556,88.72545
1,26.3136972222222,88.7307138888889
1,26.3144583333333,88.73145
1,26.3167194444444,88.7336861111111
1,26.3184972222222,88.7360138888889
1,26.3201472222222,88.7413194444444
1,26.3210611111111,88.7423055555556
1,26.3227861111111,88.7484638888889
1,26.3260555555556,88.7503194444444
1,26.3272972222222,88.7510277777778
1,26.3291611111111,88.7462277777778
1,26.3290888888889,88.7451305555556
1,26.3288416666667,88.7401944444444
1,26.3346722222222,88.7431527777778
1,26.3390722222222,88.7470416666667
1,26.3467722222222,88.7478805555556
1,26.3488083333333,88.7469777777778
1,26.3499305555556,88.7463666666667
1,26.3510555555556,88.7458805555556
1,26.3533,88.7425888888889
1,26.352625,88.7394583333333
1,26.3503361111111,88.7375972222222
1,26.3498805555556,88.7362222222222
1,26.3486777777778,88.7357222222222
1,26.3453888888889,88.7335888888889
1,26.3426472222222,88.7315833333333
1,26.3417027777778,88.7238111111111
1,26.3408055555556,88.7232972222222
1,26.3392027777778,88.7181861111111
1,26.3385111111111,88.717325
1,26.3371527777778,88.7165694444444
1,26.3347083333333,88.7142972222222
1,26.3329111111111,88.7107416666667
1,26.3351805555556,88.7048611111111
1,26.3474388888889,88.7020277777778
1,26.3511527777778,88.6982777777778
1,26.3545138888889,88.6985277777778
1,26.3586138888889,88.7007777777778
1,26.3608944444444,88.6995694444444
1,26.3637583333333,88.6950277777778
1,26.3721416666667,88.6921444444445
1,26.3728083333333,88.6912277777778
1,26.3739305555556,88.6914861111111
1,26.3748277777778,88.6922138888889
1,26.3757305555556,88.6937138888889
1,26.3773333333333,88.6988611111111
1,26.3793888888889,88.7016111111111
1,26.383925,88.7036027777778
1,26.3870694444444,88.7033388888889
1,26.3882166666667,88.7023111111111
1,26.3888694444444,88.7008333333333
1,26.3879583333333,88.695075
1,26.3874944444444,88.6940611111111
1,26.387725,88.6927833333333
1,26.3886277777778,88.6895055555556
1,26.3906472222222,88.6890416666667
1,26.3913055555556,88.6882833333333
1,26.3915305555556,88.6872777777778
1,26.3913,88.6860138888889
1,26.391975,88.6827416666667
1,26.3948,88.6825833333333
1,26.3971527777778,88.6839583333333
1,26.3995833333333,88.6906166666667
1,26.4041472222222,88.6893944444444
1,26.4078666666667,88.6857777777778
1,26.4073611111111,88.6795138888889
1,26.4103333333333,88.6705472222222
1,26.4136805555556,88.6676166666667
1,26.4154166666667,88.6653388888889
1,26.4145138888889,88.6590694444445
1,23.4819583333333,88.8007222222222
1,23.481225,88.8020888888889
1,23.4778444444444,88.8016027777778
1,23.4760222222222,88.7998888888889
1,23.4753055555556,88.7987694444444
1,23.4712388888889,88.7925611111111
1,23.4669333333333,88.7907083333333
1,23.465575,88.7903666666667
1,23.4596027777778,88.7903111111111
1,23.449525,88.7913888888889
1,23.4456944444444,88.7933666666667
1,23.4429722222222,88.793375
1,23.4420833333333,88.7929083333333
1,23.4413888888889,88.7919083333333
1,23.4404444444444,88.7855472222222
1,23.4395444444444,88.7842
1,23.4365944444444,88.7821444444445
1,23.4366111111111,88.77995
1,23.4385333333333,88.7771111111111
1,23.4399694444444,88.7754861111111
1,23.4408666666667,88.7750055555556
1,23.4442527777778,88.7718333333333
1,23.4444805555556,88.7708388888889
1,23.4435527777778,88.7672777777778
1,23.4428611111111,88.7664166666667
1,23.4385555555556,88.7649777777778
1,23.4243277777778,88.7623388888889
1,23.4197833333333,88.7593944444445
1,23.4137,88.7603888888889
1,23.4109638888889,88.7613944444444
1,23.4105138888889,88.7623944444444
1,23.406675,88.7620333333333
1,23.4023694444444,88.7601805555556
1,23.4019055555556,88.7589583333333
1,23.3998722222222,88.7564027777778
1,23.3985138888889,88.7550611111111
1,23.3962388888889,88.754575
1,23.3903777777778,88.7548888888889
1,23.3882416666667,88.75545
1,23.3829,88.7592972222222
1,23.3801944444444,88.7606305555556
1,23.3758888888889,88.7615
1,23.3720638888889,88.7622777777778
1,23.3716055555556,88.7632222222222
1,23.3684611111111,88.7647277777778
1,23.3625833333333,88.76425
1,23.3598361111111,88.761325
1,23.3591611111111,88.7598611111111
1,23.3596555555556,88.7568194444444
1,23.360275,88.7549583333333
1,23.3589,88.7516444444444
1,23.3509638888889,88.7488666666667
1,23.3503277777778,88.7451305555556
1,23.3496333333333,88.7443888888889
1,23.3500861111111,88.7424222222222
1,23.3493611111111,88.7376027777778
1,23.3491194444444,88.7363805555556
1,23.3484305555556,88.7355138888889
1,23.3439305555556,88.7355555555555
1,23.3421138888889,88.7361583333333
1,23.3394166666667,88.7396027777778
1,23.3384944444444,88.7398527777778
1,23.3323833333333,88.7399916666667
1,23.3301527777778,88.7389444444445
1,23.3292305555556,88.7385416666667
1,23.3272055555556,88.7386805555556
1,23.3263666666667,88.7407416666667
1,23.322025,88.7467777777778
1,23.3204388888889,88.74825
1,23.3188638888889,88.7488611111111
1,23.31525,88.7492416666667
1,23.3106944444444,88.7480138888889
1,23.3075388888889,88.7455833333333
1,23.3070777777778,88.744125
1,23.307525,88.7419305555556
1,23.3093222222222,88.7377694444444
1,23.3102222222222,88.7370194444444
1,23.3118055555556,88.736075
1,23.3165277777778,88.7343111111111
1,23.3176722222222,88.7328111111111
1,23.3178916666667,88.7303805555556
1,23.3176611111111,88.7289083333333
1,23.3169611111111,88.7280611111111
1,23.3156083333333,88.727575
1,23.3122222222222,88.7272083333333
1,23.3115416666667,88.7282138888889
1,23.3101861111111,88.7296805555555
1,23.3072472222222,88.72945
1,23.3054305555556,88.7286027777778
1,23.3045277777778,88.7277416666667
1,23.3019527777778,88.7273805555556
1,23.2999444444444,88.7247
1,23.2998694444444,88.7230277777778
1,23.3015944444444,88.7183944444444
1,23.3015888888889,88.7164361111111
1,23.3031916666667,88.7152138888889
1,23.3046805555556,88.7140611111111
1,23.3095416666667,88.7116666666667
1,23.3057722222222,88.7057916666667
1,23.3024027777778,88.7019083333333
1,23.2974083333333,88.6993611111111
1,23.2937916666667,88.6987555555556
1,23.2919861111111,88.6996305555556
1,23.2906166666667,88.7013611111111
1,23.2890694444444,88.7055138888889
1,23.2897416666667,88.7084722222222
1,23.2888555555556,88.7101944444445
1,23.282525,88.71345
1,23.2796111111111,88.7147222222222
1,23.2778055555556,88.7159777777778
1,23.2757638888889,88.7173333333333
1,23.2746361111111,88.7177972222222
1,23.2734916666667,88.7192777777778
1,23.2714944444444,88.7244361111111
1,23.2705833333333,88.7256722222222
1,23.2649194444444,88.7257
1,23.2622,88.7215277777778
1,23.2608416666667,88.7207916666667
1,23.257225,88.7208055555556
1,23.2536277777778,88.7222833333333
1,23.2529416666667,88.7230333333333
1,23.2502416666667,88.7272
1,23.2483638888889,88.7339638888889
1,23.2468972222222,88.7361027777778
1,23.23835,88.7490194444444
1,23.2377611111111,88.7515055555556
1,23.2358861111111,88.7592916666667
1,23.237725,88.7639638888889
1,23.2402055555556,88.7660194444444
1,23.2404611111111,88.7700611111111
1,23.2395638888889,88.7715333333333
1,23.2337083333333,88.7786583333333
1,23.2307666666667,88.7798666666667
1,23.2244222222222,88.7798944444444
1,23.2235305555556,88.7808666666667
1,23.2194611111111,88.7855472222222
1,23.2185722222222,88.7872694444444
1,23.2183472222222,88.7889861111111
1,23.2188138888889,88.7924083333333
1,23.2165666666667,88.7985416666667
1,23.2161166666667,88.8022138888889
1,23.2179833333333,88.8097638888889
1,23.2166138888889,88.8144083333333
1,23.2175416666667,88.8159083333333
1,23.2238694444444,88.8167083333333
1,23.2286055555556,88.8121861111111
1,23.2340444444444,88.8105555555556
1,23.2392361111111,88.8097
1,23.2443638888889,88.8098805555556
1,23.2498583333333,88.8105055555556
1,23.2507527777778,88.8108805555556
1,23.2519361111111,88.8197083333333
1,23.2514777777778,88.8206666666667
1,23.2505861111111,88.8214222222222
1,23.2494611111111,88.8216527777778
1,23.2472111111111,88.8228666666667
1,23.2458472222222,88.826825
1,23.2462416666667,88.827875
1,23.2459027777778,88.8300833333333
1,23.2456388888889,88.8327277777778
1,23.2415333333333,88.8298527777778
1,23.238375,88.8254916666667
1,23.2369888888889,88.8248888888889
1,23.2354222222222,88.8242777777778
1,23.2336111111111,88.8244027777778
1,23.2329527777778,88.826125
1,23.2331805555556,88.8275888888889
1,23.2350111111111,88.8322083333333
1,23.2388638888889,88.8361527777778
1,23.2390972222222,88.8383388888889
1,23.2388777777778,88.8395555555555
1,23.2364055555556,88.84225
1,23.2316527777778,88.8437555555555
1,23.226025,88.8530611111111
1,23.2256666666667,88.8547361111111
1,23.2272111111111,88.8576861111111
1,26.1529555555556,89.1528888888889
1,24.5332166666667,88.1125694444444
1,24.532325,88.1132222222222
1,24.5314611111111,88.1142916666667
1,24.5276194444444,88.1202694444444
1,24.5253583333333,88.1217694444444
1,24.5235833333333,88.1242694444444
1,24.5222333333333,88.1250333333333
1,24.5215083333333,88.1256666666667
1,24.5205,88.1262277777778
1,24.5196111111111,88.1277222222222
1,24.5166305555556,88.1312361111111
1,24.5152583333333,88.1317222222222
1,24.5144638888889,88.1333388888889
1,24.5056333333333,88.1451805555556
1,24.4985638888889,88.1644916666667
1,24.4952222222222,88.1694722222222
1,24.4887055555556,88.1764166666667
1,24.4853277777778,88.1801666666667
1,24.4821694444444,88.1816944444444
1,24.4812638888889,88.1831527777778
1,24.4790138888889,88.1836666666667
1,24.4770055555556,88.1856444444444
1,24.4734138888889,88.1881305555556
1,24.4652861111111,88.1921861111111
1,24.4643805555556,88.1931805555556
1,24.4630916666667,88.1936388888889
1,24.4583333333333,88.1991388888889
1,24.4574222222222,88.2009305555556
1,24.4565861111111,88.20225
1,24.455475,88.2044083333333
1,24.4527833333333,88.2140194444444
1,24.4525805555556,88.2177
1,24.4523083333333,88.2228472222222
1,24.4521333333333,88.2262222222222
1,24.4517055555556,88.2304361111111
1,24.4519027777778,88.2323944444444
1,24.45125,88.2382694444445
1,24.4505972222222,88.24
1,24.4505,88.2419361111111
1,24.4475972222222,88.2476527777778
1,24.4407027777778,88.2686805555556
1,24.4380166666667,88.2721666666667
1,24.4351,88.2753944444444
1,24.4342083333333,88.2756527777778
1,24.4319333333333,88.2768944444445
1,24.4312583333333,88.277875
1,24.4285777777778,88.2796305555555
1,24.4258916666667,88.2830833333333
1,24.4249944444444,88.2838472222222
1,24.4240833333333,88.2841027777778
1,24.4225027777778,88.2850888888889
1,24.4195166666667,88.28845
1,24.4166694444444,88.2918333333333
1,24.4157805555556,88.2930694444444
1,24.4137583333333,88.2940333333333
1,24.4128472222222,88.2950888888889
1,24.4087833333333,88.2991583333333
1,24.4076944444444,88.30095
1,24.4036333333333,88.3047361111111
1,24.3921277777778,88.3207222222222
1,24.3914388888889,88.3215333333333
1,24.3841472222222,88.3307555555556
1,24.3762944444444,88.3417222222222
1,24.3711416666667,88.3530833333333
1,24.3708583333333,88.3545972222222
1,24.3710638888889,88.3558472222222
1,24.3691694444444,88.3644583333333
1,24.3689527777778,88.3674444444444
1,24.3691972222222,88.3688944444444
1,24.3687666666667,88.3743388888889
1,24.3695111111111,88.3792972222222
1,24.3694555555556,88.3822138888889
1,24.3704722222222,88.390375
1,24.3714555555556,88.3933111111111
1,24.374375,88.4021944444444
1,24.3774888888889,88.4187972222222
1,24.378125,88.4258666666667
1,24.3773083333333,88.4357277777778
1,24.3753666666667,88.4426583333333
1,24.3748527777778,88.4443944444445
1,24.3715166666667,88.4515833333333
1,24.3605972222222,88.4717277777778
1,24.3585,88.475575
1,24.3549361111111,88.4837694444444
1,24.3522527777778,88.4933888888889
1,24.3513611111111,88.4948666666667
1,24.3495805555556,88.4968611111111
1,24.3484611111111,88.4976027777778
1,24.3476611111111,88.4982083333333
1,24.3430888888889,88.5065
1,24.3426944444444,88.5203388888889
1,24.3419111111111,88.5236027777778
1,24.3404777777778,88.5265194444444
1,24.3370944444444,88.53
1,24.3345638888889,88.5311861111111
1,24.3332416666667,88.5317277777778
1,24.3305444444444,88.5344444444444
1,24.3298583333333,88.53545
1,24.3276111111111,88.5366944444444
1,24.3266944444444,88.5372
1,24.3233361111111,88.5413944444444
1,24.3213472222222,88.5424638888889
1,24.3188166666667,88.5431805555556
1,24.3177027777778,88.5446388888889
1,24.3165805555556,88.5450694444445
1,24.305975,88.5483805555556
1,24.3012083333333,88.5499083333333
1,24.2983,88.5526527777778
1,24.2973833333333,88.5529027777778
1,24.296725,88.5541388888889
1,24.2962861111111,88.5588055555556
1,24.2965194444444,88.5597777777778
1,24.3019722222222,88.5659444444444
1,24.3052861111111,88.5667222222222
1,24.3060694444444,88.5673472222222
1,24.3075416666667,88.5678472222222
1,24.321,88.5715194444444
1,24.3223666666667,88.5735888888889
1,24.3230833333333,88.5783944444444
1,24.3235305555556,88.5823611111111
1,24.3212777777778,88.585075
1,24.3147305555556,88.5866111111111
1,24.3109083333333,88.5908111111111
1,24.3095722222222,88.5940333333333
1,24.3080361111111,88.6051388888889
1,24.3094027777778,88.6063527777778
1,24.3136972222222,88.6074444444444
1,24.3148388888889,88.6102694444444
1,24.3137444444444,88.6179166666667
1,24.3146972222222,88.6238333333333
1,24.3142444444444,88.6255888888889
1,24.3133305555556,88.6270694444444
1,24.3079111111111,88.6285694444444
1,24.3067944444444,88.6302833333333
1,24.3052222222222,88.63425
1,24.3047888888889,88.6391861111111
1,24.307075,88.6483055555556
1,24.3063777777778,88.6510333333333
1,24.3057638888889,88.6535
1,24.3089583333333,88.6574166666667
1,24.3119027777778,88.6590333333333
1,24.3128111111111,88.6621111111111
1,24.3129083333333,88.6632416666667
1,24.313525,88.6739166666667
1,24.3133055555556,88.6766444444444
1,24.3125861111111,88.6855
1,24.3118083333333,88.6913472222222
1,24.3098,88.702325
1,24.3064527777778,88.7109638888889
1,24.2981194444444,88.7235972222222
1,24.2967722222222,88.725325
1,24.2954138888889,88.7258111111111
1,24.2942888888889,88.7260416666667
1,24.29315,88.7280555555556
1,24.29225,88.7287833333333
1,24.2900638888889,88.7290194444444
1,24.2877305555556,88.7292694444445
1,24.2870666666667,88.7305277777778
1,24.2850444444444,88.7310416666667
1,24.2839222222222,88.7320194444444
1,24.2830083333333,88.7335
1,24.2804222222222,88.7344916666667
1,24.2788333333333,88.7349916666667
1,24.2755527777778,88.7362277777778
1,24.2751194444444,88.7372361111111
1,24.273075,88.7380555555556
1,24.2674333333333,88.7401027777778
1,24.2601944444444,88.740375
1,24.2597361111111,88.7395
1,24.2581444444444,88.739
1,24.249325,88.7385333333333
1,24.23235,88.7354166666667
1,24.2226,88.7344722222222
1,24.2056416666667,88.7347833333333
1,24.1973611111111,88.7344638888889
1,24.1938833333333,88.7343194444444
1,24.18575,88.7346027777778
1,24.1801388888889,88.7340472222222
1,24.178275,88.7332777777778
1,24.1746638888889,88.7327638888889
1,24.1709222222222,88.7325333333333
1,24.1678916666667,88.7332916666667
1,24.1665361111111,88.7339222222222
1,24.1651805555556,88.7356305555555
1,24.1631388888889,88.7361388888889
1,24.1617861111111,88.7371388888889
1,24.1590916666667,88.7403527777778
1,24.1554666666667,88.7420972222222
1,24.1516472222222,88.7455333333333
1,24.1446416666667,88.7477916666667
1,24.1387555555556,88.7474638888889
1,24.1369583333333,88.7465972222222
1,24.1332944444444,88.7368666666667
1,24.131175,88.7342694444445
1,24.1271611111111,88.7312083333333
1,24.1262472222222,88.7308527777778
1,24.1233694444444,88.7245694444444
1,24.1226027777778,88.7224916666667
1,24.1212361111111,88.7185611111111
1,24.1196611111111,88.7155972222222
1,24.1189583333333,88.7126444444445
1,24.119625,88.7062638888889
1,24.1182166666667,88.7001027777778
1,24.1173194444444,88.6985055555556
1,24.1161888888889,88.6971666666667
1,24.11345,88.6971722222222
1,24.1075833333333,88.700625
1,24.0971972222222,88.7003194444444
1,24.0958416666667,88.7009361111111
1,24.0949472222222,88.7024222222222
1,24.0940722222222,88.7070833333333
1,24.0981388888889,88.7127222222222
1,24.0990666666667,88.7161722222222
1,24.0995611111111,88.7240555555556
1,24.0959472222222,88.7280138888889
1,24.0945944444444,88.7283944444444
1,24.0891611111111,88.7270333333333
1,24.0834861111111,88.7269083333333
1,24.0772583333333,88.7267916666667
1,24.0735305555556,88.7262416666667
1,24.0717388888889,88.7246527777778
1,24.06585,88.7247972222222
1,24.0649583333333,88.7251722222222
1,24.0640444444444,88.7266527777778
1,24.0625083333333,88.7333194444444
1,24.0634,88.7379916666667
1,24.0627305555556,88.7387222222222
1,24.0613611111111,88.7392777777778
1,24.0595222222222,88.74
1,24.0564194444444,88.7397222222222
1,24.0557222222222,88.7389916666667
1,24.0546777777778,88.7338194444444
1,24.0538972222222,88.7301527777778
1,24.0533222222222,88.7285972222222
1,24.0526111111111,88.7256861111111
1,24.0490277777778,88.7289638888889
1,24.0482638888889,88.7358194444444
1,24.0466666666667,88.7378055555556
1,24.0383111111111,88.7403805555556
1,24.0347111111111,88.7415472222222
1,24.0233722222222,88.7398333333333
1,24.0157,88.7400833333333
1,24.0138833333333,88.740125
1,24.0109305555556,88.7374305555556
1,24.0091027777778,88.7341111111111
1,24.0052583333333,88.7317916666667
1,24.0002222222222,88.7304166666667
1,23.9946555555556,88.7295333333333
1,23.9948555555556,88.7327361111111
1,23.9984194444444,88.7397277777778
1,24.0014722222222,88.7447138888889
1,24.0035,88.7473055555556
1,24.0040138888889,88.7483805555556
1,24.0051444444444,88.7511444444444
1,24.0083138888889,88.7610694444444
1,24.0053833333333,88.76475
1,23.9956694444444,88.7673611111111
1,23.9943166666667,88.7679916666667
1,23.9936722222222,88.7687916666667
1,23.9918888888889,88.7709777777778
1,23.9909305555556,88.7722
1,23.9876694444444,88.7736166666667
1,23.9849361111111,88.7732916666667
1,23.9819861111111,88.7712
1,23.9825277777778,88.7689861111111
1,23.9844361111111,88.7629027777778
1,23.986125,88.7574361111111
1,23.9863472222222,88.7557138888889
1,23.9859111111111,88.7503944444445
1,23.9847333333333,88.7434166666667
1,23.9835833333333,88.7426944444445
1,23.9804027777778,88.7385194444444
1,23.9776555555556,88.7370472222222
1,23.9645638888889,88.7374722222222
1,23.9618666666667,88.736125
1,23.9602805555556,88.7361305555556
1,23.9589277777778,88.7367361111111
1,23.9541888888889,88.7413055555556
1,23.9530638888889,88.7427833333333
1,23.9485138888889,88.7426722222222
1,23.9476194444444,88.742075
1,23.9449083333333,88.7420833333333
1,23.9388055555556,88.7445888888889
1,23.9360944444444,88.7445972222222
1,23.9342777777778,88.7442277777778
1,23.9331666666667,88.7428611111111
1,23.9324583333333,88.7381861111111
1,23.9315416666667,88.7366166666667
1,23.92995,88.7352694444444
1,23.9268,88.7347833333333
1,23.9218138888889,88.7360277777778
1,23.9145777777778,88.7355694444444
1,23.9130083333333,88.7333527777778
1,23.9136555555556,88.7301583333333
1,23.9155944444444,88.7256527777778
1,23.9159111111111,88.7232777777778
1,23.9142638888889,88.7154166666667
1,23.9147166666667,88.7124444444444
1,23.9142361111111,88.7067916666667
1,23.9131222222222,88.7044444444444
1,23.9119722222222,88.7033527777778
1,23.9099222222222,88.7029861111111
1,23.9078555555556,88.7046944444444
1,23.9065305555556,88.7060972222222
1,23.905875,88.706825
1,23.9041222222222,88.7072277777778
1,23.9018333333333,88.7079083333333
1,23.9002861111111,88.7072416666667
1,23.8990916666667,88.7060972222222
1,23.9008805555556,88.7002222222222
1,23.8999361111111,88.6944027777778
1,23.8978361111111,88.6926583333333
1,23.8920555555556,88.6891166666667
1,23.8892944444444,88.6877
1,23.8867861111111,88.6818111111111
1,23.8855916666667,88.6757777777778
1,23.8837916666667,88.6686666666667
1,23.88105,88.666825
1,23.8724555555556,88.6671111111111
1,23.8702027777778,88.6658944444444
1,23.8683611111111,88.6609777777778
1,23.868575,88.6575333333333
1,23.8684194444444,88.6479444444445
1,23.8669611111111,88.6437777777778
1,23.8635416666667,88.6403388888889
1,23.8616805555556,88.6354583333333
1,23.862125,88.6317555555555
1,23.8630305555556,88.6297777777778
1,23.8639527777778,88.6283055555555
1,23.8670944444444,88.6264722222222
1,23.8738583333333,88.6248111111111
1,23.8747777777778,88.6235833333333
1,23.8758833333333,88.6203805555556
1,23.8745027777778,88.6146166666667
1,23.8738111111111,88.6137694444444
1,23.8672222222222,88.6098527777778
1,23.864725,88.6061666666667
1,23.8645111111111,88.6049444444444
1,23.8656222222222,88.6024916666667
1,23.8707833333333,88.5946027777778
1,23.8710111111111,88.593625
1,23.8700722222222,88.5896861111111
1,23.8682638888889,88.5872222222222
1,23.864425,88.5857916666667
1,23.8623611111111,88.5835833333333
1,23.8610138888889,88.5795416666667
1,23.8600861111111,88.5784222222222
1,23.8546666666667,88.57795
1,23.8524138888889,88.583375
1,23.8517666666667,88.5885472222222
1,23.8510888888889,88.5893055555555
1,23.8493888888889,88.5900611111111
1,23.8452111111111,88.5905277777778
1,25.2440944444444,88.9545472222222
1,25.2402305555556,88.9545555555556
1,25.236625,88.95525
1,25.2351805555556,88.9560472222222
1,25.2312305555556,88.9565138888889
1,25.2275277777778,88.9577138888889
1,25.218325,88.9596666666667
1,25.2171972222222,88.9605555555556
1,25.2158194444444,88.9616944444444
1,25.2146972222222,88.9620472222222
1,25.2090722222222,88.9625333333333
1,25.2047305555556,88.9553472222222
1,25.2038138888889,88.9441666666667
1,25.2019916666667,88.9389722222222
1,25.2006361111111,88.9379638888889
1,25.1992805555556,88.9375888888889
1,25.1961111111111,88.9379722222222
1,25.193175,88.9432
1,25.1922777777778,88.9437
1,25.1895527777778,88.9469166666667
1,25.1849194444444,88.9478805555556
1,25.1796111111111,88.9480694444444
1,25.1787166666667,88.9476944444445
1,25.1775805555556,88.9467138888889
1,25.1766888888889,88.9452277777778
1,25.1757638888889,88.9447222222222
1,25.1753277777778,88.9437361111111
1,25.1746277777778,88.94025
1,25.1748555555556,88.9380055555556
1,25.1755194444444,88.9367638888889
1,25.1766583333333,88.9327777777778
1,25.1757583333333,88.9297972222222
1,25.1749277777778,88.928625
1,25.1738916666667,88.9274638888889
1,25.1726666666667,88.9257777777778
1,25.1680444444444,88.9233888888889
1,25.1648638888889,88.9199027777778
1,25.1641972222222,88.9181666666667
1,25.1666666666667,88.9146722222222
1,25.1687027777778,88.9121805555556
1,25.1700666666667,88.9111944444444
1,25.1752222222222,88.9079777777778
1,25.1797527777778,88.9014722222222
1,25.1799611111111,88.8997361111111
1,25.1817555555556,88.8935472222222
1,25.1815277777778,88.8920555555556
1,25.1806277777778,88.8911805555556
1,25.1799583333333,88.8903055555556
1,25.1747638888889,88.8880888888889
1,25.1740416666667,88.8851111111111
1,25.1751527777778,88.8806166666667
1,25.1776527777778,88.8776305555556
1,25.1788,88.8769027777778
1,25.1866972222222,88.8755194444444
1,25.1880527777778,88.8748888888889
1,25.1891694444444,88.8731444444444
1,25.1869027777778,88.86595
1,25.1880222222222,88.8639722222222
1,25.1891444444444,88.8633472222222
1,25.1984027777778,88.8624444444444
1,25.1997805555556,88.8604444444444
1,25.19885,88.8564777777778
1,25.1993055555556,88.8537277777778
1,25.2004166666667,88.8515
1,25.2026944444444,88.8515
1,25.2049444444444,88.8512416666667
1,25.2074166666667,88.8482555555556
1,25.2085694444444,88.8470138888889
1,25.2080833333333,88.840075
1,25.2085416666667,88.8390694444444
1,25.20625,88.8335888888889
1,25.2037638888889,88.8318527777778
1,25.2024055555556,88.8317277777778
1,25.2015111111111,88.832375
1,25.1929194444444,88.8320138888889
1,25.1906416666667,88.8301722222222
1,25.1882777777778,88.8231388888889
1,25.1863416666667,88.8217277777778
1,25.1810722222222,88.8197777777778
1,25.175025,88.8137416666667
1,25.172425,88.8075055555556
1,25.1729083333333,88.7969083333333
1,25.1756333333333,88.7861111111111
1,25.1766388888889,88.7791111111111
1,25.1809444444444,88.7772083333333
1,25.186625,88.7760472222222
1,25.1864333333333,88.7709444444444
1,25.1838361111111,88.7673527777778
1,25.1827972222222,88.7643333333333
1,25.1820944444444,88.7599777777778
1,25.1798388888889,88.7571444444444
1,25.1767361111111,88.7556444444444
1,25.1791277777778,88.7510888888889
1,25.1853138888889,88.7461583333333
1,25.1882111111111,88.7357416666667
1,25.1947416666667,88.7332555555556
1,25.1993638888889,88.7254777777778
1,25.2019166666667,88.7163805555556
1,25.2037388888889,88.7064722222222
1,25.2071305555556,88.6904777777778
1,25.2082638888889,88.6877555555556
1,25.2084611111111,88.6852694444444
1,25.207175,88.6794222222222
1,25.2054722222222,88.6735972222222
1,25.2025388888889,88.6696166666667
1,25.2018472222222,88.6681305555555
1,25.2026805555556,88.6537222222222
1,25.2037805555556,88.6465138888889
1,25.2040027777778,88.6452777777778
1,25.2037555555556,88.6415472222222
1,25.20355,88.6405333333333
1,25.2021722222222,88.6348611111111
1,25.20275,88.6305972222222
1,25.2043694444444,88.6233888888889
1,25.2036555555556,88.6174361111111
1,25.2000138888889,88.6080416666667
1,25.19635,88.602075
1,25.1938583333333,88.5943805555556
1,25.1918,88.5916722222222
1,25.1895444444444,88.5909166666667
1,25.1829444444444,88.588825
1,25.1797861111111,88.5872277777778
1,25.1761416666667,88.5780611111111
1,25.1731222222222,88.5668888888889
1,25.1735694444444,88.5641722222222
1,25.1744638888889,88.5624222222222
1,25.1810305555556,88.5618888888889
1,25.1866888888889,88.5627361111111
1,25.188925,88.5608888888889
1,25.1918333333333,88.5526666666667
1,25.1904722222222,88.5472
1,25.1863555555556,88.5412694444444
1,25.1858833333333,88.5397777777778
1,25.186325,88.5362916666667
1,25.1870138888889,88.5350555555556
1,25.1894888888889,88.5342777777778
1,25.1906194444444,88.5345277777778
1,25.1915138888889,88.5354027777778
1,25.1946944444444,88.5377361111111
1,25.1958277777778,88.5379861111111
1,25.1978583333333,88.5355055555556
1,25.1978027777778,88.5331305555555
1,25.1958027777778,88.5285416666667
1,25.196025,88.5265472222222
1,25.1971138888889,88.5245472222222
1,25.198425,88.5238333333333
1,25.1995416666667,88.5233527777778
1,25.2002027777778,88.5218805555556
1,25.19935,88.5161027777778
1,25.1972833333333,88.5126305555556
1,25.1977361111111,88.5106583333333
1,25.2003083333333,88.5068805555556
1,25.2020222222222,88.5034222222222
1,25.2031388888889,88.5029027777778
1,25.2040333333333,88.5026527777778
1,25.2058138888889,88.5004166666667
1,25.2076194444444,88.4931944444444
1,25.2120805555556,88.4857222222222
1,25.2118416666667,88.4839777777778
1,25.2093388888889,88.4790194444444
1,25.1996361111111,88.4741527777778
1,25.1968194444444,88.4712138888889
1,25.1945638888889,88.4656722222222
1,25.1954166666667,88.4584722222222
1,25.1961,88.4564722222222
1,25.1969805555556,88.4549777777778
1,25.2023916666667,88.4527277777778
1,25.2030805555556,88.4517138888889
1,25.2057805555556,88.4512138888889
1,25.2066972222222,88.4502277777778
1,25.2082388888889,88.4462
1,25.2077861111111,88.44275
1,25.2068833333333,88.4413666666667
1,25.2058916666667,88.4412972222222
1,25.1996416666667,88.4415555555556
1,25.1957527777778,88.4426666666667
1,25.1817916666667,88.4466388888889
1,25.1693555555556,88.4485472222222
1,25.1677722222222,88.4494444444445
1,25.165075,88.4521805555556
1,25.1641138888889,88.4524722222222
1,25.1587694444444,88.4546944444444
1,25.1576416666667,88.4549583333333
1,25.1571972222222,88.4559722222222
1,25.1461361111111,88.4597638888889
1,25.1434333333333,88.4602555555556
1,25.1300777777778,88.4585888888889
1,25.1269055555556,88.4561444444444
1,25.1245222222222,88.4512833333333
1,25.1214194444444,88.4469861111111
1,25.1200527777778,88.4457361111111
1,25.1186916666667,88.4450055555556
1,25.1178,88.4447638888889
1,25.1150833333333,88.4442694444445
1,25.1082805555556,88.4449444444444
1,25.1036083333333,88.4473944444444
1,25.0990305555556,88.4493333333333
1,25.0979027777778,88.4504777777778
1,25.0945027777778,88.45025
1,25.0848,88.4486583333333
1,25.0807138888889,88.4494444444445
1,25.0795916666667,88.4509361111111
1,25.0782472222222,88.4526944444444
1,25.0753083333333,88.45245
1,25.0687527777778,88.4505194444445
1,25.0657916666667,88.4481666666667
1,25.0605833333333,88.4448666666667
1,25.0573916666667,88.4416666666667
1,25.0546805555556,88.4404166666667
1,25.0514666666667,88.4372083333333
1,25.0501972222222,88.4369166666667
1,25.0478527777778,88.4366027777778
1,25.0467305555556,88.4372361111111
1,25.0451722222222,88.4409777777778
1,25.0422361111111,88.44245
1,25.0388694444444,88.4484722222222
1,25.0330194444444,88.4502222222222
1,25.0298472222222,88.4502416666667
1,25.0278027777778,88.45
1,25.0235916666667,88.4482416666667
1,25.0214638888889,88.4473111111111
1,25.0178222222222,88.4447138888889
1,25.0169194444444,88.4436111111111
1,25.0149444444444,88.4425694444445
1,25.0089833333333,88.4411861111111
1,25.0071861111111,88.4372138888889
1,25.0062611111111,88.4362138888889
1,25.0069472222222,88.4345472222222
1,25.0080305555556,88.4317694444445
1,25.0098416666667,88.4310055555556
1,25.0105083333333,88.4302361111111
1,25.0111861111111,88.429
1,25.0109527777778,88.4277694444445
1,25.0077722222222,88.425825
1,25.0009638888889,88.4248527777778
1,24.9987638888889,88.4217222222222
1,24.9939305555556,88.4125194444445
1,24.9932111111111,88.4111388888889
1,24.9913916666667,88.4110277777778
1,24.9884972222222,88.4155055555556
1,24.9823805555556,88.4145277777778
1,24.978525,88.4108472222222
1,24.9733083333333,88.4106583333333
1,24.9721694444444,88.4091805555556
1,24.9691916666667,88.4014861111111
1,24.9630833333333,88.3994083333333
1,24.9615,88.3994166666667
1,24.9603638888889,88.4005611111111
1,24.9596777777778,88.4015472222222
1,24.9554083333333,88.4018194444444
1,24.9501805555556,88.4001111111111
1,24.9494888888889,88.3992416666667
1,24.9485833333333,88.3983888888889
1,24.9424805555556,88.3964361111111
1,24.9415555555556,88.39495
1,24.9408472222222,88.3924916666667
1,24.9421416666667,88.3823333333333
1,24.9460638888889,88.3726527777778
1,24.948425,88.3714361111111
1,24.9509166666667,88.3698527777778
1,24.9492777777778,88.3644027777778
1,24.946325,88.3627083333333
1,24.9431194444444,88.3530472222222
1,24.9385416666667,88.3454027777778
1,24.9336583333333,88.3435694444444
1,24.9321833333333,88.3426722222222
1,24.9222111111111,88.3393111111111
1,24.9181333333333,88.3361166666667
1,24.914925,88.3306722222222
1,24.9135638888889,88.3302
1,24.9108527777778,88.33045
1,24.9079305555556,88.3331861111111
1,24.904325,88.3332138888889
1,24.9030055555556,88.3355138888889
1,24.8996416666667,88.3451805555556
1,24.8949194444444,88.3461666666667
1,24.8842722222222,88.345125
1,24.8829111111111,88.3447833333333
1,24.880625,88.3425611111111
1,24.8774416666667,88.3411027777778
1,24.8751777777778,88.338575
1,24.8706277777778,88.3346944444444
1,24.8694888888889,88.3329722222222
1,24.8692472222222,88.3314861111111
1,24.8694666666667,88.32975
1,24.8708055555556,88.3267694444445
1,24.8798138888889,88.323
1,24.8799416666667,88.3212916666667
1,24.8789,88.3167972222222
1,24.8765944444444,88.3121027777778
1,24.8763583333333,88.3108666666667
1,24.8776694444444,88.3049166666667
1,24.8790138888889,88.3029166666667
1,24.8810555555556,88.3024027777778
1,24.8848694444444,88.2979222222222
1,24.8854527777778,88.2967277777778
1,24.8866611111111,88.2941805555556
1,24.8861694444444,88.2897222222222
1,24.8866055555556,88.2862777777778
1,24.8870361111111,88.2852555555556
1,24.8888138888889,88.2825555555556
1,24.8897944444444,88.282
1,24.8914805555556,88.2794638888889
1,24.8913305555556,88.2777555555556
1,24.8908333333333,88.2759444444444
1,24.8899277777778,88.2748388888889
1,24.8831472222222,88.2743055555555
1,24.8774638888889,88.2726944444444
1,24.8749638888889,88.2702416666667
1,24.8745,88.2692361111111
1,24.8747222222222,88.2682555555556
1,24.8751527777778,88.2670138888889
1,24.8767166666667,88.2647694444444
1,24.8830833333333,88.2643194444444
1,24.8864388888889,88.2643111111111
1,24.8939333333333,88.2651944444444
1,24.8991333333333,88.2658333333333
1,24.9058944444444,88.263825
1,24.9077111111111,88.2638055555556
1,24.9129194444444,88.2630416666667
1,24.9138305555556,88.262
1,24.9149277777778,88.2612694444444
1,24.9156138888889,88.2605
1,24.9171666666667,88.2592833333333
1,24.9185222222222,88.2587638888889
1,24.9201,88.2582555555556
1,24.9225638888889,88.2550055555556
1,24.9260916666667,88.2534722222222
1,24.9345305555556,88.2509722222222
1,24.9349861111111,88.2499861111111
1,24.9372277777778,88.2494638888889
1,24.9383666666667,88.2482222222222
1,24.9421666666667,88.2454444444444
1,24.9430388888889,88.2450416666667
1,24.950725,88.2372138888889
1,24.9543,88.2292638888889
1,24.9567166666667,88.2195972222222
1,24.9555361111111,88.2114083333333
1,24.9554805555556,88.2074861111111
1,24.9545583333333,88.2032083333333
1,24.9491666666667,88.1928472222222
1,24.94515,88.1861722222222
1,24.9440166666667,88.1824777777778
1,24.9442361111111,88.1809638888889
1,24.9439583333333,88.1745194444444
1,24.9417583333333,88.1691166666667
1,24.9413666666667,88.1681166666667
1,24.9393472222222,88.1651666666667
1,24.9348194444444,88.1627
1,24.9338888888889,88.1617277777778
1,24.93,88.1543333333333
1,24.9292416666667,88.1419166666667
1,24.928775,88.1409444444444
1,24.9274166666667,88.140325
1,24.9249194444444,88.1412277777778
1,24.9224611111111,88.1444444444444
1,24.91705,88.14675
1,24.9136861111111,88.1507138888889
1,24.9127722222222,88.1517277777778
1,24.9107666666667,88.1539583333333
1,24.9091888888889,88.1544777777778
1,24.9080694444444,88.1555
1,24.9054472222222,88.1592638888889
1,24.9045361111111,88.15975
1,24.9026944444444,88.1622083333333
1,24.9006555555556,88.1632
1,24.8963916666667,88.1679777777778
1,24.89335,88.1691388888889
1,24.8923638888889,88.169375
1,24.8889583333333,88.1690472222222
1,24.8902416666667,88.1590888888889
1,24.8899972222222,88.1573472222222
1,24.8893222222222,88.1565
1,24.8863833333333,88.1571305555556
1,24.8847861111111,88.1578944444445
1,24.883675,88.1601444444445
1,24.8805388888889,88.1641444444444
1,24.8796416666667,88.1651388888889
1,24.8758083333333,88.1655472222222
1,24.8735222222222,88.1641861111111
1,24.8728305555556,88.1630833333333
1,24.8714305555556,88.16075
1,24.8691972222222,88.1596305555556
1,24.8683,88.1600277777778
1,24.8653861111111,88.1632694444445
1,24.8611694444444,88.17445
1,24.8604861111111,88.1751861111111
1,24.8582388888889,88.1755833333333
1,24.8571027777778,88.1747416666667
1,24.8566361111111,88.1737555555556
1,24.8566,88.1686444444445
1,24.8561305555556,88.1667916666667
1,24.8506888888889,88.1648666666667
1,24.8493194444444,88.1628944444444
1,24.8488666666667,88.1601722222222
1,24.8504305555556,88.1549166666667
1,24.8513944444444,88.1517916666667
1,24.8515527777778,88.1477972222222
1,24.8492527777778,88.1449222222222
1,24.8435111111111,88.1451722222222
1,24.8416972222222,88.1467833333333
1,24.8387694444444,88.1446111111111
1,24.837475,88.1424305555556
1,24.8341388888889,88.1426527777778
1,24.83245,88.1436027777778
1,24.8306305555556,88.1432416666667
1,24.8299333333333,88.1420055555556
1,24.8319333333333,88.1357972222222
1,24.831475,88.1340694444444
1,24.8280777777778,88.1339722222222
1,24.8269083333333,88.1342277777778
1,24.8227388888889,88.1356527777778
1,24.8208,88.13745
1,24.8197472222222,88.138625
1,24.8159194444444,88.1396305555556
1,24.81205,88.1381805555556
1,24.8075444444444,88.1382222222222
1,24.8021111111111,88.13975
1,24.80075,88.1385194444444
1,24.8018333333333,88.132825
1,24.8025083333333,88.1313388888889
1,24.8094944444444,88.1285416666667
1,24.8128722222222,88.1279861111111
1,24.8205694444444,88.1279444444444
1,24.825075,88.1262916666667
1,24.8211055555556,88.1229916666667
1,24.8170861111111,88.1216305555556
1,24.817125,88.1162694444444
1,24.810975,88.1151583333333
1,24.8064277777778,88.1127361111111
1,24.79985,88.1110333333333
1,24.7962166666667,88.1078472222222
1,24.7898777777778,88.1061805555556
1,24.7880444444444,88.1059222222222
1,24.7868083333333,88.1068388888889
1,24.7858916666667,88.1072
1,24.7815083333333,88.1076111111111
1,24.7792472222222,88.1067777777778
1,24.7774111111111,88.1038055555556
1,24.7782611111111,88.0986111111111
1,24.7777805555556,88.0953888888889
1,24.7747916666667,88.0898388888889
1,24.7727638888889,88.08825
1,24.7716138888889,88.0851861111111
1,24.76955,88.0833111111111
1,24.7681638888889,88.0798888888889
1,24.7694527777778,88.0719222222222
1,24.7689833333333,88.0703111111111
1,24.7676277777778,88.0698472222222
1,24.7653777777778,88.069875
1,24.7572472222222,88.0706666666667
1,24.7546277777778,88.0711527777778
1,24.7489944444444,88.0705416666667
1,24.7434527777778,88.0694305555556
1,24.741175,88.0699583333333
1,24.7366638888889,88.0714861111111
1,24.7348833333333,88.0725
1,24.7335972222222,88.0723666666667
1,24.7205861111111,88.0669222222222
1,24.7188,88.0647972222222
1,24.7146416666667,88.0617638888889
1,24.7118916666667,88.0569638888889
1,24.7100583333333,88.0552777777778
1,24.7082527777778,88.0536583333333
1,24.7039055555556,88.0465333333333
1,24.6966111111111,88.043375
1,24.6955222222222,88.0420333333333
1,24.6944027777778,88.0399722222222
1,24.692875,88.0385055555555
1,24.69025,88.0347833333333
1,24.6879111111111,88.0299777777778
1,24.6847333333333,88.0261583333333
1,24.680175,88.0230138888889
1,24.6778888888889,88.0185555555556
1,24.6717527777778,88.0156527777778
1,24.6685527777778,88.0122138888889
1,24.6673722222222,88.0119916666667
1,24.6629194444444,88.0122638888889
1,24.6601972222222,88.0135472222222
1,24.6592916666667,88.0147833333333
1,24.6575111111111,88.0160333333333
1,24.6564,88.01825
1,24.6543694444444,88.0195277777778
1,24.6535555555556,88.0212916666667
1,24.6454555555556,88.0339638888889
1,24.6445416666667,88.0344444444444
1,24.6391527777778,88.0411805555556
1,24.6373638888889,88.04195
1,24.6367083333333,88.0429361111111
1,24.6337861111111,88.0461805555556
1,24.6329027777778,88.0469166666667
1,24.6317777777778,88.0471722222222
1,24.6308638888889,88.0474361111111
1,24.6290694444444,88.0501583333333
1,24.6241055555556,88.0526722222222
1,24.6232083333333,88.0534361111111
1,24.6209805555556,88.0561666666667
1,24.6198361111111,88.0566722222222
1,24.6173722222222,88.0584361111111
1,24.6153583333333,88.0601861111111
1,24.6086972222222,88.0633888888889
1,24.6064111111111,88.0648472222222
1,24.6045583333333,88.0659583333333
1,24.6038833333333,88.0669722222222
1,24.5973222222222,88.0683527777778
1,24.5959722222222,88.069
1,24.5955444444444,88.0700055555556
1,24.5912527777778,88.0717638888889
1,24.5892305555556,88.0740138888889
1,24.5863055555556,88.0752638888889
1,24.5847166666667,88.0760416666667
1,24.5826861111111,88.0770277777778
1,24.57865,88.0807833333333
1,24.5714333333333,88.0842916666667
1,24.5703222222222,88.0857972222222
1,24.5658083333333,88.087825
1,24.5651527777778,88.0888111111111
1,24.5617666666667,88.0901027777778
1,24.5581805555556,88.0935694444444
1,24.555025,88.095075
1,24.553675,88.0965694444444
1,24.55075,88.097825
1,24.5487166666667,88.1003055555556
1,24.5451277777778,88.1015888888889
1,24.5444166666667,88.1025833333333
1,24.5420194444444,88.1044027777778
1,24.5401777777778,88.10625
1,24.5367944444444,88.1090694444444
1,24.5361388888889,88.1100555555556
1,24.5350111111111,88.1105694444444
1,26.41405,88.658075
1,26.4144805555556,88.6550694444445
1,26.4155972222222,88.6532972222222
1,26.4221638888889,88.6532777777778
1,26.4234916666667,88.6514861111111
1,26.4248638888889,88.6509916666667
1,26.4267166666667,88.6474916666667
1,26.4280083333333,88.6442
1,26.4338361111111,88.6313944444444
1,26.4390305555556,88.6316111111111
1,26.4436944444444,88.6319166666667
1,26.4539388888889,88.6317916666667
1,26.4548611111111,88.6311583333333
1,26.4647888888889,88.6276166666667
1,26.4684111111111,88.6246944444444
1,26.4726416666667,88.6159027777778
1,26.4700777777778,88.6070138888889
1,26.4681138888889,88.6032138888889
1,26.4680777777778,88.6016111111111
1,26.4671555555556,88.6003333333333
1,26.4621833333333,88.5983666666667
1,26.4603694444444,88.598625
1,26.4590166666667,88.5992694444444
1,26.4574638888889,88.6011444444444
1,26.4561111111111,88.6017638888889
1,26.4538166666667,88.6014166666667
1,26.4522166666667,88.5989166666667
1,26.451775,88.5974222222222
1,26.4513,88.5946666666667
1,26.4517361111111,88.5893611111111
1,26.455075,88.5800611111111
1,26.4567361111111,88.5708194444445
1,26.4578083333333,88.5696027777778
1,26.459225,88.5676111111111
1,26.4620416666667,88.5652277777778
1,26.4627,88.5642361111111
1,26.4724027777778,88.5598944444444
1,26.4733138888889,88.5583888888889
1,26.4746694444444,88.5578944444444
1,26.4755638888889,88.5576388888889
1,26.4780333333333,88.5555833333333
1,26.480525,88.5528194444444
1,26.4811861111111,88.5515611111111
1,26.4802555555556,88.5445472222222
1,26.4811194444444,88.5377555555555
1,26.4847166666667,88.5312083333333
1,26.4856388888889,88.5312083333333
1,26.4865027777778,88.5296666666667
1,26.492375,88.5279027777778
1,26.4928222222222,88.5268805555556
1,26.498925,88.5238388888889
1,26.5002722222222,88.5233472222222
1,26.5025416666667,88.5208111111111
1,26.5034361111111,88.5203111111111
1,26.5095027777778,88.5169916666667
1,26.5119944444444,88.5142277777778
1,26.5128861111111,88.5127138888889
1,26.5115861111111,88.5056527777778
1,26.5108916666667,88.5048888888889
1,26.5101194444444,88.5024444444444
1,26.5132638888889,88.4976527777778
1,26.51485,88.4971583333333
1,26.5168777777778,88.4948472222222
1,26.5184666666667,88.4949722222222
1,26.5231972222222,88.494075
1,26.5254472222222,88.4935555555556
1,26.5304166666667,88.4907694444445
1,26.5313111111111,88.4902777777778
1,26.5344722222222,88.4879916666667
1,26.5359583333333,88.4872222222222
1,26.5376444444444,88.4849583333333
1,26.5403194444444,88.4821944444444
1,26.5407388888889,88.4751388888889
1,26.541625,88.4726027777778
1,26.5429805555556,88.4723666666667
1,26.5450194444444,88.4713666666667
1,26.5472527777778,88.4683194444444
1,26.5474805555556,88.4672972222222
1,26.5467777777778,88.4651722222222
1,26.5440555555556,88.4630472222222
1,26.5386277777778,88.4620833333333
1,26.5371805555556,88.4605888888889
1,26.5354138888889,88.4576305555556
1,26.5357638888889,88.4540833333333
1,26.5365555555556,88.4523111111111
1,26.5385722222222,88.4515333333333
1,26.5401555555556,88.4500194444445
1,26.5428416666667,88.4464638888889
1,26.5434777777778,88.4402
1,26.5461805555556,88.4351583333333
1,26.5471,88.4347638888889
1,26.5567083333333,88.4312638888889
1,26.5658083333333,88.4279916666667
1,26.5812194444444,88.427075
1,26.5852305555556,88.4268805555556
1,26.5922361111111,88.4253333333333
1,26.620725,88.4226527777778
1,26.6259027777778,88.4200972222222
1,26.6279333333333,88.4168111111111
1,26.6283805555556,88.4158111111111
1,26.6276638888889,88.4110416666667
1,26.6241527777778,88.4030416666667
1,26.6230861111111,88.4012361111111
1,26.6221666666667,88.4005
1,26.6169833333333,88.3985055555556
1,26.6162944444444,88.3977777777778
1,26.6146638888889,88.3937694444444
1,26.6117333333333,88.3922638888889
1,26.6079,88.3921583333333
1,26.6065222222222,88.3922972222222
1,26.6040722222222,88.3981583333333
1,26.6000388888889,88.4034166666667
1,26.5975972222222,88.393575
1,26.5970277777778,88.3906166666667
1,26.595425,88.3883527777778
1,26.595875,88.3863611111111
1,26.5954083333333,88.3847
1,26.5929083333333,88.382575
1,26.5809416666667,88.3793805555556
1,26.5774861111111,88.3770277777778
1,26.5761222222222,88.3756583333333
1,26.5677638888889,88.3760833333333
1,26.5611944444444,88.3717416666667
1,26.55055,88.3675194444444
1,26.5446416666667,88.3660555555555
1,26.5369944444444,88.3665138888889
1,26.5353611111111,88.3663666666667
1,26.5324805555556,88.3645472222222
1,26.5247222222222,88.3612777777778
1,26.5234527777778,88.3603666666666
1,26.5116111111111,88.3586166666667
1,26.5079722222222,88.3577361111111
1,26.5053583333333,88.3547972222222
1,26.5022722222222,88.3496305555555
1,26.5011416666667,88.3488805555556
1,26.5000166666667,88.3482694444444
1,26.4997805555556,88.3472555555555
1,26.4977833333333,88.3447638888889
1,26.4958333333333,88.3436166666667
1,26.4893222222222,88.3397972222222
1,26.4854583333333,88.3385694444444
1,26.4832527777778,88.3385055555555
1,26.4762027777778,88.3388611111111
1,26.4714888888889,88.3414027777778
1,26.4665222222222,88.3442416666667
1,26.4618388888889,88.3525333333333
1,26.460925,88.3535555555555
1,26.4559472222222,88.3548194444444
1,26.4491694444444,88.3548611111111
1,26.4473583333333,88.3561444444444
1,26.4460222222222,88.3586805555556
1,26.4476222222222,88.3616527777778
1,26.4485305555556,88.3626722222222
1,26.449425,88.3630194444444
1,26.4571194444444,88.3628666666666
1,26.4634805555556,88.366325
1,26.4659638888889,88.3665611111111
1,26.4720583333333,88.3645055555556
1,26.4736416666667,88.3629916666667
1,26.4781444444444,88.3629583333333
1,26.4804194444444,88.3638388888889
1,26.4820194444444,88.3656944444444
1,26.4833777777778,88.3667
1,26.4834138888889,88.3737222222222
1,26.4829722222222,88.37625
1,26.4758305555556,88.3881111111111
1,26.4747333333333,88.3969166666667
1,26.4751972222222,88.3981666666667
1,26.4788222222222,88.4020277777778
1,26.479725,88.4022416666667
1,26.4806694444444,88.4066805555556
1,26.4804416666667,88.4079305555556
1,26.4797861111111,88.4086722222222
1,26.4788638888889,88.4089305555556
1,26.4772861111111,88.4099361111111
1,26.4761916666667,88.4116805555556
1,26.4747277777778,88.4125888888889
1,26.4644611111111,88.4170611111111
1,26.4633277777778,88.420075
1,26.4631083333333,88.4215888888889
1,26.4635777777778,88.4235972222222
1,26.4656305555556,88.4247138888889
1,26.4692805555556,88.4281583333333
1,26.4703888888889,88.4294777777778
1,26.47085,88.430575
1,26.4713361111111,88.4345972222222
1,26.4699888888889,88.4373666666667
1,26.469075,88.4381027777778
1,26.4634416666667,88.4396722222222
1,26.460075,88.4469638888889
1,26.4596527777778,88.4487083333333
1,26.4600972222222,88.4502277777778
1,26.4627361111111,88.4549916666667
1,26.4644805555556,88.4622694444444
1,26.4633638888889,88.465825
1,26.4621694444444,88.4784583333333
1,26.4583361111111,88.4856861111111
1,26.4515916666667,88.4828888888889
1,26.4459472222222,88.4825
1,26.4430361111111,88.4874027777778
1,26.44275,88.4925611111111
1,26.4381222222222,88.4937833333333
1,26.4236611111111,88.4936944444444
1,26.4184166666667,88.4971527777778
1,26.4161944444444,88.5000888888889
1,26.4142555555556,88.501575
1,26.4095138888889,88.49895
1,26.4056444444444,88.4989638888889
1,26.4033916666667,88.5035194444444
1,26.4020722222222,88.5095416666667
1,26.4009527777778,88.5110555555556
1,26.3993666666667,88.5113194444444
1,26.3983083333333,88.5108388888889
1,26.3961888888889,88.509575
1,26.3923777777778,88.5097277777778
1,26.3910277777778,88.5103611111111
1,26.38765,88.5156388888889
1,26.3876222222222,88.5187222222222
1,26.390425,88.5241666666667
1,26.3857611111111,88.5227361111111
1,26.3815694444444,88.5216861111111
1,26.3803916666667,88.5203111111111
1,26.3796111111111,88.5196305555556
1,26.3780611111111,88.5181305555555
1,26.3712638888889,88.5146527777778
1,26.3713055555556,88.5182694444444
1,26.3707027777778,88.5212555555556
1,26.3712194444444,88.5229916666667
1,26.3722694444444,88.5265194444444
1,26.3719277777778,88.531625
1,26.3673638888889,88.5288666666667
1,26.3641055555556,88.5253111111111
1,26.3624388888889,88.5229083333333
1,26.3616083333333,88.5216388888889
1,26.3596333333333,88.5215472222222
1,26.358975,88.5238111111111
1,26.35875,88.5250694444445
1,26.3578416666667,88.5263194444444
1,26.3558,88.5264583333333
1,26.3542083333333,88.5253472222222
1,26.3535361111111,88.5235833333333
1,26.3521666666667,88.521325
1,26.3488333333333,88.5175138888889
1,26.3455166666667,88.5109361111111
1,26.3510083333333,88.5112638888889
1,26.3555166666667,88.5122916666667
1,26.3573305555556,88.5122777777778
1,26.3593777777778,88.5115
1,26.3602361111111,88.5095055555555
1,26.3597805555556,88.5060194444444
1,26.3586527777778,88.5040055555556
1,26.3572583333333,88.5024861111111
1,26.3577083333333,88.49925
1,26.3570222222222,88.4951027777778
1,26.35635,88.4939861111111
1,26.355425,88.4932222222222
1,26.3493222222222,88.4938611111111
1,26.3481888888889,88.49275
1,26.3495083333333,88.4867277777778
1,26.3501944444444,88.4854722222222
1,26.3515416666667,88.4849583333333
1,26.3524444444444,88.4847222222222
1,26.3533333333333,88.4837
1,26.3536833333333,88.4806111111111
1,26.353525,88.4769166666667
1,26.3555444444444,88.4726027777778
1,26.3589027777778,88.4673527777778
1,26.3680777777778,88.4652138888889
1,26.3717527777778,88.4620555555556
1,26.3668638888889,88.4578527777778
1,26.3645138888889,88.4567972222222
1,26.3604527777778,88.4523055555556
1,26.3585805555556,88.4510472222222
1,26.3514222222222,88.4480277777778
1,26.3477111111111,88.4465
1,26.3363611111111,88.4404083333333
1,26.3338472222222,88.4358888888889
1,26.3317833333333,88.4281305555556
1,26.3322194444444,88.4228805555556
1,26.3314944444444,88.4167416666667
1,26.3301277777778,88.4148666666667
1,26.3285388888889,88.4147555555556
1,26.3249138888889,88.4151527777778
1,26.3226833333333,88.4196527777778
1,26.3213666666667,88.4212361111111
1,26.3176416666667,88.4215888888889
1,26.3158166666667,88.4200472222222
1,26.3149944444444,88.4152138888889
1,26.3172,88.4076805555556
1,26.3172444444444,88.4032
1,26.3157805555556,88.3968944444445
1,26.3144111111111,88.3946583333333
1,26.3137222222222,88.3938944444445
1,26.31305,88.3930333333333
1,26.3082944444444,88.3926805555556
1,26.3069277777778,88.3911861111111
1,26.3068555555556,88.3864027777778
1,26.3061555555556,88.3846444444445
1,26.3046,88.3773944444444
1,26.3025361111111,88.3751388888889
1,26.3016388888889,88.3747833333333
1,26.2994222222222,88.3733944444444
1,26.2927583333333,88.3645555555556
1,26.29185,88.3626666666667
1,26.2900305555556,88.3611805555555
1,26.2879805555556,88.36045
1,26.2868472222222,88.3593111111111
1,26.2843555555556,88.35745
1,26.2831361111111,88.3568666666667
1,26.27415,88.35275
1,26.2621333333333,88.3493194444444
1,26.25625,88.3493527777778
1,26.2479111111111,88.3524361111111
1,26.2443055555556,88.3559583333333
1,26.24295,88.3562138888889
1,26.2409333333333,88.3573805555556
1,26.2400138888889,88.3577638888889
1,26.2334972222222,88.3579361111111
1,26.2278027777778,88.3548472222222
1,26.2207805555556,88.3533611111111
1,26.2201111111111,88.3526166666667
1,26.2143805555556,88.3388888888889
1,26.21025,88.3331388888889
1,26.2038833333333,88.3289305555555
1,26.2029861111111,88.3276944444444
1,26.2032694444444,88.3263388888889
1,26.2030583333333,88.3247361111111
1,26.2058611111111,88.3171583333333
1,26.2074333333333,88.3158666666667
1,26.2067111111111,88.3111166666667
1,26.2058111111111,88.3095
1,26.2046833333333,88.3091166666667
1,26.2021888888889,88.307125
1,26.2012611111111,88.3058805555555
1,26.2010166666667,88.3043805555556
1,26.2005777777778,88.3034027777778
1,26.2025916666667,88.2975972222222
1,26.2002666666667,88.290625
1,26.1995888888889,88.2891166666667
1,26.1949194444444,88.2840888888889
1,26.1929666666667,88.2814027777778
1,26.1908416666667,88.2754166666667
1,26.1902027777778,88.2729222222222
1,26.1904083333333,88.2696722222222
1,26.1923666666667,88.2601111111111
1,26.1909777777778,88.2513527777778
1,26.1831722222222,88.2388666666667
1,26.1779666666667,88.2361583333333
1,26.1743333333333,88.2256527777778
1,26.1737888888889,88.2231666666667
1,26.1734083333333,88.2214166666667
1,26.1714888888889,88.2166666666667
1,26.1703555555556,88.2161944444445
1,26.1658277777778,88.2122083333333
1,26.1617361111111,88.2125
1,26.1608361111111,88.2115055555556
1,26.1601611111111,88.2095
1,26.1626055555556,88.2052277777778
1,26.1619166666667,88.2014722222222
1,26.1582444444444,88.1949861111111
1,26.1541333333333,88.1922694444444
1,26.1491416666667,88.1848805555556
1,26.1459222222222,88.1813194444445
1,26.1341472222222,88.1772638888889
1,26.1312,88.1756583333333
1,26.1244027777778,88.1757222222222
1,26.1162611111111,88.1745611111111
1,26.1114888888889,88.1699722222222
1,26.1107972222222,88.1688388888889
1,26.1067138888889,88.1666111111111
1,26.1035,88.1617
1,26.1025833333333,88.1611444444444
1,26.10055,88.1601388888889
1,26.0957972222222,88.1604361111111
1,26.0917472222222,88.1624777777778
1,26.0881444444444,88.1625055555556
1,26.0851638888889,88.1612916666667
1,26.0831472222222,88.1610472222222
1,26.07795,88.1613472222222
1,26.077275,88.1628527777778
1,26.0749111111111,88.1722777777778
1,26.0741972222222,88.1754083333333
1,26.0724111111111,88.1759083333333
1,26.0688277777778,88.18245
1,26.0679388888889,88.1837083333333
1,26.0654666666667,88.1847138888889
1,26.061625,88.1847777777778
1,26.0602444444444,88.1834083333333
1,26.0533805555556,88.175325
1,26.0499888888889,88.1728111111111
1,26.0323666666667,88.1727277777778
1,26.0308,88.1757416666667
1,26.0303555555556,88.1770138888889
1,26.0292361111111,88.1782638888889
1,26.0281111111111,88.1787638888889
1,26.0272,88.1790194444444
1,26.0265138888889,88.1802694444444
1,26.0238083333333,88.1804305555556
1,26.0222138888889,88.1797972222222
1,26.020875,88.1780833333333
1,26.0180583333333,88.1638472222222
1,26.0136555555556,88.1533611111111
1,26.0124638888889,88.1441166666667
1,26.0113305555556,88.1425055555556
1,26.0083833333333,88.1422694444445
1,26.0068,88.1429166666667
1,26.0056916666667,88.1446805555556
1,25.9980138888889,88.1473888888889
1,25.9955416666667,88.1477638888889
1,25.9921277777778,88.1460416666667
1,25.9914472222222,88.1452833333333
1,25.9896,88.140325
1,25.9861722222222,88.1368472222222
1,25.9830166666667,88.1355972222222
1,25.9755166666667,88.13495
1,25.9698861111111,88.1285194444444
1,25.96905,88.1270277777778
1,25.9685138888889,88.1261444444444
1,25.9671972222222,88.1249361111111
1,25.9668694444444,88.1237416666667
1,25.9612222222222,88.1240472222222
1,25.9567027777778,88.1255833333333
1,25.9498833333333,88.1231305555555
1,25.9442416666667,88.1244166666666
1,25.9415305555556,88.1247222222222
1,25.9404027777778,88.1234638888889
1,25.9378638888889,88.1172361111111
1,25.9367305555556,88.115875
1,25.9328722222222,88.1156583333333
1,25.9317444444444,88.1150555555556
1,25.9294444444444,88.1095694444444
1,25.927575,88.1018388888889
1,25.9248277777778,88.0980972222222
1,25.9179333333333,88.0947361111111
1,25.9155138888889,88.0939361111111
1,25.9132666666667,88.0939583333333
1,25.9057027777778,88.09595
1,25.9024138888889,88.0961944444444
1,25.9005972222222,88.0955611111111
1,25.8969638888889,88.0923472222222
1,25.8937944444444,88.092375
1,25.8924388888889,88.0928944444444
1,25.8920138888889,88.0938888888889
1,25.8900166666667,88.0969027777778
1,25.8875305555556,88.0991861111111
1,25.8860722222222,88.1002833333333
1,25.8844027777778,88.1014638888889
1,25.8827916666667,88.1019722222222
1,25.8805388888889,88.1016111111111
1,25.8793833333333,88.10075
1,25.8757944444444,88.0995194444444
1,25.870025,88.098
1,25.8673638888889,88.0990972222222
1,25.8652722222222,88.1067083333333
1,25.8644555555556,88.1094444444444
1,25.8631805555556,88.1116722222222
1,25.8613277777778,88.1135888888889
1,25.8592611111111,88.1148194444444
1,25.8565888888889,88.1167222222222
1,25.8535833333333,88.1177777777778
1,25.8503361111111,88.117375
1,25.8484388888889,88.1157361111111
1,25.8470583333333,88.1145194444444
1,25.8451527777778,88.1117638888889
1,25.8436694444444,88.1072916666667
1,25.84355,88.1042361111111
1,25.8428722222222,88.1034361111111
1,25.8415777777778,88.1030888888889
1,25.8402777777778,88.1031166666667
1,25.8383138888889,88.1048388888889
1,25.8358166666667,88.1050972222222
1,25.8349416666667,88.1057555555556
1,25.8333472222222,88.1067361111111
1,25.8317305555556,88.1064222222222
1,25.8301333333333,88.1048111111111
1,25.8283083333333,88.1032083333333
1,25.8233305555556,88.1036027777778
1,25.821975,88.1041166666667
1,25.8203916666667,88.105
1,25.8197361111111,88.1060138888889
1,25.8168361111111,88.1077972222222
1,25.8136611111111,88.1070888888889
1,25.8129583333333,88.1062083333333
1,25.8118333333333,88.1059583333333
1,25.8102527777778,88.1068611111111
1,25.8084916666667,88.1129638888889
1,25.8071527777778,88.1149861111111
1,25.8042027777778,88.1147555555555
1,25.8030277777778,88.1142277777778
1,25.8018222222222,88.113
1,25.8001138888889,88.1116666666667
1,25.7948972222222,88.1122222222222
1,25.7942583333333,88.1144777777778
1,25.7938361111111,88.1204722222222
1,25.794075,88.1214583333333
1,25.7941444444444,88.1302138888889
1,25.7901472222222,88.1399861111111
1,25.7899388888889,88.1422416666667
1,25.784875,88.1434027777778
1,25.7723027777778,88.1433888888889
1,25.7712055555556,88.1471166666667
1,25.7709888888889,88.148625
1,25.774625,88.1533388888889
1,25.7812277777778,88.1566444444445
1,25.7835722222222,88.1665277777778
1,25.7826861111111,88.1704916666667
1,25.7829222222222,88.1715
1,25.7879527777778,88.1782083333333
1,25.7911361111111,88.1799361111111
1,25.7929583333333,88.1836444444445
1,25.7941333333333,88.1911444444444
1,25.7939361111111,88.1926527777778
1,25.7926416666667,88.1941527777778
1,25.7901111111111,88.1964305555556
1,25.7891888888889,88.1966944444444
1,25.7847555555556,88.2062138888889
1,25.7841111111111,88.2092138888889
1,25.7847805555556,88.2101944444445
1,25.7895416666667,88.2100277777778
1,25.7924666666667,88.21125
1,25.7943138888889,88.2129861111111
1,25.7949861111111,88.2143527777778
1,25.7956888888889,88.2193472222222
1,25.7942027777778,88.229325
1,25.7967083333333,88.2328055555556
1,25.7996527777778,88.2340277777778
1,25.8010166666667,88.2353888888889
1,25.8017166666667,88.2395194444444
1,25.8040305555556,88.2429027777778
1,25.8047361111111,88.2446444444444
1,25.8047305555556,88.2507277777778
1,25.8072527777778,88.2564722222222
1,25.8077305555556,88.2592138888889
1,25.8076888888889,88.2602972222222
1,25.8068527777778,88.2659361111111
1,25.8073222222222,88.2679638888889
1,25.8069055555556,88.2696944444444
1,25.80445,88.2734444444444
1,25.800375,88.2756305555556
1,25.7976638888889,88.2759027777778
1,25.7920138888889,88.2760416666667
1,25.7904333333333,88.2767916666667
1,25.78705,88.27595
1,25.7847916666667,88.2751111111111
1,25.7839833333333,88.2745833333333
1,25.7809055555556,88.2716305555556
1,25.77885,88.2705138888889
1,25.7770583333333,88.2701666666667
1,25.775425,88.2727416666667
1,25.7714777777778,88.2806805555555
1,25.7708083333333,88.2842083333333
1,25.7710555555556,88.28545
1,25.7712972222222,88.2874222222222
1,25.7699472222222,88.2886805555556
1,25.7674638888889,88.2922
1,25.7627361111111,88.2927083333333
1,25.7607361111111,88.2957222222222
1,25.7596805555556,88.2960611111111
1,25.7582027777778,88.2986527777778
1,25.7573611111111,88.2992694444444
1,25.7526777777778,88.3120277777778
1,25.7495305555556,88.3157777777778
1,25.7405,88.3185888888889
1,25.734425,88.3198944444444
1,25.7336472222222,88.3249361111111
1,25.7340027777778,88.3263611111111
1,25.7351416666667,88.3278527777778
1,25.7360611111111,88.3281027777778
1,25.7378527777778,88.3290972222222
1,25.7380555555556,88.3314027777778
1,25.7365805555556,88.3352638888889
1,25.7323222222222,88.3407
1,25.7284944444444,88.34245
1,25.7285138888889,88.3449361111111
1,25.7267305555556,88.3466166666667
1,25.7260555555556,88.3495611111111
1,25.7251416666667,88.3500555555556
1,25.7239138888889,88.3526444444444
1,25.7217388888889,88.3603194444444
1,25.7187083333333,88.3614305555555
1,25.7178194444444,88.3617833333333
1,25.7168111111111,88.3634361111111
1,25.7123527777778,88.3746805555555
1,25.7108083333333,88.3764305555555
1,25.7068277777778,88.3764027777778
1,25.7057944444444,88.3762138888889
1,25.7020333333333,88.3734027777778
1,25.69815,88.3735
1,25.69675,88.3769083333333
1,25.696125,88.38025
1,25.6972722222222,88.3852416666667
1,25.6958972222222,88.38575
1,25.6952444444444,88.3872777777778
1,25.694125,88.3882777777778
1,25.6909805555556,88.3892916666667
1,25.6859972222222,88.3890611111111
1,25.6855416666667,88.390075
1,25.684625,88.3905694444445
1,25.6815138888889,88.3968472222222
1,25.6812944444444,88.3980833333333
1,25.6824416666667,88.4015833333333
1,25.6817555555556,88.4023194444444
1,25.6808583333333,88.4030888888889
1,25.6781722222222,88.4063472222222
1,25.6727777777778,88.4073666666667
1,25.6671111111111,88.4096305555556
1,25.6659944444444,88.4101444444445
1,25.6623916666667,88.4161666666667
1,25.6615083333333,88.4184083333333
1,25.6613777777778,88.4195194444444
1,25.6629111111111,88.425875
1,25.6661111111111,88.4313472222222
1,25.66635,88.4338333333333
1,25.6616805555556,88.4480833333333
1,25.6614666666667,88.4520555555556
1,25.6619305555556,88.4535555555556
1,25.66105,88.4547972222222
1,25.6571944444444,88.4570972222222
1,25.6565166666667,88.4580888888889
1,25.6509638888889,88.4565055555556
1,25.6481388888889,88.4566444444444
1,25.6465583333333,88.4574083333333
1,25.6388055555556,88.4587277777778
1,25.6371,88.4587083333333
1,25.6301388888889,88.4577555555556
1,25.6271972222222,88.4580277777778
1,25.62375,88.4567833333333
1,25.62305,88.4558055555556
1,25.6218916666667,88.4544361111111
1,25.6187416666667,88.4533194444445
1,25.6135305555556,88.4545888888889
1,25.6126388888889,88.45545
1,25.6110527777778,88.4554638888889
1,25.6092361111111,88.4548611111111
1,25.6051472222222,88.4501527777778
1,25.6008444444444,88.4488055555556
1,25.5997166666667,88.4489444444445
1,25.5990361111111,88.4501861111111
1,25.5968194444444,88.4559222222222
1,25.5948055555556,88.4584361111111
1,25.5936805555556,88.4587083333333
1,25.592325,88.4591861111111
1,25.5889722222222,88.4667083333333
1,25.5869333333333,88.4689444444444
1,25.584,88.4699722222222
1,25.5835416666667,88.4709638888889
1,25.5822194444444,88.4759638888889
1,25.5819888888889,88.4774583333333
1,25.5834111111111,88.4851722222222
1,25.5829722222222,88.4883888888889
1,25.5820666666667,88.4923944444444
1,25.5793833333333,88.4964166666667
1,25.5782583333333,88.4969305555556
1,25.568425,88.4960888888889
1,25.5637805555556,88.4967277777778
1,25.56265,88.4962416666667
1,25.5592527777778,88.4963944444444
1,25.5576972222222,88.4970055555556
1,25.5567333333333,88.498075
1,25.5546388888889,88.5012
1,25.5515444444444,88.503125
1,25.5509277777778,88.5040416666667
1,25.5486555555556,88.5047833333333
1,25.5467083333333,88.5088388888889
1,25.5431027777778,88.5187833333333
1,25.5406388888889,88.5217833333333
1,25.5354305555556,88.5235833333333
1,25.534975,88.5260472222222
1,25.5358666666667,88.5287416666667
1,25.536375,88.5337555555556
1,25.5354777777778,88.5344916666667
1,25.534825,88.5357694444444
1,25.5332361111111,88.5365277777778
1,25.5318888888889,88.5370416666667
1,25.5309722222222,88.5375277777778
1,25.5305361111111,88.5385138888889
1,25.5289111111111,88.5390611111111
1,25.5233166666667,88.5410333333333
1,25.5159861111111,88.5411722222222
1,25.5113472222222,88.5412777777778
1,25.5087277777778,88.5413388888889
1,25.5079805555556,88.5446111111111
1,25.5100527777778,88.5490194444444
1,25.5110361111111,88.5495
1,25.5144944444444,88.5520888888889
1,25.515975,88.5542777777778
1,25.5155222222222,88.5560555555555
1,25.5134222222222,88.5580333333333
1,25.5125277777778,88.5582972222222
1,25.5118833333333,88.5617638888889
1,25.5100638888889,88.5658055555555
1,25.5090583333333,88.5684305555556
1,25.5078194444444,88.5739638888889
1,25.5052138888889,88.5921444444444
1,25.5061444444444,88.5949444444444
1,25.5077388888889,88.5966666666667
1,25.5106944444444,88.5991527777778
1,25.5119194444444,88.6002083333333
1,25.512975,88.6058805555555
1,25.5109361111111,88.6083611111111
1,25.5055277777778,88.611375
1,25.4974472222222,88.6223888888889
1,25.4954472222222,88.6336166666667
1,25.4963722222222,88.6398055555556
1,25.4954805555556,88.640825
1,25.4939444444444,88.6414166666667
1,25.4928194444444,88.6418944444445
1,25.4898361111111,88.6439638888889
1,25.4814888888889,88.6460972222222
1,25.4796888888889,88.6498388888889
1,25.4792583333333,88.6585833333333
1,25.4774527777778,88.660075
1,25.4763222222222,88.6605888888889
1,25.4749805555556,88.661825
1,25.4732111111111,88.6678055555556
1,25.4732361111111,88.6747694444445
1,25.4730611111111,88.6764638888889
1,25.4736416666667,88.6789916666667
1,25.4744111111111,88.6874916666667
1,25.4734694444444,88.6926527777778
1,25.4717388888889,88.6991861111111
1,25.4731111111111,88.7024166666667
1,25.4728861111111,88.7034083333333
1,25.4753972222222,88.705625
1,25.4812805555556,88.7061027777778
1,25.4821833333333,88.7066111111111
1,25.4860333333333,88.7104638888889
1,25.488975,88.7108333333333
1,25.4905611111111,88.7105833333333
1,25.4912166666667,88.7090611111111
1,25.4926888888889,88.7090833333333
1,25.4943666666667,88.7090972222222
1,25.495175,88.7108666666667
1,25.4957638888889,88.7142777777778
1,25.4953055555556,88.7152694444444
1,25.495125,88.7207638888889
1,25.4976138888889,88.72475
1,25.4980861111111,88.7284916666667
1,25.4969583333333,88.7337138888889
1,25.4994472222222,88.7376722222222
1,25.4996972222222,88.7406583333333
1,25.4956388888889,88.7426666666667
1,25.4938222222222,88.7426722222222
1,25.4901638888889,88.7414027777778
1,25.4881611111111,88.7414638888889
1,25.4877305555556,88.7427
1,25.487075,88.7471805555556
1,25.4891055555556,88.7492
1,25.4895722222222,88.7511722222222
1,25.4918416666667,88.7563944444445
1,25.4925555555556,88.762875
1,25.4950527777778,88.7670972222222
1,25.5015972222222,88.7670694444444
1,25.5056611111111,88.7655694444444
1,25.5061194444444,88.764575
1,25.5085944444444,88.7638111111111
1,25.5108583333333,88.761325
1,25.5151527777778,88.7600472222222
1,25.5178388888889,88.7601583333333
1,25.5194305555556,88.7612972222222
1,25.5203666666667,88.7674916666667
1,25.5191611111111,88.7706388888889
1,25.5163333333333,88.7752694444444
1,25.5127444444444,88.784
1,25.5134222222222,88.7874583333333
1,25.5184055555556,88.7941805555556
1,25.5197722222222,88.7954083333333
1,25.5202333333333,88.7966527777778
1,25.5209361111111,88.8003944444444
1,25.5197888888889,88.8011305555556
1,25.5186888888889,88.8026527777778
1,25.5175638888889,88.8028888888889
1,25.5157444444444,88.803625
1,25.5152944444444,88.8046388888889
1,25.5124055555556,88.8058333333333
1,25.4976666666667,88.8114166666667
1,25.4883972222222,88.8139222222222
1,25.4852583333333,88.8184083333333
1,25.4841555555556,88.8258805555556
1,25.4814666666667,88.8321305555556
1,25.4796333333333,88.8343888888889
1,25.4785027777778,88.83475
1,25.4762583333333,88.8352833333333
1,25.463375,88.8367916666667
1,25.4613194444444,88.8351666666667
1,25.4545472222222,88.8361722222222
1,25.4460694444444,88.8349083333333
1,25.4440444444444,88.8337972222222
1,25.4414055555556,88.8285
1,25.4382333333333,88.8278944444444
1,25.4364194444444,88.8282833333333
1,25.4341833333333,88.8342555555555
1,25.4301277777778,88.8357361111111
1,25.4269527777778,88.8356444444444
1,25.424925,88.8333944444444
1,25.4240222222222,88.8315277777778
1,25.4113555555556,88.8293111111111
1,25.4116055555556,88.8263527777778
1,25.4108555555556,88.821625
1,25.4101888888889,88.8202555555555
1,25.4088138888889,88.8168944444444
1,25.4065444444444,88.8167777777778
1,25.4054194444444,88.8173888888889
1,25.4020611111111,88.822125
1,25.4011638888889,88.8226388888889
1,25.3991111111111,88.827625
1,25.3964333333333,88.8387972222222
1,25.3946416666667,88.8417916666667
1,25.3921722222222,88.8440694444444
1,25.3894638888889,88.8446861111111
1,25.3883138888889,88.8444444444444
1,25.3869555555556,88.8443194444444
1,25.3865583333333,88.8412083333333
1,25.3860444444444,88.8394638888889
1,25.3849194444444,88.8394638888889
1,25.3767666666667,88.841125
1,25.36415,88.8457361111111
1,25.3621,88.8466305555555
1,25.3602972222222,88.848875
1,25.3598861111111,88.8498388888889
1,25.3571472222222,88.8560888888889
1,25.35285,88.8578194444444
1,25.3515111111111,88.8620694444444
1,25.3515166666667,88.8650833333333
1,25.3512888888889,88.8660611111111
1,25.3499166666667,88.8676805555556
1,25.3449805555556,88.8702972222222
1,25.3395361111111,88.8706944444444
1,25.3375166666667,88.8713055555556
1,25.3329944444444,88.8787916666667
1,25.3315194444444,88.8798055555555
1,25.3271416666667,88.8812833333333
1,25.3260138888889,88.8827777777778
1,25.3246694444444,88.8865194444445
1,25.3251111111111,88.8880138888889
1,25.3283083333333,88.8900472222222
1,25.33215,88.8917361111111
1,25.3355361111111,88.8961805555556
1,25.3360083333333,88.9006722222222
1,25.3333055555556,88.9051527777778
1,25.3319555555556,88.9066444444445
1,25.3201972222222,88.9111722222222
1,25.3190777777778,88.9119027777778
1,25.3179527777778,88.9131388888889
1,25.3138722222222,88.9153666666667
1,25.3129861111111,88.9203527777778
1,25.31305,88.9272
1,25.3121555555556,88.928625
1,25.3101333333333,88.929375
1,25.3089388888889,88.9298333333333
1,25.3053277777778,88.9360277777778
1,25.3024388888889,88.9614027777778
1,25.30245,88.9678888888889
1,25.3029777777778,88.9700694444444
1,25.3045055555556,88.9760694444444
1,25.3049527777778,88.9822916666667
1,25.3036027777778,88.9840333333333
1,25.3027083333333,88.9852694444444
1,25.3013611111111,88.9865138888889
1,25.3,88.98725
1,25.2988138888889,88.9915
1,25.2984666666667,89.0036722222222
1,25.2953055555556,89.0071583333333
1,25.2919055555556,89.0079305555555
1,25.2846694444444,89.0069222222222
1,25.2805388888889,89.0078111111111
1,25.2731416666667,89.0099222222222
1,25.2706194444444,89.0109305555556
1,25.265675,89.0110416666667
1,25.2645833333333,89.0102833333333
1,25.2637583333333,89.0075333333333
1,25.2675,89.0014638888889
1,25.2687166666667,89.0010138888889
1,25.2703861111111,88.99775
1,25.2701805555556,88.9957833333333
1,25.26955,88.9915416666667
1,25.2690388888889,88.9888055555556
1,25.2685777777778,88.9865611111111
1,25.2658555555556,88.9835833333333
1,25.2622138888889,88.9766444444444
1,25.255425,88.9726666666667
1,25.2548472222222,88.9701444444444
1,25.2531333333333,88.9629638888889
1,25.2486194444444,88.9567638888889
1,22.2314555555556,89.04125
1,22.2282638888889,89.0426944444445
1,22.2269388888889,89.0444222222222
1,22.2230777777778,89.0463527777778
1,22.2200361111111,89.0499361111111
1,22.2147861111111,89.0583527777778
1,22.2131583333333,89.0602083333333
1,22.2122638888889,89.0614166666667
1,22.210675,89.0618944444444
1,22.2065,89.0643944444444
1,22.2048,89.0662916666667
1,22.1989444444444,89.0685
1,22.1914833333333,89.0699361111111
1,22.1851333333333,89.0699444444444
1,22.1800277777778,89.0688944444444
1,22.1677166666667,89.0692638888889
1,22.1541361111111,89.0724361111111
1,22.1503333333333,89.0780416666667
1,22.14965,89.0804583333333
1,22.1507722222222,89.0812916666667
1,22.1537222222222,89.08445
1,22.1543888888889,89.0855333333333
1,22.1555416666667,89.0859027777778
1,22.1593888888889,89.0894305555556
1,22.1605222222222,89.0942777777778
1,22.1580444444444,89.096825
1,22.1559055555556,89.0968472222222
1,22.1464833333333,89.095875
1,22.1440222222222,89.0943055555556
1,22.1410722222222,89.0901861111111
1,22.1381222222222,89.0882361111111
1,22.1367638888889,89.086325
1,22.1326611111111,89.0780694444444
1,22.1280722222222,89.0713611111111
1,22.1269666666667,89.0704027777778
1,22.1249611111111,89.0678888888889
1,22.1238138888889,89.0660611111111
1,22.1231666666667,89.0652777777778
1,22.1192944444444,89.0611861111111
1,22.1184,89.0605972222222
1,22.1167805555556,89.0571944444444
1,22.1125,89.0520972222222
1,22.1081944444444,89.0501861111111
1,22.1054555555556,89.0470333333333
1,22.0988944444444,89.0436444444444
1,22.0952638888889,89.0434083333333
1,22.0894,89.0436583333333
1,22.0640722222222,89.0516944444444
1,22.0512027777778,89.0535333333333
1,22.0446388888889,89.0561027777778
1,22.04305,89.0578111111111
1,22.0421111111111,89.0583805555556
1,22.0391972222222,89.0619305555556
1,22.0380777777778,89.0624222222222
1,22.0369472222222,89.0629166666667
1,22.0342444444444,89.0672833333333
1,22.033125,89.0680194444444
1,22.0313083333333,89.06995
1,22.0295277777778,89.0723944444444
1,22.028375,89.0723944444444
1,22.0256722222222,89.0757777777778
1,22.024775,89.0762416666667
1,22.0231833333333,89.0767416666667
1,22.0207027777778,89.0777361111111
1,22.0202444444444,89.0786861111111
1,22.0170833333333,89.0796805555555
1,22.0127166666667,89.0804083333333
1,21.9994583333333,89.0816444444444
1,22.0001777777778,89.0777416666667
1,21.9994083333333,89.0736666666667
1,21.9933277777778,89.0734083333333
1,21.9869777777778,89.0714638888889
1,21.966375,89.0676111111111
1,21.9604916666667,89.0676166666667
1,21.9525916666667,89.0700416666667
1,21.9464805555556,89.0700555555556
1,21.9392305555556,89.0674027777778
1,21.9372027777778,89.0652416666667
1,23.6399888888889,68.1154722222222
1,23.6437111111111,68.1216805555555
1,23.6469944444444,68.127575
1,23.6512,68.1369777777778
1,23.6553972222222,68.1463805555556
1,23.6595638888889,68.1543611111111
1,23.6677166666667,68.1636444444445
1,23.6745138888889,68.1715472222222
1,23.6838722222222,68.1765055555556
1,23.6931583333333,68.1786027777778
1,23.7023722222222,68.1778472222222
1,23.7111194444444,68.1761527777778
1,23.7176888888889,68.175
1,23.7282111111111,68.1742083333333
1,23.7344027777778,68.1754444444445
1,23.7424055555556,68.1790194444444
1,23.7482083333333,68.1821861111111
1,23.7504194444444,68.1837
1,23.7564472222222,68.189375
1,23.7647527777778,68.1945416666667
1,23.7757277777778,68.1981444444444
1,23.7880305555556,68.2002361111111
1,23.8002583333333,68.1993666666667
1,23.8111222222222,68.1985472222222
1,23.8242555555556,68.1976583333333
1,23.8347083333333,68.198325
1,23.8470083333333,68.2004166666667
1,23.8634305555556,68.2038611111111
1,23.8730388888889,68.2075055555556
1,23.8772222222222,68.2113194444444
1,23.8810027777778,68.217125
1,23.8858833333333,68.2302694444444
1,23.8929638888889,68.2413944444445
1,23.8987361111111,68.2540333333333
1,23.8987777777778,68.25995
1,23.8948027777778,68.2665694444444
1,23.8919555555556,68.2721527777778
1,23.8907138888889,68.2776944444444
1,23.8919722222222,68.2819083333333
1,23.8949888888889,68.2830694444444
1,23.8977166666667,68.2814861111111
1,23.8992388888889,68.2779361111111
1,23.9025694444444,68.2730888888889
1,23.9058972222222,68.2682361111111
1,23.9085361111111,68.2634027777778
1,23.9124277777778,68.2625333333333
1,23.9186555555556,68.2628527777778
1,23.9230916666667,68.2654722222222
1,23.9315361111111,68.2717222222222
1,23.9371694444444,68.2758055555556
1,23.9414583333333,68.2814305555555
1,23.9429666666667,68.2863888888889
1,23.9409833333333,68.28995
1,23.9355138888889,68.2921166666667
1,23.9313777777778,68.2927416666667
1,23.9259305555556,68.2956527777778
1,23.9212277777778,68.3007916666667
1,23.918625,68.307375
1,23.9188666666667,68.316875
1,23.921025,68.3203111111111
1,23.9258472222222,68.3199166666667
1,23.9306888888889,68.3202777777778
1,23.9321555555556,68.3237361111111
1,23.9319833333333,68.3258333333333
1,23.9316277777778,68.33025
1,23.9277027777778,68.339125
1,23.9278694444444,68.3456166666667
1,23.9314027777778,68.3490194444444
1,23.9362861111111,68.350875
1,23.937625,68.3490888888889
1,23.9360888888889,68.3428805555556
1,23.9373,68.3358388888889
1,23.9434666666667,68.3339083333333
1,23.9483638888889,68.3365138888889
1,23.9518638888889,68.3384166666667
1,23.9551416666667,68.3389861111111
1,23.9573055555556,68.3391444444444
1,23.9656305555556,68.338
1,23.968975,68.3375277777778
1,23.972425,68.3406166666667
1,23.9738444444444,68.3431527777778
1,23.9753166666667,68.3472
1,23.9755722222222,68.3572277777778
1,23.9735638888889,68.3587555555555
1,23.9661583333333,68.3591527777778
1,23.9527916666667,68.3598888888889
1,23.9415888888889,68.3624166666667
1,23.9396805555556,68.3678805555556
1,23.9407027777778,68.3729916666667
1,23.9400583333333,68.3739861111111
1,23.9417222222222,68.3752138888889
1,23.9448472222222,68.3763194444444
1,23.9472527777778,68.375375
1,23.9505583333333,68.3734305555555
1,23.9580416666667,68.3707416666667
1,23.9607472222222,68.3704638888889
1,23.9641611111111,68.3709638888889
1,23.9676694444444,68.3759027777778
1,23.9654666666667,68.3819777777778
1,23.9650083333333,68.3832916666667
1,23.9643027777778,68.3851388888889
1,23.9655416666667,68.3899916666667
1,23.9645083333333,68.3929638888889
1,23.96365,68.3942138888889
1,23.9643083333333,68.4059777777778
1,32.6214944444444,78.7849444444444
1,32.6235694444444,78.7825694444444
1,32.6238111111111,78.7814861111111
1,32.6265777777778,78.7777555555556
1,32.6336805555556,78.7725055555556
1,32.6396,78.7712361111111
1,32.6419222222222,78.7695555555556
1,32.6478638888889,78.7640888888889
1,32.6519527777778,78.7617222222222
1,32.6535555555555,78.7611944444444
1,32.6567305555556,78.7622694444444
1,32.6612583333333,78.7637416666667
1,32.6717111111111,78.7643888888889
1,32.6848277777778,78.7676583333333
1,32.6886583333333,78.7682
1,32.6905277777778,78.7683611111111
1,32.6946166666667,78.7678888888889
1,32.6955222222222,78.7676583333333
1,32.696,78.7660555555556
1,32.6962805555556,78.7612083333333
1,32.6958361111111,78.7598666666667
1,32.6875027777778,78.7522277777778
1,32.6800472222222,78.7481027777778
1,32.6721861111111,78.7407916666667
1,32.6656666666667,78.7323888888889
1,32.6625472222222,78.7259166666667
1,32.662325,78.724825
1,32.66055,78.7223805555556
1,32.6596611111111,78.7215833333333
1,32.6567861111111,78.7132277777778
1,32.6552555555556,78.7046166666667
1,32.65505,78.7022138888889
1,32.6554055555556,78.6893333333333
1,32.6558833333333,78.6877277777778
1,32.6568972222222,78.6788805555556
1,32.6558,78.6704222222222
1,32.6556416666667,78.6682638888889
1,32.6549638888889,78.6662416666667
1,32.6540555555556,78.6648944444444
1,32.6520416666667,78.6605972222222
1,32.6411416666667,78.6539444444445
1,32.6350166666667,78.6500694444445
1,32.6327722222222,78.6484027777778
1,32.6299222222222,78.6463805555556
1,32.614425,78.6400694444444
1,32.6113138888889,78.6391722222222
1,32.6081944444445,78.6375472222222
1,32.6021111111111,78.6317555555555
1,32.6009888888889,78.6307694444444
1,32.6007944444444,78.6296805555555
1,32.599,78.6264638888889
1,32.596725,78.6222916666667
1,32.5965555555556,78.621075
1,32.5956444444444,78.6197222222222
1,32.5951944444444,78.6186305555556
1,32.5945361111111,78.6175611111111
1,32.5945583333333,78.6145888888889
1,32.5959388888889,78.6127222222222
1,32.6046305555556,78.6071805555555
1,32.6058055555556,78.6045194444444
1,32.6074388888889,78.6004583333333
1,32.6076861111111,78.5983333333333
1,32.6088416666667,78.5935833333333
1,32.6099805555556,78.59225
1,32.6111583333333,78.5906583333333
1,32.6129944444444,78.5885333333333
1,32.613675,78.58745
1,32.6143777777778,78.5866666666667
1,32.6149916666667,78.5797694444444
1,32.6158611111111,78.5765138888889
1,32.6156305555556,78.5711111111111
1,32.6156416666667,78.5697833333333
1,32.6136555555556,78.5643888888889
1,32.6125638888889,78.5574027777778
1,32.610125,78.5522833333333
1,32.6096972222222,78.5506722222222
1,32.60875,78.5452638888889
1,32.6086611111111,78.5401944444444
1,32.6071194444444,78.5342638888889
1,24.2653805555556,70.8939861111111
1,24.2671972222222,70.8896111111111
1,24.2699111111111,70.8821861111111
1,24.2738277777778,70.8764305555555
1,24.2773444444444,70.8744916666667
1,24.2809583333333,70.8727361111111
1,24.2859388888889,70.8716305555556
1,24.2889027777778,70.8716027777778
1,24.2917277777778,70.8721027777778
1,24.29575,70.8725333333333
1,24.2985472222222,70.8751944444444
1,24.3013555555556,70.8778527777778
1,24.3032194444444,70.8805194444444
1,24.30605,70.8872083333333
1,24.30795,70.8929027777778
1,24.3091722222222,70.8942138888889
1,24.3106833333333,70.8973527777778
1,24.3116833333333,70.8978944444445
1,24.3122416666667,70.8992416666667
1,24.3144111111111,70.90295
1,24.3170277777778,70.905125
1,24.3197138888889,70.908825
1,24.3220194444444,70.9124777777778
1,24.3232916666667,70.9130972222222
1,24.3242888888889,70.9144861111111
1,24.3280972222222,70.9166805555556
1,24.3310166666667,70.9205555555556
1,24.3341416666667,70.9255611111111
1,24.338825,70.9322416666667
1,24.3416277777778,70.9359083333333
1,24.3444527777778,70.9405833333333
1,24.3481805555556,70.94425
1,24.3509861111111,70.947575
1,24.3519666666667,70.9552972222222
1,24.3529472222222,70.9620055555555
1,24.3567166666667,70.9697
1,24.3604583333333,70.975375
1,24.3632666666667,70.9800472222222
1,24.3642194444444,70.9827361111111
1,24.365175,70.9864222222222
1,24.3633472222222,70.989125
1,24.3605777777778,70.990825
1,24.3578194444444,70.9925333333333
1,24.35415,70.9972777777778
1,24.3513972222222,71.0009916666667
1,24.3504972222222,71.0046944444444
1,24.3496361111111,71.0134361111111
1,24.3496694444444,71.0171305555556
1,24.3498555555556,71.0217777777778
1,24.3517472222222,71.035325
1,24.3590444444444,71.0509027777778
1,24.3599972222222,71.0546444444444
1,24.3611694444444,71.0555416666667
1,24.3727416666667,71.0637
1,24.3765916666667,71.0653944444445
1,24.3846833333333,71.0752416666667
1,24.385725,71.0766583333333
1,24.3878083333333,71.0817972222222
1,24.3948694444444,71.1099777777778
1,24.3970833333333,71.1135416666667
1,24.4059222222222,71.1203527777778
1,24.4130611111111,71.1222972222222
1,24.4179305555556,71.1227138888889
1,24.4190722222222,71.1209722222222
1,24.4318805555556,71.1127555555556
1,24.4352444444444,71.1075472222222
1,24.4369888888889,71.0829861111111
1,24.4351416666667,71.0294166666667
1,24.4346611111111,71.0269638888889
1,24.4352666666667,71.0251111111111
1,24.43965,71.0114722222222
1,24.4417638888889,71.0056388888889
1,24.4443944444444,70.9985277777778
1,24.4468583333333,70.9958055555555
1,24.4514944444444,70.9952638888889
1,24.4712805555556,70.9958111111111
1,24.49615,71.0000416666667
1,24.5065972222222,71.0026305555556
1,24.5274166666667,71.0038194444444
1,24.5335083333333,70.9982277777778
1,24.5460583333333,70.9867361111111
1,24.5711833333333,70.9919444444444
1,24.5748111111111,70.9920416666667
1,24.5769166666667,70.9911444444444
1,24.5797638888889,70.9897361111111
1,24.5894833333333,70.9872138888889
1,24.6039666666667,70.9891944444444
1,24.6203083333333,70.9989027777778
1,24.6250583333333,71.004
1,24.6263305555556,71.0053666666667
1,24.6271388888889,71.0059583333333
1,24.6352083333333,71.0092777777778
1,24.6397194444444,71.0233055555556
1,24.6434138888889,71.0349861111111
1,24.6509944444444,71.04975
1,24.6585444444444,71.0620277777778
1,24.6658916666667,71.0740555555556
1,24.6721944444444,71.081375
1,24.6850472222222,71.0963472222222
1,24.6877722222222,71.0895972222222
1,24.7023194444444,71.0756944444444
1,24.71655,71.0620194444444
1,24.7443333333333,71.0515333333333
1,24.7468,71.0501666666667
1,24.7601666666667,71.0430333333333
1,24.7653083333333,71.0395138888889
1,24.8035305555556,71.0245833333333
1,24.8259944444444,71.0128805555556
1,24.8407527777778,71.0017416666667
1,24.8434194444444,71.0004222222222
1,24.8465416666667,70.9988888888889
1,24.8578083333333,70.9933333333333
1,24.8774638888889,70.9788944444444
1,24.8822027777778,70.9746444444445
1,24.8947638888889,70.9679777777778
1,24.9133638888889,70.9512361111111
1,24.9195638888889,70.945575
1,24.9397555555556,70.9348333333333
1,24.978775,70.922
1,25.00005,70.9150333333333
1,25.0469666666667,70.9041944444444
1,25.0509444444444,70.9032694444445
1,25.0633361111111,70.9015833333333
1,25.1005305555556,70.8950194444445
1,25.1252305555556,70.8898194444445
1,25.1496444444444,70.8840472222222
1,25.1592111111111,70.8743055555555
1,25.1689055555556,70.8645138888889
1,25.1814972222222,70.8505055555556
1,25.1879638888889,70.8456861111111
1,25.1895472222222,70.8439444444444
1,25.2297638888889,70.7990416666667
1,25.2463416666667,70.7852777777778
1,25.2481472222222,70.7832
1,25.2711666666667,70.7561027777778
1,25.2812222222222,70.7487083333333
1,25.3025972222222,70.74325
1,25.3273194444444,70.7339916666667
1,25.3411833333333,70.722
1,25.3516277777778,70.7128944444444
1,25.3666555555556,70.695625
1,25.3706805555556,70.6916666666667
1,25.3849527777778,70.67675
1,25.3920555555556,70.6684083333333
1,25.3938,70.6653944444445
1,25.3960444444444,70.6638666666667
1,25.4016861111111,70.6633805555556
1,25.4078055555556,70.6659916666667
1,25.4184805555556,70.6687694444445
1,25.4232388888889,70.6695416666667
1,25.4542027777778,70.6694638888889
1,25.4802805555556,70.6728888888889
1,25.4962888888889,70.6750138888889
1,25.5101777777778,70.6752833333333
1,25.5179861111111,70.6756166666667
1,25.5250194444444,70.6778611111111
1,25.526,70.6756166666667
1,25.5307222222222,70.6662972222222
1,25.5379111111111,70.6666444444444
1,25.5399388888889,70.6659722222222
1,25.5401888888889,70.6669777777778
1,25.5420222222222,70.6670694444445
1,25.5955944444444,70.667575
1,25.5973888888889,70.6676388888889
1,25.6209388888889,70.6697083333333
1,25.6267166666667,70.6702222222222
1,25.6533555555556,70.6713527777778
1,25.6590777777778,70.6716027777778
1,25.6677027777778,70.6716388888889
1,25.687275,70.6666861111111
1,25.6930027777778,70.6634583333333
1,25.7042777777778,70.6565055555556
1,25.7081916666667,70.6513472222222
1,25.7088333333333,70.6497638888889
1,25.7108833333333,70.6459722222222
1,25.7130305555556,70.6393888888889
1,25.7136888888889,70.6373888888889
1,25.7137361111111,70.6344722222222
1,25.7130444444444,70.6329916666667
1,25.7139388888889,70.6289222222222
1,25.7139333333333,70.621325
1,25.7138972222222,70.6074722222222
1,33.2245055555556,73.6349027777778
1,33.2210027777778,73.6337222222222
1,33.2150833333333,73.6328055555555
1,33.2124194444444,73.6299305555555
1,33.2141861111111,73.6272694444444
1,33.2191583333333,73.6247
1,33.2215416666667,73.62395
1,33.2299722222222,73.6258194444444
1,33.2333388888889,73.6248472222222
1,33.2353944444444,73.6237916666667
1,33.2356861111111,73.6225472222222
1,33.2361,73.6211666666667
1,33.2369944444444,73.6197972222222
1,33.24175,73.6135972222222
1,33.2482361111111,73.6093666666667
1,33.2482083333333,73.6080277777778
1,33.248175,73.6066805555555
1,33.250175,73.6041583333333
1,33.2592305555556,73.603875
1,33.2608138888889,73.6033055555556
1,33.2619222222222,73.6025888888889
1,33.2632638888889,73.6016027777778
1,33.2666194444444,73.5993111111111
1,33.2705194444444,73.597625
1,33.2770555555556,73.5969027777778
1,33.2811972222222,73.5965138888889
1,33.2842777777778,73.5977222222222
1,33.2875861111111,73.5991722222222
1,33.2902388888889,73.6011722222222
1,33.2917861111111,73.6021666666667
1,33.2937666666667,73.6026166666667
1,33.2954944444444,73.6017916666667
1,33.2976111111111,73.5980833333333
1,33.3018611111111,73.5927555555556
1,33.3026861111111,73.5903944444444
1,33.3037361111111,73.5882833333333
1,33.3061166666667,73.5874222222222
1,33.3085055555556,73.5868333333333
1,33.31155,73.58595
1,33.315925,73.5863333333333
1,33.31875,73.5857361111111
1,33.3213472222222,73.5846027777778
1,33.3228638888889,73.5840416666666
1,33.3230416666667,73.58195
1,33.3249722222222,73.5805888888889
1,33.3278361111111,73.5815472222222
1,33.3283222222222,73.5843888888889
1,33.3290277777778,73.5864361111111
1,33.330825,73.5889861111111
1,33.3330305555556,73.5899638888889
1,33.3354166666667,73.5893611111111
1,33.3371472222222,73.5885333333333
1,33.3388611111111,73.5866583333333
1,33.3394861111111,73.5853388888889
1,33.3389916666667,73.58275
1,33.3373777777778,73.5786444444444
1,33.3347222222222,73.5763888888889
1,33.3331527777778,73.574875
1,33.3326888888889,73.5735888888889
1,33.3331111111111,73.5725416666667
1,33.3346166666667,73.5714444444445
1,33.3358916666667,73.5698527777778
1,33.3388694444444,73.5680138888889
1,33.3409861111111,73.5643527777778
1,33.3442555555556,73.5641722222222
1,33.350325,73.5659638888889
1,33.3528527777778,73.5677777777778
1,33.3533138888889,73.5688527777778
1,33.3547138888889,73.5698805555556
1,33.3567361111111,73.5692638888889
1,33.3591833333333,73.5672972222222
1,33.3591444444444,73.5656805555555
1,33.3591111111111,73.5640694444444
1,33.3611138888889,73.5607638888889
1,33.3669194444444,73.5570694444444
1,33.3721333333333,73.55745
1,33.3773666666667,73.5590138888889
1,33.3837861111111,73.5616666666667
1,33.3853694444444,73.5613472222222
1,33.3899194444444,73.562
1,33.3914055555556,73.5626583333333
1,33.3928083333333,73.5634361111111
1,33.3951333333333,73.5648611111111
1,33.3968,73.5660555555556
1,33.3977166666667,73.5674444444444
1,33.3979055555556,73.5690277777778
1,33.398675,73.5706111111111
1,33.3998972222222,73.5719861111111
1,33.4012416666667,73.5723055555556
1,33.4034638888889,73.571875
1,33.4052416666667,73.5716388888889
1,33.4067555555556,73.5724861111111
1,33.4072361111111,73.5740611111111
1,33.4081472222222,73.5752777777778
1,33.4096722222222,73.577
1,33.4108944444444,73.5785555555556
1,33.4131805555555,73.5807916666667
1,33.4151277777778,73.5819722222222
1,33.4172388888889,73.5829722222222
1,33.4191972222222,73.584325
1,33.4201194444444,73.5858944444444
1,33.4200194444444,73.5880277777778
1,33.4206527777778,73.58995
1,33.4222944444444,73.5900833333333
1,33.4240722222222,73.5896805555555
1,33.4250555555556,73.5867972222222
1,33.4251666666667,73.5848527777778
1,33.4252666666667,73.5828944444444
1,33.4264388888889,73.5817916666667
1,33.4279083333333,73.5812222222222
1,33.4301583333333,73.5818527777778
1,33.4319611111111,73.5828611111111
1,33.4327388888889,73.5844305555556
1,33.433375,73.5861861111111
1,33.4342805555556,73.5868666666667
1,33.4359055555555,73.5861166666667
1,33.4378277777778,73.5856944444444
1,33.4399166666667,73.5856305555555
1,33.4420083333333,73.58645
1,33.4426416666667,73.5882
1,33.4428916666667,73.5931666666667
1,33.4429583333333,73.5965333333333
1,33.4441888888889,73.5982694444444
1,33.4451194444444,73.6001944444444
1,33.4459166666667,73.6030138888889
1,33.4471416666667,73.6055138888889
1,33.4490444444444,73.6074027777778
1,33.4493638888889,73.6085194444444
1,33.44985,73.6095694444444
1,33.4507805555556,73.6103666666666
1,33.4504472222222,73.6165833333333
1,33.4529055555556,73.6194083333333
1,33.453375,73.6207777777778
1,33.4560305555556,73.6234361111111
1,33.4569333333333,73.6236722222222
1,33.4585222222222,73.623875
1,33.4641694444445,73.6229027777778
1,33.4666166666667,73.6209361111111
1,33.4668083333333,73.6187555555556
1,33.4667777777778,73.6174166666667
1,33.4672138888889,73.6163333333333
1,33.4705694444444,73.6135138888889
1,33.4771111111111,73.6127916666667
1,33.4786805555556,73.6116388888889
1,33.47885,73.6086666666667
1,33.4767583333333,73.6068388888889
1,33.4753805555556,73.6058111111111
1,33.4749166666667,73.6044777777778
1,33.4752916666667,73.6014722222222
1,33.4768555555556,73.6000833333333
1,33.4842722222222,73.59925
1,33.4861416666667,73.599
1,33.4874611111111,73.5970611111111
1,33.4876583333333,73.59595
1,33.48945,73.5945555555555
1,33.4910194444444,73.5945055555555
1,33.49585,73.59625
1,33.49895,73.5950833333333
1,33.5019805555556,73.5955611111111
1,33.5034027777778,73.5961527777778
1,33.5035194444444,73.5987
1,33.5026,73.6008194444444
1,33.5011805555555,73.6025694444444
1,33.4993361111111,73.6080555555556
1,33.5034777777778,73.6078666666667
1,33.5129805555556,73.6040888888889
1,33.5173083333333,73.6050472222222
1,33.5184527777778,73.6058111111111
1,33.5184888888889,73.6079777777778
1,33.5192805555556,73.6125472222222
1,33.5197583333333,73.6135972222222
1,33.5204527777778,73.6149222222222
1,33.5211833333333,73.61575
1,33.5223555555555,73.6168472222222
1,33.5230444444444,73.6186305555556
1,33.5269611111111,73.6222972222222
1,33.5276527777778,73.6236305555556
1,33.5277944444444,73.6306583333333
1,33.5285972222222,73.6314222222222
1,33.5319861111111,73.6316527777778
1,33.5363833333333,73.6295055555555
1,33.5387694444444,73.6243805555555
1,33.5392083333333,73.6232777777778
1,24.2400583333333,69.033375
1,24.2435194444444,69.0385194444444
1,24.2608416666667,69.0715138888889
1,24.2708055555556,69.0905416666667
1,24.2705833333333,69.096575
1,24.2586111111111,69.1282777777778
1,24.2567722222222,69.1332694444444
1,24.255475,69.1385277777778
1,24.2364,69.1912972222222
1,24.25775,69.2490555555556
1,24.279175,69.3071583333333
1,24.2748472222222,69.3311666666667
1,24.2724444444444,69.3503333333333
1,24.2716583333333,69.35145
1,24.2701777777778,69.3633111111111
1,24.2688694444444,69.3735972222222
1,24.2707305555556,69.3998944444444
1,24.2779722222222,69.4358888888889
1,24.2784861111111,69.4415833333333
1,24.2774777777778,69.4482555555556
1,24.2687444444444,69.4659305555556
1,24.2667138888889,69.47975
1,24.2662638888889,69.4829722222222
1,24.2701527777778,69.5101166666667
1,24.2755805555556,69.534
1,24.2758916666667,69.5384222222222
1,24.28125,69.5619222222222
1,24.2897944444444,69.5863944444445
1,24.2885916666667,69.5935472222222
1,24.2863694444444,69.5939638888889
1,24.2796944444444,69.6027638888889
1,24.1825694444444,69.7135555555556
1,24.1703083333333,69.7286166666667
1,24.1698472222222,69.7706944444444
1,24.1704555555556,69.8102361111111
1,24.1691861111111,69.8770694444444
1,24.1696805555556,69.9515
1,24.1694055555556,69.9787222222222
1,24.1685361111111,69.9964305555555
1,24.1683833333333,70.015
1,24.1685361111111,70.016
1,24.1700638888889,70.0235972222222
1,24.1766166666667,70.0369861111111
1,24.1801805555556,70.040825
1,24.18135,70.0421027777778
1,24.1886472222222,70.0500833333333
1,24.1951833333333,70.0623472222222
1,24.1956361111111,70.0632916666667
1,24.1965416666667,70.064125
1,24.2008416666667,70.0662833333333
1,24.2158611111111,70.0713111111111
1,24.2224861111111,70.0748611111111
1,24.2452555555556,70.0871944444444
1,24.2656805555556,70.0943666666667
1,24.2743527777778,70.0988055555556
1,24.2770861111111,70.1004638888889
1,24.2809527777778,70.1026305555555
1,24.2920833333333,70.106625
1,24.2930416666667,70.1077916666667
1,24.2937944444444,70.1095
1,24.2963111111111,70.1188666666667
1,24.2996333333333,70.1384777777778
1,24.3004472222222,70.1485472222222
1,24.3046138888889,70.1702
1,24.3075222222222,70.1817916666667
1,24.3089138888889,70.1860694444444
1,24.3134055555556,70.1996666666667
1,24.3206722222222,70.2183472222222
1,24.3230305555556,70.2445333333333
1,24.3299861111111,70.2572638888889
1,24.3326027777778,70.2675611111111
1,24.333575,70.27
1,24.3465861111111,70.3025694444444
1,24.3497388888889,70.3300277777778
1,24.3521277777778,70.3512638888889
1,24.351725,70.3535
1,24.3525194444444,70.364575
1,24.3521611111111,70.3709638888889
1,24.354925,70.3761027777778
1,24.3580722222222,70.3835972222222
1,24.3584333333333,70.3853388888889
1,24.3587666666667,70.3863388888889
1,24.3621666666667,70.3916944444445
1,24.3678194444444,70.4004722222222
1,24.3715555555556,70.4072277777778
1,24.3762527777778,70.4174583333333
1,24.3786138888889,70.4237361111111
1,24.3800361111111,70.4285333333333
1,24.3815416666667,70.4402972222222
1,24.3820222222222,70.4426166666667
1,24.3829944444444,70.4474222222222
1,24.3849166666667,70.4556944444444
1,24.3859,70.4614916666667
1,24.3882555555556,70.4677694444444
1,24.3906,70.4730555555556
1,24.3908055555556,70.4741444444444
1,24.3929666666667,70.4807972222222
1,24.3977111111111,70.4979861111111
1,24.4003,70.5075333333333
1,24.4034166666667,70.5202777777778
1,24.4065194444444,70.5330194444444
1,24.4081,70.5409222222222
1,23.9656333333333,68.42925
1,23.966,68.453825
1,23.9661555555556,68.4587083333333
1,23.9657361111111,68.5467
1,23.9661805555556,68.5481583333333
1,23.9661694444444,68.5496305555556
1,23.96625,68.6292
1,23.96605,68.6302
1,23.9659583333333,68.6332777777778
1,23.9663833333333,68.6348611111111
1,23.9662083333333,68.6370888888889
1,23.9660805555556,68.6417555555556
1,23.9662416666667,68.6498666666667
1,23.9660944444444,68.6523111111111
1,23.9664055555556,68.6559722222222
1,23.9662333333333,68.6655611111111
1,23.9660027777778,68.6685416666667
1,23.9661305555556,68.7117638888889
1,23.9664416666667,68.7468944444445
1,23.9660222222222,68.7498527777778
1,23.9658416666667,68.7510833333333
1,23.9676361111111,68.7511805555556
1,23.9846388888889,68.7527833333333
1,24.0793,68.7578611111111
1,24.0828277777778,68.7574444444444
1,24.0849444444444,68.7575333333333
1,24.0882416666667,68.75845
1,24.1033416666667,68.7592777777778
1,24.1184722222222,68.7601027777778
1,24.1257111111111,68.7604861111111
1,24.1275611111111,68.7611388888889
1,24.1335611111111,68.7614305555555
1,24.1939611111111,68.7642083333333
1,24.2543666666667,68.7672138888889
1,24.271075,68.768125
1,24.2832638888889,68.7676805555556
1,24.288975,68.7602416666667
1,24.2905555555556,68.7602
1,24.2928416666667,68.7616166666667
1,24.2966361111111,68.7691527777778
1,24.2983388888889,68.7745333333333
1,24.3059527777778,68.7928055555555
1,24.3113055555556,68.8043472222222
1,24.3099722222222,68.8157416666667
1,24.3140305555556,68.8210194444444
1,24.315225,68.8228611111111
1,24.3153,68.8260611111111
1,24.2797722222222,68.8406722222222
1,24.2761861111111,68.8414638888889
1,24.2559861111111,68.8405888888889
1,24.2195305555556,68.8495555555556
1,24.2153055555556,68.8512916666667
1,24.2144222222222,68.8529638888889
1,24.2122388888889,68.8572972222222
1,24.2106138888889,68.8648666666667
1,24.2103972222222,68.8664444444444
1,24.2104666666667,68.8699166666667
1,24.2110694444444,68.8721027777778
1,24.2117027777778,68.8740138888889
1,24.21335,68.8769222222222
1,24.2236333333333,68.8830833333333
1,24.2555805555556,68.8919777777778
1,24.2571111111111,68.8925611111111
1,24.2597194444444,68.8933194444445
1,24.2675638888889,68.8974722222222
1,24.2730694444444,68.9012638888889
1,24.2829361111111,68.9129722222222
1,24.2940916666667,68.9321805555556
1,24.3005916666667,68.9417
1,24.286875,68.955575
1,24.270175,68.967575
1,24.2587777777778,68.9714361111111
1,24.23185,68.9806111111111
1,24.2304861111111,68.9820888888889
1,24.2261055555556,68.9881027777778
1,24.2216611111111,69.0037138888889
1,24.2219472222222,69.0064361111111
1,24.228,69.0206944444444
1,24.23255,69.0275833333333
1,32.3867861111111,79.078075
1,32.3872583333333,79.0769916666667
1,32.3881888888889,79.0725
1,32.3891472222222,79.0695472222222
1,32.3890444444444,79.0591027777778
1,32.38755,79.0529305555555
1,32.3875861111111,79.0502638888889
1,32.3864638888889,79.0475555555556
1,32.3862861111111,79.0427416666667
1,32.3849666666667,79.0387
1,32.3839222222222,79.0320138888889
1,32.3812583333333,79.026625
1,32.3794916666667,79.0220194444444
1,32.3786,79.02095
1,32.3781527777778,79.0198527777778
1,32.3757388888889,79.0131305555555
1,32.3689722222222,79.0071666666667
1,32.3436861111111,78.992325
1,32.3382861111111,78.9877138888889
1,32.3365,78.9839444444444
1,32.3363083333333,78.98045
1,32.3369944444444,78.9796722222222
1,32.3374666666667,78.978625
1,32.3377111111111,78.9775333333333
1,32.3404611111111,78.9759722222222
1,32.3501,78.9691444444444
1,32.3574083333333,78.9663111111111
1,32.3645222222222,78.9602694444444
1,32.3654444444444,78.9586805555556
1,32.3653055555556,78.9511444444445
1,32.3657916666667,78.9484861111111
1,32.3675472222222,78.9464083333333
1,32.3677916666667,78.9453333333333
1,32.3711111111111,78.9426861111111
1,32.3722555555556,78.9392138888889
1,32.3731833333333,78.9386861111111
1,32.3736555555556,78.9376027777778
1,32.3739027777778,78.9362777777778
1,32.3763388888889,78.9312277777778
1,32.3777861111111,78.9282833333333
1,32.3814916666667,78.9195277777778
1,32.3825222222222,78.9182
1,32.3855222222222,78.9137
1,32.3862166666667,78.9118333333333
1,32.3866722222222,78.9104777777778
1,32.3876027777778,78.9100055555556
1,32.3891166666667,78.9064027777778
1,32.3908638888889,78.9033527777778
1,32.3913388888889,78.902
1,32.3960472222222,78.896325
1,32.3992722222222,78.8931666666667
1,32.4005444444444,78.8911388888889
1,32.4046861111111,78.8858333333333
1,32.4157083333333,78.873825
1,32.4190361111111,78.8709583333333
1,32.4225972222222,78.8686666666667
1,32.4288194444444,78.8636861111111
1,32.4356833333333,78.8610833333333
1,32.4391166666667,78.8573944444444
1,32.4394166666667,78.8515
1,32.4389916666667,78.8498888888889
1,32.4385444444444,78.8487972222222
1,32.4381194444444,78.8447833333333
1,32.4370222222222,78.8405
1,32.4363611111111,78.8396805555555
1,32.4354722222222,78.8383055555556
1,32.4346027777778,78.8329583333333
1,32.4348611111111,78.8310833333333
1,32.437175,78.82575
1,32.4474527777778,78.8216166666667
1,32.4609027777778,78.8188472222222
1,32.4666194444444,78.8154083333333
1,32.4675305555556,78.8149027777778
1,32.4712305555556,78.8123944444444
1,32.4757944444444,78.8080472222222
1,32.4801444444444,78.8056805555556
1,32.4888,78.8036305555556
1,32.4899305555556,78.8036527777778
1,32.4915694444444,78.8023111111111
1,32.4964722222222,78.7993805555556
1,32.5004638888889,78.7970833333333
1,32.5025055555556,78.7963194444444
1,32.5178,78.7917
1,32.5279083333333,78.79
1,32.5305,78.789325
1,32.5316805555556,78.7889305555556
1,32.5344194444444,78.7876027777778
1,32.5451888888889,78.7804916666667
1,32.5568333333333,78.7753055555555
1,32.5673055555556,78.774075
1,32.5716138888889,78.7749444444444
1,32.5766194444444,78.7799166666667
1,32.5790194444444,78.7822833333333
1,32.5794638888889,78.7836166666667
1,32.5801527777778,78.7846944444444
1,32.5810305555556,78.7860333333333
1,32.5819083333333,78.7882
1,32.584175,78.7901111111111
1,32.5875638888889,78.7928527777778
1,32.5968388888889,78.7956305555555
1,32.6088833333333,78.79445
1,32.6109388888889,78.7939638888889
1,32.6169055555556,78.7910416666667
1,32.6207972222222,78.7873611111111
1,23.2284527777778,88.8589222222222
1,23.2299888888889,88.8637416666667
1,23.2305777777778,88.8684361111111
1,23.228575,88.8738388888889
1,23.2272444444444,88.8826583333333
1,23.2274722222222,88.8843805555556
1,23.2281111111111,88.8906388888889
1,23.2278333333333,88.8969777777778
1,23.2281972222222,88.9031944444445
1,23.2302777777778,88.9085833333333
1,23.2309361111111,88.9151722222222
1,23.2293611111111,88.9171305555556
1,23.2275722222222,88.9193527777778
1,23.2269111111111,88.920325
1,23.2257861111111,88.9209444444444
1,23.2214666666667,88.9210833333333
1,23.2158083333333,88.9193527777778
1,23.2149083333333,88.9178888888889
1,23.2142111111111,88.9162
1,23.2115,88.9159638888889
1,23.2096944444444,88.9193666666667
1,23.2092611111111,88.9208333333333
1,23.2099583333333,88.9225472222222
1,23.2126694444444,88.9249027777778
1,23.2133416666667,88.926
1,23.2136666666667,88.9285611111111
1,23.2135555555556,88.9303666666667
1,23.2128972222222,88.9320888888889
1,23.2092111111111,88.9365194444445
1,23.2088222222222,88.9375694444444
1,23.2061388888889,88.9413944444445
1,23.2043,88.9496111111111
1,23.2034611111111,88.9534027777778
1,23.2052666666667,88.9573111111111
1,23.2079833333333,88.9587916666667
1,23.2127805555556,88.9697638888889
1,23.2176833333333,88.9738527777778
1,23.21985,88.9757222222222
1,23.2214027777778,88.9774583333333
1,23.2229694444444,88.9812555555556
1,23.2208611111111,88.9860055555556
1,23.2182555555556,88.9917777777778
1,23.2157611111111,88.9944916666667
1,23.2146333333333,88.9949638888889
1,23.2132805555556,88.9963055555556
1,23.2103388888889,88.9957222222222
1,23.2096666666667,88.9935055555556
1,23.2092222222222,88.9912972222222
1,23.2078444444444,88.9891944444444
1,23.2056805555556,88.9883472222222
1,23.2033194444444,88.9883805555556
1,23.2017277777778,88.9898472222222
1,23.2006027777778,88.9910694444444
1,23.199025,88.9913194444444
1,23.1964416666667,88.9887361111111
1,23.1958611111111,88.9872972222222
1,23.1949416666667,88.9870472222222
1,23.1913305555556,88.9839916666667
1,23.1829416666667,88.9835416666667
1,23.1818111111111,88.9830472222222
1,23.1820361111111,88.9815833333333
1,23.1831638888889,88.9791166666667
1,23.1876833333333,88.9776666666667
1,23.1883472222222,88.9764222222222
1,23.1899583333333,88.9759027777778
1,23.1915611111111,88.9739166666667
1,23.1930916666667,88.9703055555556
1,23.1919472222222,88.9650333333333
1,23.190825,88.9632
1,23.1847083333333,88.9612777777778
1,23.1828861111111,88.9591944444444
1,23.1826527777778,88.9582277777778
1,23.17815,88.9571166666667
1,23.1767583333333,88.9556722222222
1,23.1760888888889,88.9539638888889
1,23.1756416666667,88.9496583333333
1,23.1746472222222,88.9471583333333
1,23.1731305555556,88.9450472222222
1,23.170175,88.9395333333333
1,23.1692527777778,88.9389361111111
1,23.1656416666667,88.9378611111111
1,23.1590833333333,88.9350333333333
1,23.1570333333333,88.9337
1,23.1534055555556,88.9327916666667
1,23.1463888888889,88.9322361111111
1,23.1414333333333,88.9331166666667
1,23.139175,88.93225
1,23.1396055555556,88.9303111111111
1,23.1409583333333,88.9267638888889
1,23.1405138888889,88.924325
1,23.1335694444444,88.9232
1,23.1285111111111,88.9231111111111
1,23.1271555555556,88.9225194444444
1,23.1255611111111,88.9198388888889
1,23.1246194444444,88.9129861111111
1,23.1225916666667,88.9096861111111
1,23.1164722222222,88.9066527777778
1,23.1149027777778,88.9052277777778
1,23.1128777777778,88.9035
1,23.1071694444444,88.8990972222222
1,23.104,88.8929722222222
1,23.10585,88.8889083333333
1,23.1066916666667,88.8874722222222
1,23.1057944444444,88.8858888888889
1,23.1001333333333,88.8834638888889
1,23.0992111111111,88.8822277777778
1,23.0985416666667,88.8807638888889
1,23.0987583333333,88.8758944444444
1,23.0964722222222,88.8712638888889
1,23.0926277777778,88.8710194444444
1,23.0915027777778,88.8714027777778
1,23.0905888888889,88.8724861111111
1,23.0869833333333,88.873125
1,23.085625,88.8727555555555
1,23.0833611111111,88.8698055555556
1,23.0799333333333,88.8681305555555
1,23.0788111111111,88.8678805555556
1,23.0753333333333,88.8677138888889
1,23.0700027777778,88.8681527777778
1,23.0657194444444,88.8703472222222
1,23.0616388888889,88.8747777777778
1,23.0575722222222,88.8757555555556
1,23.046725,88.8768805555556
1,23.0437944444444,88.8784777777778
1,23.0428944444444,88.8792277777778
1,23.0419833333333,88.8804444444444
1,23.040625,88.8809361111111
1,23.0302333333333,88.8801027777778
1,23.0243416666667,88.8762138888889
1,23.023425,88.8751305555556
1,23.0195833333333,88.8736527777778
1,23.0159416666667,88.8734083333333
1,23.0127805555556,88.8750333333333
1,23.0103694444444,88.8753666666667
1,23.0055583333333,88.8750555555556
1,23.0046472222222,88.8746861111111
1,23.0028416666667,88.8719861111111
1,23.00395,88.866625
1,23.0065472222222,88.8595416666667
1,23.0082111111111,88.8548944444444
1,23.0072833333333,88.8503527777778
1,23.00615,88.8485194444444
1,23.0043333333333,88.8485277777778
1,23.0032083333333,88.8485277777778
1,23.0021527777778,88.8504722222222
1,22.9988472222222,88.8595611111111
1,22.9969305555556,88.863
1,22.99535,88.8637222222222
1,22.9908416666667,88.8696027777778
1,22.9817916666667,88.8708194444445
1,22.9700472222222,88.8703611111111
1,22.9691222222222,88.8694166666667
1,22.9663861111111,88.8689361111111
1,22.9654805555556,88.8679444444444
1,22.9616305555556,88.8638055555556
1,22.9564333333333,88.8631027777778
1,22.9532777777778,88.8684722222222
1,22.9530666666667,88.8711527777778
1,22.9523805555556,88.8752972222222
1,22.9517222222222,88.8770138888889
1,22.9534333333333,88.8897083333333
1,22.9533611111111,88.893375
1,22.9517833333333,88.8970277777778
1,22.9497638888889,88.898875
1,22.9429611111111,88.8992555555556
1,22.9343611111111,88.8978194444445
1,22.9280472222222,88.8985472222222
1,22.9237444444444,88.9064027777778
1,22.9230972222222,88.9117555555556
1,22.9199333333333,88.9154361111111
1,22.9181166666667,88.9158111111111
1,22.9154083333333,88.91495
1,22.9115555555556,88.9112916666667
1,22.9092777777778,88.910325
1,22.9051972222222,88.90495
1,22.89775,88.9053472222222
1,22.8923083333333,88.9073944444444
1,22.8905222222222,88.9089166666667
1,22.8787638888889,88.910875
1,22.8778444444444,88.9116166666667
1,22.8753722222222,88.9162916666667
1,22.8731166666667,88.9231027777778
1,22.8722027777778,88.924575
1,22.8702888888889,88.9309222222222
1,22.8693055555556,88.934075
1,22.870475,88.9392
1,22.8757444444444,88.9444777777778
1,22.8787888888889,88.9474916666667
1,22.87705,88.9482222222222
1,22.8756916666667,88.9497083333333
1,22.8684611111111,88.9521527777778
1,22.8677972222222,88.9533888888889
1,22.8653388888889,88.9545138888889
1,22.8582944444444,88.9577777777778
1,22.8565027777778,88.9600055555556
1,22.853775,88.9612083333333
1,22.8515083333333,88.964625
1,22.8449861111111,88.9686861111111
1,22.8438638888889,88.9690333333333
1,22.8382361111111,88.9685194444444
1,22.8302833333333,88.9678472222222
1,22.8207861111111,88.9646944444444
1,22.8182694444444,88.9634583333333
1,22.8108,88.9619166666667
1,22.8074222222222,88.9605611111111
1,22.8021111111111,88.95995
1,22.7956527777778,88.9598888888889
1,22.7949583333333,88.9591527777778
1,22.7935833333333,88.9520888888889
1,22.7924555555556,88.9491444444444
1,22.7895166666667,88.9430472222222
1,22.7881333333333,88.9406305555556
1,22.7874611111111,88.9398111111111
1,22.7860305555556,88.9380555555556
1,22.7826916666667,88.9340472222222
1,22.7754472222222,88.9311444444445
1,22.773375,88.9285555555556
1,22.7675138888889,88.9232277777778
1,22.766825,88.9221527777778
1,22.7632138888889,88.9206666666667
1,22.7543611111111,88.9206944444445
1,22.74805,88.9226861111111
1,22.7437527777778,88.9226944444444
1,22.7389888888889,88.9209722222222
1,22.7353833333333,88.9222222222222
1,22.7329111111111,88.9246527777778
1,22.7300888888889,88.92795
1,22.7261305555556,88.9324722222222
1,22.7171083333333,88.9360138888889
1,22.7156805555556,88.9367972222222
1,22.7135972222222,88.9382222222222
1,22.7111888888889,88.9398611111111
1,22.7103111111111,88.9403111111111
1,22.7066,88.944075
1,22.7035555555556,88.9471583333333
1,22.7024027777778,88.9481305555556
1,22.7019722222222,88.9490888888889
1,22.7008222222222,88.9498388888889
1,22.6999305555556,88.9508111111111
1,22.6922861111111,88.9607083333333
1,22.6904611111111,88.960825
1,22.6873111111111,88.9593944444445
1,22.6825444444444,88.9555972222222
1,22.6816277777778,88.9544861111111
1,22.6718888888889,88.9501527777778
1,22.6614722222222,88.9486805555556
1,22.6521888888889,88.9401944444444
1,22.6490027777778,88.9344777777778
1,22.6429055555556,88.9309583333333
1,22.6392694444444,88.9302222222222
1,22.6374666666667,88.9321805555556
1,22.6358805555556,88.9331444444444
1,22.6232305555556,88.9374638888889
1,22.6207416666667,88.9378388888889
1,22.6182694444444,88.9402694444444
1,22.6164166666667,88.9448944444444
1,22.6169083333333,88.9480694444444
1,22.616225,88.9492833333333
1,22.6140361111111,88.9550472222222
1,22.60755,88.9573333333333
1,22.6007027777778,88.9536722222222
1,22.5936472222222,88.9465333333333
1,22.5894055555556,88.9428666666667
1,22.5829722222222,88.94245
1,22.5771416666667,88.9437638888889
1,22.5687083333333,88.948325
1,22.5608638888889,88.9476944444445
1,22.5566472222222,88.9496527777778
1,22.5492388888889,88.9613611111111
1,22.5422194444444,88.9682972222222
1,22.5265472222222,88.9733055555556
1,22.5115416666667,88.9782916666667
1,22.5088611111111,88.9792222222222
1,22.4950638888889,88.9797138888889
1,22.4864777777778,88.9812138888889
1,22.4794777777778,88.9848888888889
1,22.4778888888889,88.9863472222222
1,22.4774333333333,88.9878111111111
1,22.4751888888889,88.9907277777778
1,22.4736138888889,88.9923194444444
1,22.4724944444444,88.9940277777778
1,22.4636638888889,88.9941666666667
1,22.4518888888889,88.9910194444444
1,22.446,88.9907833333333
1,22.4403555555556,88.9932222222222
1,22.4394666666667,88.9939638888889
1,22.4383388888889,88.9942138888889
1,22.4331305555556,88.9973888888889
1,22.4322305555556,88.9977361111111
1,22.4283916666667,88.9985833333333
1,22.4245305555556,88.9983611111111
1,22.4215861111111,88.9954305555555
1,22.419325,88.9913333333333
1,22.416425,88.9822694444444
1,22.4153472222222,88.9802222222222
1,22.4136444444444,88.9797833333333
1,22.4090138888889,88.9768527777778
1,22.4079333333333,88.9764777777778
1,22.4070777777778,88.9760333333333
1,22.4009722222222,88.9767416666667
1,22.3996111111111,88.9772416666667
1,22.3984694444444,88.9792138888889
1,22.3955333333333,88.9809027777778
1,22.3946416666667,88.9828527777778
1,22.3881111111111,88.9923333333333
1,22.3863,88.9928333333333
1,22.3783916666667,88.9925972222222
1,22.3708944444444,88.98945
1,22.365925,88.9894638888889
1,22.361175,88.99095
1,22.3387944444444,88.9914916666667
1,22.334725,88.9919638888889
1,22.3270138888889,88.988325
1,22.3227166666667,88.9877416666667
1,22.3218916666667,88.9895972222222
1,22.3198333333333,89.0034305555556
1,22.3188472222222,89.0044638888889
1,22.3173777777778,89.0052916666667
1,22.3166694444444,89.0065
1,22.3128194444444,89.0099916666667
1,22.3116916666667,89.0114444444445
1,22.3065555555556,89.0142416666667
1,22.3035444444444,89.0163472222222
1,22.30275,89.0178111111111
1,22.3016472222222,89.0193388888889
1,22.2954194444444,89.0219916666667
1,22.2949333333333,89.0170333333333
1,22.2965277777778,89.01125
1,22.2969861111111,89.0095194444444
1,22.2958444444444,89.0037
1,22.2949194444444,89.001625
1,22.2910722222222,88.9988388888889
1,22.2831638888889,88.9988611111111
1,22.28,88.9997222222222
1,22.2791,89.0005972222222
1,22.2769916666667,89.004325
1,22.2743666666667,89.0112694444444
1,22.2705166666667,89.0161666666667
1,22.2646333333333,89.0154305555556
1,22.2606333333333,89.0136305555556
1,22.2592055555556,89.0130194444444
1,22.255,89.0132222222222
1,22.2536861111111,89.0127555555556
1,22.2530277777778,89.0150611111111
1,22.2522027777778,89.0178944444445
1,22.2559916666667,89.02325
1,22.2568888888889,89.0249722222222
1,22.2599333333333,89.0302777777778
1,22.2570027777778,89.0344083333333
1,22.2543555555556,89.0356166666667
1,22.2500166666667,89.03695
1,22.2418416666667,89.0395138888889
1,22.2382583333333,89.0400833333333
1,31.7257583333333,78.7347833333333
1,31.7241277777778,78.7361666666667
1,31.711575,78.7403611111111
1,31.696125,78.7432555555556
1,31.6914666666667,78.7466027777778
1,31.689725,78.7478888888889
1,31.6857361111111,78.7490277777778
1,31.6846972222222,78.7499166666667
1,31.6817861111111,78.7545972222222
1,31.6788361111111,78.7621583333333
1,31.6784527777778,78.7645333333333
1,31.6787944444444,78.76825
1,31.6785305555556,78.7692777777778
1,31.6798944444444,78.7794444444444
1,31.6816027777778,78.7860416666667
1,31.6821388888889,78.7878055555556
1,31.6835777777778,78.7943055555556
1,31.6812916666667,78.7948666666667
1,31.6663777777778,78.7953888888889
1,31.6549638888889,78.7988388888889
1,31.6535305555556,78.8006444444444
1,31.6521555555556,78.8011166666667
1,31.6512555555556,78.801325
1,31.6484611111111,78.8038611111111
1,31.6459055555556,78.8069361111111
1,31.6448222222222,78.8076666666667
1,31.6440138888889,78.8091805555556
1,31.6428416666667,78.8099361111111
1,31.633575,78.8234916666667
1,31.6301527777778,78.8312694444444
1,31.62745,78.83445
1,31.6240472222222,78.8386305555556
1,31.6230138888889,78.8393944444444
1,31.6216416666667,78.8414444444444
1,31.6202305555556,78.8421944444444
1,31.6187222222222,78.842875
1,31.6141,78.8451944444444
1,31.6088916666667,78.845625
1,31.6008638888889,78.8420833333333
1,31.5964444444444,78.8389916666667
1,31.59425,78.8373111111111
1,31.5911666666667,78.8334305555556
1,31.5898416666667,78.8324638888889
1,31.5872805555556,78.8295055555555
1,31.5868833333333,78.82845
1,31.5857916666667,78.8274583333333
1,31.5844638888889,78.8267361111111
1,31.5826861111111,78.8254722222222
1,31.5818194444444,78.8239638888889
1,31.576875,78.8195972222222
1,31.5697833333333,78.8117277777778
1,31.5672777777778,78.8058111111111
1,31.5650166666667,78.7992
1,31.559375,78.7825416666667
1,31.5557777777778,78.7781583333333
1,31.5511305555556,78.7755972222222
1,31.5471833333333,78.7719916666667
1,31.5424583333333,78.7644027777778
1,31.54135,78.7609583333333
1,31.5378944444444,78.74445
1,31.5345833333333,78.7356027777778
1,31.5303805555556,78.7335
1,31.5240916666667,78.7314861111111
1,31.5233805555556,78.7299638888889
1,31.5175972222222,78.7230194444444
1,31.5147222222222,78.721075
1,31.5120194444444,78.7209583333333
1,31.5085722222222,78.7223666666667
1,31.5013416666667,78.7294444444444
1,31.497475,78.7303472222222
1,31.4807638888889,78.7302972222222
1,31.478475,78.7308388888889
1,31.4777083333333,78.7334222222222
1,31.4796194444444,78.7380055555556
1,31.4839111111111,78.7584444444445
1,31.4840555555556,78.7610694444444
1,31.4844638888889,78.7624305555556
1,31.4825222222222,78.7657638888889
1,31.4742916666667,78.7688333333333
1,31.4700361111111,78.7747138888889
1,31.4693222222222,78.7754722222222
1,31.4659888888889,78.7798194444444
1,31.465,78.7805972222222
1,27.4753833333333,69.9206583333333
1,27.479325,69.9234777777778
1,27.4826777777778,69.92475
1,27.5009611111111,69.9393111111111
1,27.5167833333333,69.9578888888889
1,27.5213472222222,69.9633194444445
1,27.5307583333333,69.9763333333333
1,27.5354611111111,69.9836166666667
1,27.5402277777778,69.9918194444444
1,27.5435777777778,69.9980333333333
1,27.5597888888889,70.0231722222222
1,27.5702722222222,70.0308388888889
1,27.5740805555556,70.0331583333333
1,27.5760361111111,70.0341305555555
1,27.5844666666667,70.0382083333333
1,27.6113361111111,70.0483944444444
1,27.6222027777778,70.0545611111111
1,27.6278138888889,70.0562138888889
1,27.629175,70.0565694444444
1,27.6332444444444,70.0579222222222
1,27.6353555555556,70.0590277777778
1,27.6626805555556,70.0735888888889
1,27.682925,70.0806722222222
1,27.6957666666667,70.0869222222222
1,27.7128638888889,70.0940194444444
1,27.7145166666667,70.0947694444444
1,27.7240527777778,70.0980194444444
1,27.7309722222222,70.0996944444444
1,27.7483888888889,70.1085611111111
1,27.7549194444444,70.1117361111111
1,27.7701777777778,70.1171583333333
1,27.7795027777778,70.11995
1,27.8054944444444,70.1332138888889
1,27.8174722222222,70.1447416666667
1,27.8257666666667,70.15275
1,27.8650138888889,70.1958472222222
1,27.8663611111111,70.197
1,27.8677666666667,70.1985611111111
1,27.8750861111111,70.2038666666667
1,27.8968611111111,70.2234166666667
1,27.9049472222222,70.2354166666667
1,27.9067222222222,70.2400694444444
1,27.9120611111111,70.2486861111111
1,27.9147361111111,70.2518194444444
1,27.9234583333333,70.2716583333333
1,27.9350694444444,70.292075
1,27.9424666666667,70.3021666666667
1,27.94735,70.3087916666667
1,27.9876638888889,70.3474861111111
1,27.994325,70.3538805555555
1,28.0085027777778,70.36945
1,28.0093055555556,70.3703111111111
1,28.0105027777778,70.3728388888889
1,28.0114027777778,70.3910138888889
1,28.0145444444444,70.409
1,28.0200444444444,70.4409166666667
1,28.0309111111111,70.4735055555555
1,28.0312777777778,70.4747138888889
1,28.0350527777778,70.49525
1,28.0305944444444,70.5350333333333
1,28.0297638888889,70.5384638888889
1,28.0278611111111,70.5460277777778
1,28.0210138888889,70.5617972222222
1,28.0176361111111,70.5678194444444
1,28.0081138888889,70.5909777777778
1,28.00655,70.5922833333333
1,28.0045166666667,70.5925888888889
1,28.0007361111111,70.5957222222222
1,27.9991833333333,70.5957555555556
1,27.9992194444444,70.5977972222222
1,27.9972166666667,70.6001666666667
1,27.9933777777778,70.6012361111111
1,27.9924111111111,70.6022638888889
1,27.9825305555556,70.6132083333333
1,27.9756111111111,70.6176805555556
1,27.955175,70.6414583333333
1,27.9333611111111,70.6668805555556
1,27.9277305555556,70.6704916666667
1,27.9224194444444,70.6755416666667
1,27.8895138888889,70.6795555555556
1,27.8712361111111,70.6788944444445
1,27.8688277777778,70.6788472222222
1,27.84055,70.6823666666667
1,27.8266194444444,70.6859722222222
1,27.8094527777778,70.6980277777778
1,27.798275,70.7075472222222
1,27.7893277777778,70.713075
1,27.7872694444444,70.7149777777778
1,27.7861,70.7162694444444
1,27.7811111111111,70.7199583333333
1,27.7499861111111,70.7360833333333
1,27.7479027777778,70.7374916666667
1,27.7472666666667,70.7390277777778
1,27.7454027777778,70.7404083333333
1,27.7415222222222,70.7431166666667
1,27.7420083333333,70.7448888888889
1,27.7274055555556,70.7609638888889
1,27.7264722222222,70.7611861111111
1,27.7246555555556,70.7640055555556
1,27.7233694444444,70.7663805555556
1,27.7187861111111,70.7855472222222
1,27.7168388888889,70.7980888888889
1,27.7128944444444,70.8157694444444
1,27.7118555555556,70.8382083333333
1,27.7106472222222,70.8547777777778
1,27.7090861111111,70.8664583333333
1,27.7085694444444,70.8682694444444
1,27.7066944444444,70.8810611111111
1,27.7084722222222,70.8949222222222
1,27.7088388888889,70.903825
1,27.7268694444444,70.9470611111111
1,27.7276111111111,70.948875
1,27.7306944444444,70.9587138888889
1,27.7345,70.966875
1,27.7420944444444,70.9815972222222
1,27.76495,71.0314222222222
1,27.7715138888889,71.0534222222222
1,27.7758777777778,71.0680138888889
1,27.7842638888889,71.0845972222222
1,27.8055583333333,71.1377138888889
1,27.8191083333333,71.171575
1,27.8214944444444,71.1817
1,27.8313222222222,71.2066583333333
1,27.835675,71.2281805555556
1,27.8398083333333,71.2407833333333
1,27.8438333333333,71.2533527777778
1,27.84865,71.2711583333333
1,27.8582444444444,71.3241027777778
1,27.8611472222222,71.3402694444444
1,27.8682,71.3795333333333
1,27.8719388888889,71.4082777777778
1,27.87135,71.4111805555556
1,27.8700972222222,71.4173388888889
1,27.8720361111111,71.4465194444444
1,27.8713472222222,71.4984583333333
1,27.8710111111111,71.5224305555556
1,27.8709333333333,71.5296111111111
1,27.8717916666667,71.5478944444445
1,27.8757083333333,71.5855138888889
1,27.8734888888889,71.6034444444444
1,27.8736583333333,71.6197916666667
1,27.8739027777778,71.6434861111111
1,27.8740388888889,71.6573805555556
1,27.8777388888889,71.6630416666667
1,27.8822722222222,71.6801444444445
1,27.8875305555556,71.69725
1,27.8964611111111,71.7192083333333
1,27.9054194444444,71.7428055555555
1,27.9120416666667,71.7590333333333
1,27.9146555555556,71.7650333333333
1,27.9349944444444,71.8258888888889
1,27.9457916666667,71.8582
1,27.9593777777778,71.8929027777778
1,27.9611,71.8961027777778
1,27.9616861111111,71.8971805555556
1,27.9732472222222,71.9013805555556
1,27.9876861111111,71.9034916666667
1,28.0017166666667,71.9054166666667
1,28.0181972222222,71.9086666666667
1,28.0304305555556,71.9119638888889
1,28.0389611111111,71.9125694444445
1,28.0426194444444,71.9132083333333
1,28.052375,71.9124305555556
1,28.0694722222222,71.9177277777778
1,28.0798555555556,71.9203666666667
1,28.0957111111111,71.9222638888889
1,28.1097638888889,71.9255416666667
1,28.1189333333333,71.9281944444444
1,28.1262611111111,71.9308611111111
1,28.1311638888889,71.9335694444444
1,28.1440305555556,71.9430277777778
1,28.1569305555556,71.9538888888889
1,28.1694888888889,71.9665055555556
1,28.182425,71.9753666666667
1,28.2128777777778,71.9986527777778
1,28.2220138888889,72.0105055555556
1,28.2344361111111,72.0256388888889
1,28.2472861111111,72.0440555555556
1,28.2518222222222,72.0495972222222
1,28.2647805555556,72.0671527777778
1,28.2698138888889,72.0736861111111
1,34.3280277777778,73.4366166666667
1,34.3282111111111,73.4355333333333
1,34.3284166666667,73.43445
1,34.3304444444444,73.4324444444444
1,34.330825,73.4308055555556
1,34.3381416666667,73.4226861111111
1,34.3399111111111,73.4220611111111
1,34.3421694444444,73.4222694444445
1,34.3478944444444,73.4247972222222
1,34.3499194444444,73.4247277777778
1,34.3519361111111,73.4235833333333
1,34.3521194444444,73.4216722222222
1,34.3506472222222,73.4170888888889
1,34.3530694444444,73.4121166666667
1,34.3531694444444,73.4069444444444
1,34.3558055555556,73.4035611111111
1,34.3568472222222,73.3999916666667
1,34.35795,73.398875
1,34.3646416666667,73.3968472222222
1,34.36785,73.395825
1,34.3731388888889,73.389375
1,34.3756277777778,73.3898472222222
1,34.37655,73.3904222222222
1,34.3795166666667,73.3924305555556
1,34.3807166666667,73.3948472222222
1,34.3812583333333,73.3989222222222
1,34.383125,73.4021305555556
1,34.3831416666667,73.4032277777778
1,34.3845861111111,73.4072555555556
1,34.3893805555556,73.40925
1,34.3984583333333,73.4103388888889
1,34.4162388888889,73.4187138888889
1,34.4193916666667,73.4188888888889
1,34.43005,73.42125
1,34.4362222222222,73.4231111111111
1,34.4407638888889,73.4239027777778
1,34.4512361111111,73.4222083333333
1,34.4583916666667,73.4219083333333
1,34.4619333333333,73.4210277777778
1,34.4691611111111,73.4207777777778
1,34.4755638888889,73.4238388888889
1,34.4758138888889,73.4252138888889
1,34.4895222222222,73.4329222222222
1,34.5029222222222,73.4360277777778
1,34.5068277777778,73.4350194444444
1,34.5101138888889,73.4338805555556
1,34.5174722222222,73.4290138888889
1,34.5198694444444,73.4284638888889
1,34.5244777777778,73.4293388888889
1,34.5308777777778,73.4334722222222
1,34.5308972222222,73.4345833333333
1,34.5368916666667,73.4398111111111
1,34.5638194444444,73.4413888888889
1,34.5727083333333,73.4462833333333
1,34.5729666666667,73.4478805555556
1,34.5748388888889,73.4494861111111
1,34.5758555555556,73.4531305555556
1,34.5762833333333,73.4546166666667
1,34.5768277777778,73.4589777777778
1,34.5762111111111,73.4612972222222
1,34.5724916666667,73.4678194444444
1,34.5726305555556,73.4743527777778
1,34.5732527777778,73.4764777777778
1,34.5739111111111,73.4817138888889
1,34.5753694444444,73.4854916666667
1,34.5760583333333,73.4865555555556
1,34.5766027777778,73.4896666666667
1,34.5774805555556,73.4911388888889
1,34.5789583333333,73.4957138888889
1,34.5790277777778,73.4992638888889
1,34.5783527777778,73.5001111111111
1,34.5777388888889,73.5023055555556
1,34.5751472222222,73.5078388888889
1,34.5744861111111,73.50925
1,34.5735027777778,73.5160694444444
1,34.5731805555556,73.5215416666667
1,34.5743638888889,73.5253527777778
1,34.5743888888889,73.5267083333333
1,34.575325,73.5277361111111
1,34.5756583333333,73.5326527777778
1,34.5761444444445,73.5340333333333
1,34.579125,73.5360888888889
1,34.5796,73.5379916666667
1,34.5802583333333,73.5397916666667
1,34.5842305555556,73.5432694444444
1,34.5860861111111,73.5454027777778
1,34.5865472222222,73.5464916666667
1,34.5916388888889,73.5520694444444
1,34.5919194444444,73.5558888888889
1,34.5912777777778,73.5569861111111
1,34.5906333333333,73.5580972222222
1,34.59025,73.5616583333333
1,34.5881111111111,73.5669027777778
1,34.5878638888889,73.5695472222222
1,34.5872027777778,73.5765
1,34.5867277777778,73.5778666666667
1,34.5864361111111,73.5849444444444
1,34.5866833333333,73.5868527777778
1,34.588375,73.5914305555555
1,34.5884666666667,73.5960833333333
1,34.5880361111111,73.59745
1,34.5876555555556,73.6010138888889
1,34.5850583333333,73.6065472222222
1,34.5852222222222,73.6144722222222
1,34.5845833333333,73.6169361111111
1,34.5819444444444,73.6191861111111
1,34.5730583333333,73.6271305555555
1,34.5712944444444,73.6293472222222
1,34.5655638888889,73.6367416666667
1,34.5646694444444,73.6380055555556
1,34.5647861111111,73.6426388888889
1,34.5660138888889,73.6475055555556
1,34.5667388888889,73.6493944444445
1,34.576575,73.6561805555556
1,34.587475,73.6593944444445
1,34.5917666666667,73.6587083333333
1,34.5975638888889,73.656075
1,34.6051166666667,73.6572638888889
1,34.6067138888889,73.6577638888889
1,34.6089055555556,73.6587222222222
1,34.6139111111111,73.6633666666667
1,34.6236583333333,73.6724861111111
1,34.6332,73.680125
1,34.6406027777778,73.6868527777778
1,34.6420416666667,73.6888333333333
1,34.6487111111111,73.6931722222222
1,34.6498,73.6937833333333
1,34.6525277777778,73.6947694444444
1,34.6561111111111,73.6927555555556
1,34.6575194444444,73.6888333333333
1,34.6575583333333,73.6872416666667
1,34.6585305555556,73.68175
1,34.6613805555556,73.6750888888889
1,34.6620722222222,73.6742555555555
1,34.6626611111111,73.6701666666667
1,34.6646111111111,73.6654722222222
1,34.6675,73.6629222222222
1,34.6694916666667,73.6620555555556
1,34.6831277777778,73.6659861111111
1,34.6881611111111,73.6688527777778
1,34.6884805555556,73.6742777777778
1,34.6903888888889,73.6766027777778
1,34.6940277777778,73.6798472222222
1,34.6979388888889,73.6815833333333
1,34.7080972222222,73.684875
1,34.7109722222222,73.6865611111111
1,34.7151888888889,73.6900972222222
1,34.7158222222222,73.6917916666667
1,34.7167805555556,73.693075
1,34.7190138888889,73.7000972222222
1,34.7238361111111,73.7051111111111
1,34.726725,73.7063333333333
1,34.7279444444444,73.7075694444444
1,34.7342805555556,73.7103388888889
1,34.7354472222222,73.7105055555556
1,34.7407277777778,73.7141722222222
1,34.7497944444444,73.7189166666667
1,34.7564666666667,73.7218805555556
1,34.76105,73.7250055555556
1,34.7699361111111,73.7304916666667
1,34.7710888888889,73.7320888888889
1,34.7723222222222,73.7364166666667
1,34.7778388888889,73.7418527777778
1,34.7801,73.74395
1,34.785625,73.7486111111111
1,34.7875222222222,73.7526861111111
1,34.7889333333333,73.7558944444444
1,34.7892444444444,73.7605
1,34.7915638888889,73.7637222222222
1,34.7927805555556,73.7677694444444
1,34.7937,73.7688527777778
1,34.7953527777778,73.7723333333333
1,34.7954166666667,73.7759166666667
1,34.7930555555556,73.7817083333333
1,34.7924194444444,73.7844638888889
1,34.7930083333333,73.7912555555556
1,34.7939583333333,73.7942555555556
1,34.7960638888889,73.7980194444444
1,34.796125,73.8007694444444
1,34.7957,73.8026944444444
1,34.7944583333333,73.80845
1,34.7938083333333,73.8095611111111
1,35.7301972222222,77.1738472222222
1,35.7294361111111,77.1787694444444
1,35.7298833333333,77.1845694444444
1,35.7312583333333,77.18675
1,35.7314583333333,77.1922638888889
1,35.729075,77.1971861111111
1,35.7260416666667,77.2013611111111
1,35.7249388888889,77.2057555555556
1,35.7249333333333,77.2090555555556
1,35.726075,77.211625
1,35.7271666666667,77.2156527777778
1,35.7267083333333,77.2195472222222
1,35.7255861111111,77.2206444444444
1,35.71345,77.2231111111111
1,35.71185,77.2245055555556
1,35.7109583333333,77.2267138888889
1,35.7111805555556,77.2377416666667
1,35.7084638888889,77.2542416666667
1,35.7084583333333,77.2572694444444
1,35.7079916666667,77.2641527777778
1,35.7075555555556,77.2663666666667
1,35.7084388888889,77.2693888888889
1,35.7097916666667,77.2707555555556
1,35.7163138888889,77.2726805555556
1,35.7178472222222,77.2746388888889
1,35.718875,77.276075
1,35.7167694444444,77.2787
1,35.7147305555556,77.28125
1,35.7095416666667,77.2839861111111
1,35.7090861111111,77.285075
1,35.7079583333333,77.2889444444445
1,35.70775,77.2911583333333
1,35.7065972222222,77.2971944444444
1,35.7033527777778,77.3012833333333
1,35.7005305555556,77.3057361111111
1,35.6998666666667,77.3082222222222
1,35.6984944444444,77.3093388888889
1,35.6976027777778,77.3126388888889
1,35.6984888888889,77.3150972222222
1,35.7056694444444,77.3200555555556
1,35.7150555555556,77.3235277777778
1,35.7171333333333,77.3252833333333
1,35.7180055555556,77.3368527777778
1,35.7167027777778,77.349375
1,35.7166944444444,77.3542555555555
1,35.7161888888889,77.3569638888889
1,35.7028944444444,77.3677
1,35.6975055555556,77.3687777777778
1,35.6952416666667,77.3682555555555
1,35.6936583333333,77.3693388888889
1,35.6925361111111,77.37345
1,35.6918694444444,77.3748194444444
1,35.6922972222222,77.3787083333333
1,35.6920611111111,77.3806166666667
1,35.6916055555556,77.3817277777778
1,35.6904861111111,77.3822916666667
1,35.6889083333333,77.3839361111111
1,35.6882388888889,77.3850333333333
1,35.6841944444444,77.3866722222222
1,35.6787944444444,77.3906944444444
1,35.6773277777778,77.3918111111111
1,35.6682083333333,77.3954777777778
1,35.6610055555556,77.4001388888889
1,35.6598777777778,77.4017916666667
1,35.660225,77.4117916666667
1,35.6600916666667,77.4206305555556
1,35.6593777777778,77.4216111111111
1,35.6582555555556,77.4243805555556
1,35.6577972222222,77.4254722222222
1,35.6552777777778,77.427875
1,35.6532833333333,77.4287361111111
1,35.6442972222222,77.4351027777778
1,35.6395611111111,77.4364444444445
1,35.6375305555556,77.435875
1,35.6357444444444,77.4345055555556
1,35.6308194444444,77.4323111111111
1,35.6287833333333,77.4320416666667
1,35.6206861111111,77.435325
1,35.6188638888889,77.4347916666667
1,35.6175194444444,77.4333888888889
1,35.6164083333333,77.4300888888889
1,35.6118888888889,77.4267
1,35.6090138888889,77.4256666666667
1,35.6076666666667,77.4270555555556
1,35.6058,77.4304361111111
1,35.6017666666667,77.4358527777778
1,35.6006472222222,77.4375
1,35.5995083333333,77.44245
1,35.5990777777778,77.4435694444444
1,35.5983833333333,77.4449305555556
1,35.5970166666667,77.4462972222222
1,35.5942833333333,77.4521944444444
1,35.5932277777778,77.4535055555556
1,35.5920777777778,77.4553805555556
1,35.5785305555556,77.4630694444444
1,35.5717861111111,77.4641305555556
1,35.5680888888889,77.4628333333333
1,35.5665166666667,77.4619083333333
1,35.5616972222222,77.4591944444444
1,35.5542722222222,77.4583388888889
1,24.4111416666667,70.5471861111111
1,24.4141805555556,70.55345
1,24.4172222222222,70.5597138888889
1,24.4187722222222,70.5659916666667
1,24.4201611111111,70.5721027777778
1,24.4188694444444,70.575
1,24.4164388888889,70.5797083333333
1,24.4135305555556,70.5865888888889
1,24.4096388888889,70.5934777777778
1,24.4077055555556,70.5981805555555
1,24.4067166666667,70.5985555555555
1,24.4022388888889,70.5973472222222
1,24.3977527777778,70.5950611111111
1,24.3922833333333,70.5927833333333
1,24.3868027777778,70.5905138888889
1,24.3843083333333,70.5892833333333
1,24.3783222222222,70.5859361111111
1,24.3738361111111,70.5831111111111
1,24.36835,70.5802972222222
1,24.3648583333333,70.5785416666667
1,24.3633611111111,70.5773055555556
1,24.3593527777778,70.5728527777778
1,24.3583472222222,70.5716027777778
1,24.3547194444444,70.5632416666667
1,24.3527861111111,70.5608388888889
1,24.35085,70.5584361111111
1,24.3470361111111,70.5591805555556
1,24.3336972222222,70.5631583333333
1,24.3260833333333,70.5660277777778
1,24.3213305555556,70.5678194444444
1,24.3165944444444,70.5716944444444
1,24.3108666666667,70.57245
1,24.3061,70.5732083333333
1,24.3023083333333,70.5760277777778
1,24.29275,70.5757972222222
1,24.2841861111111,70.5786722222222
1,24.2765527777778,70.5805
1,24.2708222222222,70.5802222222222
1,24.2660055555556,70.5768194444444
1,24.2631333333333,70.5754638888889
1,24.2602527777778,70.5741166666667
1,24.2535416666667,70.5728111111111
1,24.2506972222222,70.574575
1,24.2469361111111,70.5805138888889
1,24.2441888888889,70.5916388888889
1,24.2432722222222,70.5954583333333
1,24.2407361111111,70.6012361111111
1,24.2374027777778,70.609375
1,24.2230638888889,70.6432222222222
1,24.2187888888889,70.6680972222222
1,24.2187472222222,70.6872972222222
1,24.2153555555556,70.7097083333333
1,24.215,70.7205611111111
1,24.2170944444444,70.7261944444444
1,24.2187444444444,70.7330472222222
1,24.2181166666667,70.7399777777778
1,24.2177916666667,70.747625
1,24.2178861111111,70.7577361111111
1,24.2187583333333,70.7660972222222
1,24.2196833333333,70.7814027777778
1,24.2221972222222,70.79495
1,24.22475,70.8128333333333
1,24.2273166666667,70.8324444444444
1,24.2305444444444,70.8381944444444
1,24.235375,70.8439166666667
1,24.2369861111111,70.8453472222222
1,24.2393888888889,70.8467694444444
1,24.2408444444444,70.84875
1,24.2430027777778,70.8534083333333
1,24.2440611111111,70.8585694444444
1,24.2431944444444,70.8621527777778
1,24.2427666666667,70.8659361111111
1,24.2448833333333,70.8775194444444
1,24.2458027777778,70.8779861111111
1,24.24605,70.8797277777778
1,24.2552083333333,70.895625
1,24.2579833333333,70.9031944444445
1,24.259925,70.9051166666667
1,24.2617722222222,70.9057694444445
1,24.2635638888889,70.8983666666667
1,36.0807694444444,76.7198472222222
1,32.6062361111111,78.5331944444444
1,32.6053194444444,78.5323944444444
1,32.6044055555556,78.5305055555556
1,32.6027833333333,78.5286666666667
1,32.6018416666667,78.5276722222222
1,32.5915916666667,78.5175138888889
1,32.5879777777778,78.5134444444444
1,32.5875333333333,78.5118333333333
1,32.5867166666667,78.5105472222222
1,32.5850694444444,78.5083194444445
1,32.5846277777778,78.5067083333333
1,32.5835305555556,78.5048194444445
1,32.5819527777778,78.5002222222222
1,32.5810638888889,78.4991527777778
1,32.5801694444445,78.4980833333333
1,32.5793777777778,78.4945055555555
1,32.5791166666667,78.4865194444445
1,32.5793638888889,78.4849166666667
1,32.5810055555556,78.4817222222222
1,32.58185,78.47775
1,32.5819805555556,78.4709916666667
1,32.5784861111111,78.458375
1,32.576425,78.4556861111111
1,32.5764388888889,78.4545972222222
1,32.5739666666667,78.4521722222222
1,32.5724111111111,78.4478527777778
1,32.5710583333333,78.4462277777778
1,32.570175,78.4448944444444
1,32.5683916666667,78.4423888888889
1,32.5600444444444,78.4351527777778
1,32.5493972222222,78.4299305555556
1,32.5466583333333,78.429
1,32.5389611111111,78.4277083333333
1,32.5316805555556,78.4279027777778
1,32.5312305555556,78.4265416666667
1,32.5297861111111,78.4256805555556
1,32.5295222222222,78.4236388888889
1,32.5278361111111,78.4150138888889
1,32.5272444444444,78.4039777777778
1,32.5244444444444,78.3985138888889
1,32.5208416666667,78.3927555555556
1,32.5242361111111,78.4019444444445
1,32.5233194444444,78.4104638888889
1,32.5218555555556,78.414
1,32.5211555555556,78.4151388888889
1,32.5184611111111,78.416325
1,32.5129361111111,78.4174777777778
1,32.5098805555556,78.421325
1,32.507475,78.425
1,32.50575,78.4310416666667
1,32.5067777777778,78.4417361111111
1,32.5050166666667,78.4477777777778
1,32.5024777777778,78.4516722222222
1,32.5017944444444,78.4524361111111
1,32.5000833333333,78.4544722222222
1,32.4979222222222,78.4560611111111
1,32.4952638888889,78.4567083333333
1,32.4940222222222,78.4595833333333
1,32.4926277777778,78.4610888888889
1,32.487125,78.4636805555556
1,32.4848472222222,78.4647694444444
1,32.483925,78.4647277777778
1,32.4818972222222,78.4643805555556
1,32.4767833333333,78.4617833333333
1,32.4723916666667,78.4576111111111
1,32.46575,78.4533333333333
1,32.46075,78.4517777777778
1,32.45725,78.4514166666667
1,32.4540444444444,78.4525888888889
1,32.4526805555556,78.4530694444445
1,32.4517277777778,78.4541027777778
1,32.4493805555555,78.4574722222222
1,32.4489777777778,78.4591305555556
1,32.4481833333333,78.4619638888889
1,32.4452027777778,78.4707083333333
1,32.4426444444444,78.4779583333333
1,32.4398055555556,78.4820888888889
1,32.4377416666667,78.4827833333333
1,32.4374722222222,78.484125
1,32.4319666666667,78.4868111111111
1,32.4315,78.4878472222222
1,32.4275472222222,78.48895
1,32.4257666666667,78.4908055555556
1,32.4248416666667,78.4910333333333
1,32.4236666666667,78.4925833333333
1,32.4220888888889,78.4925138888889
1,32.4213527777778,78.4938333333333
1,32.4204583333333,78.4940611111111
1,32.4196166666667,78.4996027777778
1,32.4198666666667,78.5032638888889
1,32.4208138888889,78.5185472222222
1,32.4182916666667,78.5274583333333
1,32.4165222222222,78.5303888888889
1,32.4130833333333,78.5347
1,32.4077166666667,78.5331527777778
1,32.3975,78.5208888888889
1,32.3964027777778,78.5197694444444
1,32.3950777777778,78.5179861111111
1,32.3898083333333,78.5135138888889
1,32.3853388888889,78.5117361111111
1,32.3718611111111,78.509825
1,32.3678416666667,78.5075472222222
1,32.3622416666667,78.5008611111111
1,32.3614027777778,78.4998611111111
1,32.3604222222222,78.4987416666667
1,32.3525333333333,78.4837777777778
1,32.3477027777778,78.4803888888889
1,32.3467694444444,78.4798388888889
1,32.3441055555556,78.4786527777778
1,32.3374916666667,78.4770555555556
1,32.3317555555556,78.4764444444445
1,32.3151555555556,78.480375
1,32.3068055555556,78.4810277777778
1,32.2863666666667,78.4826444444444
1,32.2784916666667,78.4818055555556
1,32.2722444444444,78.47995
1,32.2705916666667,78.4783527777778
1,32.2651722222222,78.4747638888889
1,32.2636111111111,78.4740472222222
1,32.2623111111111,78.4721027777778
1,32.2585333333333,78.469575
1,32.2581111111111,78.4685055555556
1,32.2563555555556,78.4664361111111
1,32.2526972222222,78.4639444444445
1,32.2515777777778,78.4627638888889
1,32.2502138888889,78.4610277777778
1,32.2462916666667,78.4572555555556
1,32.2427277777778,78.4549777777778
1,32.2409222222222,78.4547777777778
1,32.2402527777778,78.4622972222222
1,32.2401333333333,78.4634777777778
1,32.2398777777778,78.4746388888889
1,32.2396194444444,78.4757083333333
1,32.2403888888889,78.4797
1,32.2375444444444,78.4984305555556
1,32.2401305555556,78.517125
1,32.2422416666667,78.5214777777778
1,32.2438333333333,78.5295
1,32.2445277777778,78.5358388888889
1,32.2448472222222,78.5393527777778
1,32.2442027777778,78.5513055555556
1,32.2443638888889,78.5550333333333
1,32.2431194444444,78.5586805555556
1,32.2316805555556,78.5778388888889
1,32.2256666666667,78.5895194444444
1,32.2129916666667,78.6084861111111
1,32.2120638888889,78.6089861111111
1,32.2114527777778,78.6098805555555
1,32.2100777777778,78.6107361111111
1,32.2057916666667,78.6106944444444
1,32.1982527777778,78.6066722222222
1,32.1919305555556,78.6060333333333
1,32.1827694444444,78.6097138888889
1,32.1767083333333,78.6092138888889
1,32.1742444444444,78.6077638888889
1,32.1682305555556,78.605
1,32.1657777777778,78.6042416666667
1,32.1632222222222,78.6007972222222
1,32.1627583333333,78.5995888888889
1,32.1598,78.5934861111111
1,32.155825,78.5900333333333
1,32.1528944444444,78.5897694444444
1,32.1519916666667,78.5901305555555
1,32.1508138888889,78.5916722222222
1,32.1487361111111,78.5951444444444
1,32.1416166666667,78.6037416666667
1,32.1402527777778,78.6042222222222
1,32.1366055555556,78.6053805555556
1,32.1354222222222,78.6066583333333
1,32.1342555555556,78.6079222222222
1,32.1299083333333,78.609625
1,32.1261166666667,78.6098944444444
1,32.1176305555556,78.6117416666667
1,32.11625,78.6127277777778
1,32.115125,78.6146805555556
1,32.1116972222222,78.6215888888889
1,32.1120027777778,78.6255416666667
1,32.1100083333333,78.631325
1,32.1104222222222,78.6325
1,32.1091444444444,78.6440055555556
1,32.1063083333333,78.655
1,32.1013111111111,78.6632694444445
1,32.0994666666667,78.6643805555556
1,25.7105888888889,70.5920888888889
1,25.6980305555556,70.5649638888889
1,25.6938694444444,70.5560138888889
1,25.6843361111111,70.5262972222222
1,25.6838138888889,70.5228388888889
1,25.6837861111111,70.4802361111111
1,25.6822805555556,70.4602138888889
1,25.681425,70.4495972222222
1,25.6776833333333,70.4150416666667
1,25.6744583333333,70.3984222222222
1,25.6720277777778,70.3892638888889
1,25.6723916666667,70.3840138888889
1,25.6728611111111,70.381875
1,25.6768055555556,70.36475
1,25.6800944444444,70.3551861111111
1,25.7077305555556,70.2745888888889
1,25.7101,70.2689361111111
1,25.7122611111111,70.2652694444444
1,25.7176027777778,70.2616527777778
1,25.7512805555556,70.2501722222222
1,25.7757472222222,70.2335277777778
1,25.7774611111111,70.2318944444444
1,25.7970972222222,70.2131944444444
1,25.8145555555556,70.1926166666667
1,25.8289555555556,70.1673111111111
1,25.8537722222222,70.1547555555556
1,25.8584472222222,70.1508944444444
1,25.8683555555556,70.1441444444444
1,25.8727666666667,70.1417833333334
1,25.8743916666667,70.1404777777778
1,25.8758416666667,70.1394777777778
1,25.8833833333333,70.132325
1,25.9001277777778,70.1229444444444
1,25.9135416666667,70.1129777777778
1,25.9339305555556,70.0977972222222
1,25.9460944444444,70.0957555555556
1,25.9915555555556,70.0903611111111
1,26.0071972222222,70.0892916666667
1,26.0185888888889,70.0885333333333
1,26.0601138888889,70.0843388888889
1,26.086325,70.0849444444444
1,26.0964833333333,70.0914777777778
1,26.0990694444444,70.0936722222222
1,26.1007722222222,70.0951583333333
1,26.1125888888889,70.10445
1,26.114625,70.1061722222222
1,26.1155916666667,70.1067916666667
1,26.1176194444444,70.1080333333333
1,26.1185,70.108575
1,26.1271694444444,70.1166944444444
1,26.1386972222222,70.1242694444444
1,26.150975,70.1338333333333
1,26.1518194444444,70.134575
1,26.1523305555556,70.1358611111111
1,26.1688333333333,70.1459861111111
1,26.2047666666667,70.1614722222222
1,26.2082416666667,70.1629638888889
1,26.2093222222222,70.1634444444445
1,26.2127944444444,70.1649361111111
1,26.2296055555556,70.1706388888889
1,26.240475,70.1725416666667
1,26.2551555555556,70.1726944444444
1,26.2623472222222,70.1705138888889
1,26.2756111111111,70.1672916666667
1,26.2807861111111,70.1667833333333
1,26.2856944444444,70.1643055555556
1,26.2924861111111,70.1642638888889
1,26.2993583333333,70.1642277777778
1,26.3284666666667,70.1730194444444
1,26.3375166666667,70.1748111111111
1,26.3532777777778,70.1794722222222
1,26.3598888888889,70.1820611111111
1,26.3739138888889,70.1827222222222
1,26.3844722222222,70.18175
1,26.3907972222222,70.1802972222222
1,26.422525,70.17645
1,26.4243527777778,70.1762277777778
1,26.4388222222222,70.1770194444444
1,26.4761111111111,70.1810611111111
1,26.4827305555556,70.1818472222222
1,26.4946861111111,70.1806583333333
1,26.5045555555556,70.1772833333333
1,26.5365583333333,70.1748944444444
1,26.5495694444444,70.171825
1,26.5588888888889,70.1625416666667
1,26.5652305555556,70.1526944444444
1,26.5662083333333,70.1510833333333
1,26.5714888888889,70.1376388888889
1,26.5813361111111,70.1232638888889
1,26.5853055555556,70.1174444444444
1,26.5868666666667,70.1163888888889
1,26.5885333333333,70.1102694444444
1,26.5911611111111,70.1054861111111
1,26.5934666666667,70.0971305555556
1,26.5986444444444,70.0628611111111
1,26.5994416666667,70.0483944444444
1,26.5994361111111,70.0469916666667
1,26.5975111111111,70.0402777777778
1,26.5933138888889,70.0170611111111
1,26.5906027777778,70.0016722222222
1,26.5863888888889,69.9725138888889
1,26.5812944444444,69.9114861111111
1,26.5797833333333,69.8934083333333
1,26.5796388888889,69.8828527777778
1,26.5795638888889,69.8813944444444
1,26.5790333333333,69.8778888888889
1,26.5807388888889,69.873325
1,26.5843416666667,69.8577916666667
1,26.585475,69.8496722222222
1,26.5859055555556,69.8464444444444
1,26.5870555555556,69.837125
1,26.5961055555556,69.8029638888889
1,26.597475,69.7992972222222
1,26.5985583333333,69.7975888888889
1,26.6125111111111,69.7746111111111
1,26.6209916666667,69.7643194444444
1,26.6447861111111,69.7355138888889
1,26.6456944444444,69.7352277777778
1,26.6530444444444,69.7209027777778
1,26.6604694444444,69.7094305555556
1,26.6643833333333,69.6973194444444
1,26.6729888888889,69.6761527777778
1,26.6753,69.6688111111111
1,26.6908111111111,69.6369166666667
1,26.6918277777778,69.6326166666667
1,26.7033444444444,69.6021166666667
1,26.7060916666667,69.5960055555555
1,26.708975,69.5900194444444
1,26.7188833333333,69.5693611111111
1,26.7265305555556,69.5515
1,26.7320222222222,69.5363111111111
1,26.7404277777778,69.5132138888889
1,26.7415777777778,69.5123611111111
1,26.7442361111111,69.5094444444444
1,26.74925,69.5054083333333
1,26.7514888888889,69.5040833333333
1,26.7662388888889,69.4989861111111
1,26.7882166666667,69.4885972222222
1,26.7978944444444,69.4849444444444
1,26.8064722222222,69.4828888888889
1,26.8170916666667,69.4843527777778
1,26.8300083333333,69.4863333333333
1,26.8704527777778,69.4974166666667
1,26.8929611111111,69.5000694444444
1,26.9522944444444,69.5070972222222
1,26.968675,69.5087138888889
1,27.0080305555556,69.5126944444444
1,27.0129027777778,69.51395
1,27.041125,69.5268611111111
1,27.0634722222222,69.5370611111111
1,27.1017916666667,69.5502916666667
1,27.1039388888889,69.5515277777778
1,27.121625,69.5615472222222
1,27.1325055555556,69.5656527777778
1,27.1554472222222,69.5765416666667
1,27.1564222222222,69.577075
1,27.1717638888889,69.5826583333333
1,27.1814111111111,69.5882138888889
1,27.1935694444444,69.6016166666667
1,27.1957305555556,69.6066027777778
1,27.196725,69.6096027777778
1,27.2043888888889,69.6182222222222
1,27.2170611111111,69.6343611111111
1,27.2217166666667,69.6410194444444
1,27.2319166666667,69.6523388888889
1,27.2526694444444,69.6704305555556
1,27.2611,69.6798333333333
1,27.2644055555556,69.6838611111111
1,27.2837,69.703625
1,27.2900027777778,69.7120416666667
1,27.3231277777778,69.7624777777778
1,27.3450916666667,69.7851861111111
1,27.3486916666667,69.7889083333333
1,27.3499277777778,69.7908055555556
1,27.3611,69.8090555555556
1,27.3807361111111,69.8333888888889
1,27.3923277777778,69.8516583333333
1,27.4076555555556,69.8701944444444
1,27.4283333333333,69.8881944444445
1,27.4368944444444,69.8956944444444
1,27.4589055555556,69.9117638888889
1,33.5400861111111,73.621075
1,33.5424944444444,73.6175055555556
1,33.5433916666667,73.6172083333333
1,33.5445083333333,73.6169027777778
1,33.550875,73.61725
1,33.5684083333333,73.6201111111111
1,33.5726833333333,73.6195416666667
1,33.5760611111111,73.6180833333333
1,33.5780444444445,73.6161305555556
1,33.5784777777778,73.6150138888889
1,33.578925,73.6139305555555
1,33.581375,73.6122361111111
1,33.5827138888889,73.6116444444444
1,33.5831416666667,73.6100055555556
1,33.5833527777778,73.6089305555555
1,33.5857861111111,73.6064305555555
1,33.5859944444444,73.6053333333333
1,33.5867694444444,73.6035416666667
1,33.59175,73.59945
1,33.6033972222222,73.6039638888889
1,33.6061027777778,73.6022833333333
1,33.6064916666667,73.6000972222222
1,33.6032277777778,73.5947638888889
1,33.6028777777778,73.588825
1,33.6039638888889,73.5863527777778
1,33.6104194444444,73.58145
1,33.6132694444444,73.5779777777778
1,33.6146555555556,73.5768333333333
1,33.6148361111111,73.5757555555556
1,33.6168055555556,73.5719027777778
1,33.6167583333333,73.5697361111111
1,33.6159027777778,73.5683805555555
1,33.6150861111111,73.5657138888889
1,33.6152416666667,73.5630138888889
1,33.6159166666667,73.5621666666667
1,33.6199444444444,73.5599027777778
1,33.6244888888889,73.5614305555555
1,33.6334361111111,73.5656861111111
1,33.63505,73.5667277777778
1,33.6395833333333,73.5676666666667
1,33.6468333333333,73.5668805555556
1,33.6627972222222,73.5604083333333
1,33.6723138888889,73.5612138888889
1,33.6743694444444,73.5616944444444
1,33.6775972222222,73.5637361111111
1,33.6806305555556,73.5693611111111
1,33.6856111111111,73.5731388888889
1,33.6874166666667,73.5756388888889
1,33.6906277777778,73.5817638888889
1,33.6973666666667,73.5896666666667
1,33.6985138888889,73.5904166666667
1,33.7147222222222,73.5961583333333
1,33.7215194444444,73.59675
1,33.7267305555556,73.5960277777778
1,33.7352583333333,73.5925194444444
1,33.7467666666667,73.5913611111111
1,33.752625,73.5898194444444
1,33.7568555555556,73.5864444444445
1,33.7587583333333,73.5779916666667
1,33.7596416666667,73.5771583333333
1,33.7609722222222,73.57575
1,33.7618638888889,73.5732916666667
1,33.7629083333333,73.5718805555556
1,33.7646861111111,73.5696805555555
1,33.7675083333333,73.5649638888889
1,33.7692944444444,73.5632833333333
1,33.775325,73.5590472222222
1,33.7820722222222,73.5569083333333
1,33.7903222222222,73.5577
1,33.8007222222222,73.5598388888889
1,33.8221388888889,73.5662222222222
1,33.8262638888889,73.5690555555556
1,33.8284333333333,73.5694305555556
1,33.8311444444444,73.569075
1,33.8347916666667,73.5697777777778
1,33.8367277777778,73.5709361111111
1,33.8381805555556,73.5712972222222
1,33.8395333333333,73.5709861111111
1,33.8442972222222,73.5713805555555
1,33.8468111111111,73.5726444444444
1,33.8476277777778,73.5731444444444
1,33.8499916666667,73.5772916666667
1,33.8561138888889,73.5786861111111
1,33.8606944444444,73.5810055555555
1,33.8630416666667,73.5842083333333
1,33.8678222222222,73.5840833333333
1,33.87595,73.5845972222222
1,33.8828194444444,73.5884361111111
1,33.8979194444444,73.5847
1,33.9092916666667,73.5775611111111
1,33.9108138888889,73.5731861111111
1,33.9148777777778,73.5684583333333
1,33.9155444444444,73.5672222222222
1,33.9172027777778,73.565075
1,33.9181,73.5639444444444
1,33.9216138888889,73.5592833333333
1,33.9226583333333,73.55625
1,33.9299805555556,73.5481388888889
1,33.9416333333333,73.5420888888889
1,33.9505416666667,73.5355694444444
1,33.9547444444444,73.5342222222222
1,33.9725444444444,73.5267083333333
1,33.9743333333333,73.526375
1,33.9839583333333,73.5206583333333
1,33.9990027777778,73.5150194444444
1,34.0050833333333,73.5134777777778
1,34.0117555555556,73.5136444444445
1,34.0164055555556,73.5141805555556
1,34.0218222222222,73.5134861111111
1,34.0249805555556,73.5128333333333
1,34.0348388888889,73.5081527777778
1,34.0404666666667,73.506875
1,34.049975,73.5076666666667
1,34.0587805555556,73.5068333333333
1,34.0628138888889,73.504825
1,34.0637361111111,73.505075
1,34.0675833333333,73.5044305555556
1,34.0693694444444,73.5040888888889
1,34.0745305555556,73.5025194444444
1,34.0781305555556,73.4985416666667
1,34.0791805555556,73.4972361111111
1,34.0803194444444,73.4966527777778
1,34.0828972222222,73.4960138888889
1,34.0858138888889,73.4955833333333
1,34.0913555555556,73.4949083333333
1,34.0976944444444,73.4952555555556
1,34.1061194444444,73.4971944444444
1,34.1146527777778,73.4941583333333
1,34.1188694444444,73.4913111111111
1,34.1237305555556,73.4919027777778
1,34.1325055555556,73.4938527777778
1,34.1381333333333,73.492625
1,34.13925,73.4920277777778
1,34.1398833333333,73.4906305555556
1,34.1432388888889,73.4875416666667
1,34.1543083333333,73.4905194444444
1,34.1645444444444,73.4898333333333
1,34.1746527777778,73.4873527777778
1,34.1775972222222,73.4875277777778
1,34.1845972222222,73.4870277777778
1,34.1868638888889,73.4866805555556
1,34.1918694444444,73.487875
1,34.1936583333333,73.4875416666667
1,34.2038472222222,73.4877555555556
1,34.2122722222222,73.4909916666667
1,34.2186305555556,73.4916111111111
1,34.221325,73.4909777777778
1,34.225075,73.4880611111111
1,34.2257111111111,73.4864722222222
1,34.2266055555556,73.4851722222222
1,34.2272583333333,73.4835194444444
1,34.2332444444444,73.4764361111111
1,34.2440138888889,73.4731027777778
1,34.2502388888889,73.4685694444444
1,34.2610888888889,73.4688944444444
1,34.2629222222222,73.46895
1,34.2750972222222,73.4753527777778
1,34.2791305555556,73.4769861111111
1,34.2818638888889,73.4778666666667
1,34.2870638888889,73.4773388888889
1,34.2891027777778,73.4771111111111
1,34.2937805555556,73.4744638888889
1,34.2944222222222,73.473375
1,34.2952972222222,73.4711805555556
1,34.2952638888889,73.4695555555556
1,34.2945027777778,73.4663111111111
1,34.2922222222222,73.4647555555556
1,34.2867527777778,73.4626444444445
1,34.2805972222222,73.4602138888889
1,34.2788666666667,73.4566527777778
1,34.2767722222222,73.4523527777778
1,34.2797388888889,73.4523944444444
1,34.2865555555556,73.4529444444445
1,34.2879083333333,73.4532083333333
1,34.2947805555556,73.4524305555556
1,34.2958138888889,73.4521166666667
1,34.3034305555556,73.4484166666667
1,34.305625,73.446625
1,34.3055916666667,73.4455138888889
1,34.3078111111111,73.4429861111111
1,34.3166,73.4413666666667
1,34.3259861111111,73.4377638888889
1,36.0794305555556,76.72095
1,36.0792111111111,76.7226111111111
1,36.07695,76.7245333333333
1,36.0761388888889,76.7279777777778
1,36.0754805555556,76.7291944444444
1,36.0754777777778,76.7306027777778
1,36.0729583333333,76.7372638888889
1,36.0686833333333,76.7436527777778
1,36.0664805555556,76.7495555555556
1,36.0657138888889,76.7527638888889
1,36.0638666666667,76.7567833333333
1,36.0635333333333,76.7588527777778
1,36.06085,76.7655
1,36.0587805555556,76.7705333333333
1,36.0572555555556,76.7730416666667
1,36.0550583333333,76.7782277777778
1,36.0541666666667,76.7790833333333
1,36.0530472222222,76.7804583333333
1,36.0525916666667,76.7826861111111
1,36.0510277777778,76.7840611111111
1,36.0505694444444,76.7870972222222
1,36.0498916666667,76.7885
1,36.0481194444444,76.7962277777778
1,36.0474638888889,76.7992555555555
1,36.0463277777778,76.8003805555556
1,36.0445305555556,76.8009305555556
1,36.0430361111111,76.7997222222222
1,36.0418555555555,76.7990055555556
1,36.0402777777778,76.7976388888889
1,36.0368972222222,76.7973666666667
1,36.0312916666667,76.7996027777778
1,36.0189388888889,76.8071305555555
1,36.0171333333333,76.8062916666667
1,36.0155833333333,76.8046388888889
1,36.0153527777778,76.8035194444444
1,36.014175,76.7817222222222
1,36.0122555555556,76.7770555555555
1,36.0116166666667,76.7755416666667
1,36.0101444444444,76.7718111111111
1,36.0079055555556,76.7687972222222
1,36.007225,76.7676722222222
1,36.0064888888889,76.7667555555555
1,36.0032,76.7641666666667
1,35.98855,76.752875
1,35.9869805555556,76.7520611111111
1,35.98495,76.7515138888889
1,35.9817972222222,76.7531527777778
1,35.9694361111111,76.7405277777778
1,35.9655916666667,76.7341861111111
1,35.9649222222222,76.7325416666667
1,35.9613361111111,76.7286861111111
1,35.9604222222222,76.7267833333333
1,35.9543638888889,76.7220972222222
1,35.9519027777778,76.7212972222222
1,35.9471805555556,76.7254444444444
1,35.9451611111111,76.72795
1,35.9418055555556,76.7323944444444
1,35.9413527777778,76.7334916666667
1,35.9332833333333,76.7390277777778
1,35.9326472222222,76.7403472222222
1,35.9275444444444,76.7452138888889
1,35.9195888888889,76.7512555555556
1,35.9168972222222,76.754575
1,35.9166805555556,76.7562277777778
1,35.9081527777778,76.76425
1,35.9028916666667,76.7702138888889
1,35.9015472222222,76.7718805555556
1,35.8971472222222,76.7775555555556
1,35.8884166666667,76.7842083333333
1,35.8745888888889,76.7886444444444
1,35.8686583333333,76.7898194444444
1,35.8612416666667,76.7925972222222
1,35.8542833333333,76.7973333333333
1,35.8520305555556,76.8000888888889
1,35.8520333333333,76.8012083333333
1,35.8488833333333,76.8023111111111
1,35.8479944444444,76.8045055555556
1,35.8462166666667,76.8061666666667
1,35.8432777777778,76.8103194444444
1,35.84285,76.8119777777778
1,35.8424111111111,76.8136305555556
1,35.8418,76.8145555555556
1,35.8408916666667,76.8156805555555
1,35.839825,76.8188194444444
1,35.8384361111111,76.8217694444444
1,35.8382083333333,76.8231388888889
1,35.8365611111111,76.8252416666667
1,35.8354472222222,76.828
1,35.8352277777778,76.829375
1,35.8338805555556,76.8352
1,35.8332222222222,76.836575
1,35.8325638888889,76.8415138888889
1,35.8324305555556,76.8426583333333
1,35.831975,76.84375
1,35.8312305555556,76.8519916666667
1,35.8296333333333,76.8564166666667
1,35.8264916666667,76.8605833333333
1,35.825375,76.8622361111111
1,35.8249472222222,76.8638888888889
1,35.8207,76.8682416666666
1,35.8137222222222,76.8743944444444
1,35.8126277777778,76.8757277777778
1,35.80585,76.8832555555556
1,35.8011305555556,76.889875
1,35.79955,76.8915333333333
1,35.7982083333333,76.8934722222222
1,35.795975,76.8989916666667
1,35.7940361111111,76.9013055555556
1,35.7899083333333,76.9081111111111
1,35.7882277777778,76.9163805555556
1,35.7876583333333,76.9176111111111
1,35.7858888888889,76.9273888888889
1,35.7845638888889,76.9298527777778
1,35.7825277777778,76.9337555555556
1,35.7822111111111,76.9417083333333
1,35.7823194444444,76.9555055555556
1,35.7825444444444,76.9574444444444
1,35.7816333333333,76.9605
1,35.7816305555556,76.9662638888889
1,35.7805194444444,76.9706666666667
1,35.7798555555555,76.9720611111111
1,35.7798611111111,76.9762
1,35.7778055555556,76.9819777777778
1,35.7773527777778,76.9877777777778
1,35.7751138888889,76.9941027777778
1,35.77475,76.9994861111111
1,35.7740166666667,77.0021111111111
1,35.7731138888889,77.0191944444444
1,35.7744583333333,77.0233333333333
1,35.7748916666667,77.0318472222222
1,35.775575,77.0335
1,35.7766972222222,77.0368194444444
1,35.7766944444444,77.0379444444444
1,35.7771472222222,77.04125
1,35.7778194444444,77.0423333333333
1,35.7785,77.0456388888889
1,35.7793916666667,77.0472916666667
1,35.7802805555556,77.04975
1,35.7805083333333,77.0511527777778
1,35.7812,77.0519638888889
1,35.7821138888889,77.0530472222222
1,35.7826527777778,77.0564916666667
1,35.7836611111111,77.0594027777778
1,35.7848,77.0605972222222
1,35.7862666666667,77.0623611111111
1,35.7868083333333,77.0643805555556
1,35.7886111111111,77.0657138888889
1,35.7888388888889,77.0673944444444
1,35.7906527777778,77.0687638888889
1,35.7917416666667,77.0726027777778
1,35.7929305555556,77.0739083333333
1,35.79535,77.0772972222222
1,35.7955777777778,77.0783944444444
1,35.7962638888889,77.0800416666667
1,35.7956194444444,77.0843805555556
1,35.7944583333333,77.0918805555556
1,35.7944583333333,77.0985
1,35.7971472222222,77.1043194444444
1,35.7969388888889,77.1118666666667
1,35.79625,77.1141944444444
1,35.7953361111111,77.1153194444444
1,35.7951055555556,77.1166944444444
1,35.7948833333333,77.1180611111111
1,35.7852416666667,77.1211027777778
1,35.7811722222222,77.1255277777778
1,35.7807166666667,77.1266305555556
1,35.7802805555556,77.1346305555556
1,35.7699333333333,77.1401583333333
1,35.7681527777778,77.1420694444444
1,35.7670055555555,77.1442833333333
1,35.7659111111111,77.1491527777778
1,35.7647666666667,77.1522833333333
1,35.7647666666667,77.1539444444445
1,35.7665444444444,77.1569583333333
1,35.7665444444444,77.1588888888889
1,35.7652111111111,77.1627555555556
1,35.7627222222222,77.1638527777778
1,35.7586805555556,77.1641388888889
1,35.7571055555556,77.1644083333333
1,35.7428972222222,77.1616861111111
1,35.7389916666667,77.1616666666667
1,35.73305,77.1658111111111
1,35.7319361111111,77.1677416666667
1,32.0928777777778,78.6650333333333
1,32.0875138888889,78.6664361111111
1,32.0824111111111,78.6677638888889
1,32.0779805555556,78.6720694444444
1,32.0754638888889,78.67275
1,32.0736166666667,78.6751111111111
1,32.0724194444444,78.6761388888889
1,32.0634083333333,78.6897277777778
1,32.0579722222222,78.6961111111111
1,32.05635,78.6973666666667
1,32.0550027777778,78.697875
1,32.0526805555555,78.7001388888889
1,32.0517388888889,78.7014166666667
1,32.0474666666667,78.7029222222222
1,32.0466722222222,78.7041388888889
1,32.0450722222222,78.7047
1,32.0398333333333,78.7053944444445
1,32.0372444444444,78.7087277777778
1,32.0358805555556,78.7092138888889
1,32.0353916666667,78.7107777777778
1,32.034,78.7112222222222
1,32.0333,78.7122638888889
1,32.0277805555556,78.7204777777778
1,32.0233333333333,78.7272083333333
1,32.0193111111111,78.7321722222222
1,32.0144666666667,78.7378527777778
1,32.011575,78.7407361111111
1,32.0103194444444,78.7411944444444
1,32.0072555555556,78.7421305555555
1,32.0060694444444,78.7441861111111
1,32.0051416666667,78.7444166666667
1,32.00355,78.7454222222222
1,32.0023666666667,78.7464166666667
1,31.9981111111111,78.7523111111111
1,31.9984861111111,78.7547222222222
1,31.9976666666667,78.7657972222222
1,31.99705,78.768375
1,31.9952444444444,78.7758055555556
1,31.9939055555556,78.7836305555556
1,31.9933944444444,78.7851944444444
1,31.9938194444444,78.7862833333333
1,31.9904194444444,78.78625
1,31.9889444444444,78.785825
1,31.9853194444444,78.7844027777778
1,31.9577666666667,78.7762277777778
1,31.9486416666667,78.7726527777778
1,31.9335361111111,78.7677138888889
1,31.9286111111111,78.765375
1,31.9189916666667,78.7604861111111
1,31.913925,78.7553472222222
1,31.9113388888889,78.752575
1,31.9100055555556,78.7510416666667
1,31.9090833333333,78.7499777777778
1,31.9069722222222,78.7478111111111
1,31.9035833333333,78.7474027777778
1,31.9028416666667,78.7463194444444
1,31.9021,78.7452083333333
1,31.9005361111111,78.7444916666667
1,31.8982361111111,78.7460888888889
1,31.8968666666667,78.7464305555555
1,31.8921138888889,78.7466305555556
1,31.88395,78.7433944444444
1,31.8825777777778,78.7422138888889
1,31.8789305555556,78.7397694444444
1,31.8778916666667,78.7393472222222
1,31.8754305555556,78.7387555555556
1,31.8690833333333,78.7390138888889
1,31.840875,78.738325
1,31.8318777777778,78.7368388888889
1,31.8292138888889,78.7354305555556
1,31.8281416666667,78.7332555555556
1,31.8207166666667,78.7186861111111
1,31.8196527777778,78.7169222222222
1,31.8183527777778,78.7158333333333
1,31.811075,78.7095333333333
1,31.8081972222222,78.7078333333333
1,31.8065166666667,78.7072777777778
1,31.8005972222222,78.7056444444444
1,31.7872166666667,78.7061527777778
1,31.7803916666667,78.7080277777778
1,31.7775972222222,78.7090972222222
1,31.772625,78.7110555555556
1,31.7683944444444,78.7156166666667
1,31.7674638888889,78.716625
1,31.76425,78.7180888888889
1,31.7607277777778,78.7303388888889
1,31.7588916666667,78.7365972222222
1,31.7576722222222,78.7394361111111
1,31.7538611111111,78.7387916666667
1,31.7475555555556,78.7316444444444
1,31.7441388888889,78.7298944444444
1,31.7430555555556,78.7289083333333
1,31.738675,78.7264861111111
1,31.7350638888889,78.7260611111111
1,31.7345916666667,78.7271111111111
1,31.7327777777778,78.7273111111111
1,31.7318277777778,78.7288194444444
1,31.7304472222222,78.7290277777778
1,31.7282861111111,78.7331722222222
1,28.9156555555556,72.6738888888889
1,28.9177083333333,72.6777833333333
1,28.920175,72.6826944444445
1,28.926125,72.6936111111111
1,28.9297527777778,72.7006861111111
1,28.9380972222222,72.7165
1,28.9404472222222,72.7205694444445
1,28.9432444444444,72.7256805555556
1,28.9450944444444,72.7294361111111
1,28.94745,72.7334861111111
1,28.9515888888889,72.7439083333333
1,28.9533,72.7483944444444
1,28.9557166666667,72.7541666666667
1,28.9611083333333,72.7690138888889
1,28.9643444444444,72.7776027777778
1,28.9678888888889,72.78695
1,28.971125,72.7958055555555
1,28.9722666666667,72.7986111111111
1,28.9758361111111,72.8079361111111
1,28.9869722222222,72.8381805555556
1,28.99085,72.8480055555556
1,28.9922555555556,72.8516722222222
1,28.9938,72.855575
1,28.9979416666667,72.8658055555555
1,28.9989888888889,72.8688527777778
1,29.0016055555556,72.8761805555555
1,29.0066194444444,72.8894166666667
1,29.011825,72.9034583333333
1,29.0169111111111,72.9171111111111
1,29.022575,72.9325
1,29.0254194444444,72.9398944444444
1,29.0278083333333,72.9462833333333
1,29.0293083333333,72.9471388888889
1,29.0308777777778,72.9479222222222
1,29.0358055555556,72.9503472222222
1,29.0470138888889,72.955125
1,29.0551944444444,72.9589916666667
1,29.06355,72.96295
1,29.0710694444444,72.9666166666667
1,29.0833916666667,72.9721583333333
1,29.0917805555556,72.9760555555556
1,29.0983222222222,72.9792361111111
1,29.1016833333333,72.9807222222222
1,29.109475,72.9841444444444
1,29.1167361111111,72.9877694444444
1,29.1204527777778,72.9895277777778
1,29.1253888888889,72.991875
1,29.1329444444444,72.995325
1,29.1385361111111,72.997825
1,29.1430277777778,73.0001444444444
1,29.1486277777778,73.0026166666667
1,29.1521888888889,73.0043388888889
1,29.157475,73.0093055555556
1,29.1679194444444,73.0195694444444
1,29.1743416666667,73.025875
1,29.183325,73.0345611111111
1,29.1895555555556,73.0402638888889
1,29.2005777777778,73.0510333333333
1,29.2154472222222,73.0653666666667
1,29.2168194444444,73.0665611111111
1,29.2348472222222,73.0833527777778
1,29.2395416666667,73.0864916666667
1,29.2549472222222,73.0958333333333
1,29.2617916666667,73.0999361111111
1,29.2674388888889,73.1031444444444
1,29.2739861111111,73.1071305555555
1,29.2850472222222,73.1136166666667
1,29.2886166666667,73.1157
1,29.2912361111111,73.1173666666667
1,29.2967666666667,73.1206388888889
1,29.3058083333333,73.1261111111111
1,29.3235972222222,73.1364583333334
1,29.3373361111111,73.1444916666667
1,29.3514944444444,73.1528805555556
1,29.3608944444444,73.1582916666667
1,29.3689777777778,73.1632
1,29.3799222222222,73.1697138888889
1,29.3853944444444,73.1728666666667
1,29.3888472222222,73.1750694444445
1,29.3907305555556,73.1762972222222
1,29.394825,73.1793527777778
1,29.3994361111111,73.1815194444444
1,34.7944361111111,73.8196805555555
1,34.7951277777778,73.8212972222222
1,34.7960583333333,73.8218194444444
1,34.79655,73.8234444444444
1,34.7970361111111,73.8250611111111
1,34.8009444444444,73.8290277777778
1,34.801875,73.8309166666667
1,34.8021277777778,73.8320277777778
1,34.8142805555556,73.8422972222222
1,34.8161833333333,73.8482416666667
1,34.8160333333333,73.8501944444444
1,34.81535,73.8529222222222
1,34.8149444444444,73.8543055555555
1,34.8140333333333,73.8548805555556
1,34.8122972222222,73.8574027777778
1,34.811425,73.8587916666667
1,34.8105333333333,73.8601805555556
1,34.8099583333333,73.8659444444444
1,34.8155,73.8717833333333
1,34.8168944444445,73.8739361111111
1,34.8172111111111,73.8790972222222
1,34.8163527777778,73.8821388888889
1,34.8157111111111,73.8832694444444
1,34.8157638888889,73.8862694444445
1,34.8174194444444,73.8903333333333
1,34.8185638888889,73.8913805555556
1,34.8190583333333,73.894375
1,34.8202277777778,73.8959638888889
1,34.8203,73.8997777777778
1,34.8200916666667,73.9008888888889
1,34.8148,73.9073527777778
1,34.8128694444444,73.9120416666667
1,34.8129583333333,73.9166805555556
1,34.8157555555556,73.9217916666667
1,34.8160055555556,73.922875
1,34.8192083333333,73.9263527777778
1,34.8237583333333,73.9281444444444
1,34.8319805555556,73.9341805555556
1,34.8334194444444,73.9374166666667
1,34.8335861111111,73.948
1,34.8339194444444,73.9535416666667
1,34.8346111111111,73.9551666666667
1,34.8392361111111,73.9599166666667
1,34.8395,73.9618527777778
1,34.8401833333333,73.9629166666667
1,34.8431527777778,73.96475
1,34.8622,73.9713111111111
1,34.8638111111111,73.9729027777778
1,34.8643111111111,73.9750833333333
1,34.8644916666667,73.9826166666667
1,34.8642388888889,73.9841166666667
1,34.8659361111111,73.9895138888889
1,34.8655416666667,73.9928111111111
1,34.8671944444444,73.99795
1,34.8678916666667,73.9987694444444
1,34.8699583333333,74.0014305555555
1,34.8714722222222,74.0090611111111
1,34.8727166666667,74.0118805555556
1,34.8742861111111,74.0155333333333
1,34.8745416666667,74.0168888888889
1,34.8744111111111,74.0226444444444
1,34.8739861111111,74.0242972222222
1,34.875425,74.0280888888889
1,34.8761027777778,74.0288805555555
1,34.8817722222222,74.0306583333333
1,34.8913638888889,74.0372361111111
1,34.8913805555555,74.0385888888889
1,34.893,74.0407416666667
1,34.8948083333333,74.0404083333333
1,34.9017305555556,74.0366666666667
1,34.9134888888889,74.0382277777778
1,34.920325,74.0424222222222
1,34.9203472222222,74.0437777777778
1,34.9224194444444,74.0470055555556
1,34.9224805555556,74.0502833333333
1,34.9236861111111,74.0538333333333
1,34.927375,74.0575416666667
1,34.9281194444444,74.0632694444444
1,34.9285972222222,74.0643666666667
1,34.9331444444444,74.0691388888889
1,34.9350305555555,74.0710277777778
1,34.9384527777778,74.0725472222222
1,34.939575,74.0727916666667
1,34.9447305555556,74.0712916666667
1,34.9529861111111,74.0661444444444
1,34.9633222222222,74.0628472222222
1,34.9678083333333,74.0621666666667
1,34.9695277777778,74.0623472222222
1,34.9729027777778,74.0628388888889
1,34.9816055555556,74.0650611111111
1,34.9879194444444,74.0635
1,34.9878916666667,74.0618888888889
1,34.9900888888889,74.058825
1,34.9926,74.0595888888889
1,34.994225,74.0609083333333
1,34.9971416666667,74.0638055555556
1,34.9974527777778,74.0690194444444
1,34.9970194444444,74.070125
1,34.9970638888889,74.0728472222222
1,34.9978111111111,74.0761305555556
1,35.0026194444444,74.0800833333333
1,35.0046611111111,74.0894083333333
1,35.4759027777778,77.6956722222222
1,35.4751527777778,77.7005194444445
1,35.475375,77.7021805555556
1,35.4749472222222,77.7075
1,35.4737972222222,77.7137916666667
1,35.474,77.7214916666667
1,35.4755638888889,77.7239861111111
1,35.4833527777778,77.7250194444445
1,35.4870361111111,77.7245888888889
1,35.4895416666667,77.7234777777778
1,35.4973888888889,77.721325
1,35.4996972222222,77.7212
1,35.5096111111111,77.7224583333333
1,35.5136138888889,77.7230055555556
1,35.5205472222222,77.7257972222222
1,35.5223527777778,77.7274638888889
1,35.5230166666667,77.7321166666667
1,35.5216555555556,77.7359722222222
1,35.5171305555556,77.7392222222222
1,35.5137527777778,77.7438944444445
1,35.5095138888889,77.7472638888889
1,35.5004361111111,77.7576722222222
1,35.4983694444444,77.7600611111111
1,35.4960972222222,77.7638805555556
1,35.4960888888889,77.7650055555556
1,35.4938222222222,77.7713333333333
1,35.4931111111111,77.7768888888889
1,35.4931166666667,77.7823111111111
1,35.4933083333333,77.7842277777778
1,35.4937638888889,77.7856027777778
1,35.4942138888889,77.7866944444444
1,35.4962277777778,77.7905555555556
1,35.4966583333333,77.79195
1,35.4977694444444,77.7936027777778
1,35.4997944444444,77.7963805555555
1,35.5042777777778,77.801875
1,35.509675,77.8068388888889
1,35.5114361111111,77.8107
1,35.5114166666667,77.8150833333333
1,35.5111805555556,77.8175694444444
1,35.5102833333333,77.817825
1,35.5096166666667,77.8189361111111
1,35.5091444444444,77.8225055555556
1,35.5089083333333,77.8241861111111
1,35.5073194444444,77.8266305555556
1,35.5052722222222,77.8299166666667
1,35.50405,77.8318666666667
1,35.4993777777778,77.8375972222222
1,35.4984611111111,77.8384027777778
1,35.4975777777778,77.84145
1,35.4939472222222,77.8458111111111
1,35.4932777777778,77.8482694444444
1,35.4912166666667,77.8532
1,35.4894083333333,77.8544444444444
1,35.4824027777778,77.8597694444444
1,35.4814861111111,77.8606111111111
1,35.4808138888889,77.8619444444444
1,35.4796888888889,77.8630555555555
1,35.4785555555556,77.8660694444444
1,35.4789805555556,77.8677138888889
1,35.4796694444444,77.8685472222222
1,35.4805694444444,77.8718527777778
1,35.4827916666667,77.874075
1,35.4843277777778,77.8784583333333
1,35.4843194444444,77.8803888888889
1,35.4838638888889,77.8842361111111
1,35.483425,77.8856027777778
1,35.4808611111111,77.8870972222222
1,35.4762138888889,77.8883111111111
1,35.4745138888889,77.8895277777778
1,35.4716861111111,77.8929722222222
1,35.47145,77.8940611111111
1,35.4707583333333,77.8948888888889
1,35.4699083333333,77.8965972222222
1,35.4681,77.8964166666667
1,35.4665222222222,77.8998111111111
1,35.4666444444444,77.9030194444445
1,35.4677861111111,77.9044861111111
1,35.4767666666667,77.9096444444445
1,35.4805916666667,77.9119166666667
1,35.4814861111111,77.9125694444445
1,31.2785861111111,79.2618472222222
1,31.2764527777778,79.2598944444444
1,31.2689888888889,79.2512
1,31.2624194444444,79.2478805555556
1,31.255175,79.2469583333333
1,31.2472694444444,79.2479583333333
1,31.2439055555556,79.2513888888889
1,31.2401555555556,79.2573805555556
1,31.239875,79.2596805555555
1,31.240125,79.2614916666667
1,31.2397694444444,79.2655277777778
1,31.2393194444444,79.2668666666667
1,31.2398055555556,79.2692361111111
1,31.2385166666667,79.2768472222222
1,31.2371555555556,79.2785138888889
1,31.2358083333333,79.2792361111111
1,31.23245,79.2808666666667
1,31.2306416666667,79.2814083333333
1,31.229825,79.2826722222222
1,31.2250277777778,79.2851583333333
1,31.2248083333333,79.2862
1,31.2239444444444,79.2868472222222
1,31.2158083333333,79.2912083333333
1,31.2106861111111,79.2927972222222
1,31.1930777777778,79.3002694444444
1,31.1888055555556,79.3024166666667
1,31.1827027777778,79.3021166666667
1,31.1815722222222,79.3017416666667
1,31.1788416666667,79.2988888888889
1,31.1747583333333,79.2969777777778
1,31.1740694444444,79.2960555555556
1,31.1724805555556,79.2960694444444
1,31.1686555555556,79.2966527777778
1,31.1675138888889,79.2971027777778
1,31.162825,79.2996166666667
1,31.1619222222222,79.3006944444444
1,31.1574194444444,79.3033611111111
1,31.1556333333333,79.3057555555556
1,31.1522527777778,79.3076444444444
1,31.1502555555556,79.3100138888889
1,31.147125,79.3117083333333
1,31.1423888888889,79.3135194444444
1,31.1352361111111,79.3215
1,31.1331972222222,79.3225694444444
1,31.1323222222222,79.32545
1,31.1322861111111,79.3266305555556
1,31.132075,79.3282083333333
1,31.1319222222222,79.3317777777778
1,31.1321583333333,79.3328111111111
1,31.1306,79.3352
1,31.1290194444444,79.3357222222222
1,31.1283388888889,79.3370416666667
1,31.1229388888889,79.3389777777778
1,31.1225194444444,79.3400138888889
1,31.1218611111111,79.3444777777778
1,31.1223916666667,79.3518194444444
1,31.1219527777778,79.3547
1,31.1217305555556,79.3557361111111
1,31.1206277777778,79.3586583333333
1,31.1195222222222,79.3602416666667
1,31.1168944444444,79.3642694444444
1,31.1148777777778,79.3677638888889
1,31.1144111111111,79.3694722222222
1,31.1133055555556,79.3744916666667
1,31.1137722222222,79.3757833333333
1,31.1135194444444,79.3838333333333
1,31.1138972222222,79.3909583333333
1,31.1134583333333,79.3930694444444
1,31.1114527777778,79.3957361111111
1,31.1054194444444,79.3979444444445
1,31.1031055555556,79.3989777777778
1,31.10245,79.4002638888889
1,31.1006444444444,79.40095
1,31.09185,79.4035333333333
1,31.0755222222222,79.4050611111111
1,31.0742694444444,79.4054916666667
1,31.0728916666667,79.4061583333333
1,31.0727111111111,79.4085055555556
1,31.0731833333333,79.41425
1,31.0729666666667,79.4155555555556
1,31.0700722222222,79.4200611111111
1,31.066475,79.4211444444445
1,31.0660222222222,79.4222138888889
1,31.0644194444444,79.4222638888889
1,31.04955,79.4226527777778
1,31.0454194444444,79.4235277777778
1,31.0403666666667,79.425125
1,31.0305972222222,79.4268194444444
1,31.0288805555556,79.4354861111111
1,31.0307583333333,79.4469861111111
1,31.0325472222222,79.4710611111111
1,31.0334027777778,79.4748611111111
1,31.0344055555556,79.4796666666667
1,31.0333055555556,79.4857638888889
1,31.0311027777778,79.4935888888889
1,31.0341027777778,79.5011305555556
1,31.0339194444444,79.5074444444444
1,31.0343972222222,79.5108388888889
1,31.0321805555556,79.5150416666667
1,31.0306055555556,79.5166527777778
1,31.0206694444444,79.5165055555556
1,31.0188638888889,79.5177972222222
1,31.01795,79.5183472222222
1,31.0161444444444,79.5191527777778
1,31.014375,79.5215194444445
1,31.0138333333333,79.5227222222222
1,31.0126027777778,79.5247277777778
1,31.0102388888889,79.528375
1,31.0092416666667,79.5300555555556
1,31.0074472222222,79.5315472222222
1,31.0065277777778,79.5323472222222
1,31.0036055555556,79.5340833333333
1,31.0029444444444,79.535125
1,31.0011444444444,79.5362138888889
1,30.9975416666667,79.5363805555556
1,30.9882416666667,79.5332083333333
1,30.98645,79.5330972222222
1,30.9855638888889,79.5367833333333
1,30.9847944444444,79.5450555555556
1,30.9851972222222,79.5498388888889
1,30.9843055555556,79.5514166666667
1,30.9800361111111,79.5512222222222
1,30.9782138888889,79.5489083333333
1,30.9763833333333,79.54695
1,30.9708888888889,79.545
1,30.9689083333333,79.5446444444444
1,30.9670916666667,79.5447972222222
1,30.9657527777778,79.5466666666667
1,30.9644111111111,79.5479861111111
1,30.9628361111111,79.5495694444444
1,30.9601583333333,79.5543055555555
1,30.9595027777778,79.5550833333333
1,30.9583555555556,79.5553611111111
1,30.9574333333333,79.5575833333333
1,30.9555916666667,79.5610555555556
1,30.9540722222222,79.563825
1,30.9534222222222,79.5649027777778
1,30.95185,79.5672638888889
1,30.9496944444444,79.5732416666667
1,30.9473638888889,79.5893944444444
1,30.9466138888889,79.5905416666667
1,30.9428055555556,79.59425
1,30.9419111111111,79.5950555555556
1,30.9412527777778,79.5961027777778
1,30.9385305555556,79.5971666666667
1,30.9369611111111,79.5984777777778
1,30.9360722222222,79.6008805555555
1,30.9358611111111,79.6032277777778
1,30.9372361111111,79.6060833333333
1,30.9392833333333,79.6075055555555
1,30.9408694444444,79.6079916666667
1,30.9435416666667,79.6126111111111
1,30.9456611111111,79.6172638888889
1,30.9474888888889,79.6195888888889
1,30.9484055555556,79.6198472222222
1,30.9495361111111,79.6204722222222
1,30.9497694444444,79.6215055555556
1,30.9547805555556,79.6294305555556
1,30.9583194444444,79.6379361111111
1,30.9593472222222,79.6440416666667
1,30.9605916666667,79.6563333333333
1,30.9635694444444,79.6631388888889
1,30.9647,79.6637638888889
1,30.9735333333333,79.6641861111111
1,30.97735,79.6653472222222
1,30.9787444444444,79.6677
1,30.9799194444444,79.6763055555556
1,30.9772388888889,79.685
1,30.9748888888889,79.7074916666667
1,30.9747944444444,79.7106527777778
1,30.976375,79.7185333333333
1,30.9786333333333,79.727875
1,30.9838777777778,79.738575
1,30.9850277777778,79.7398888888889
1,30.9866111111111,79.7402555555555
1,30.9884361111111,79.7415333333333
1,30.9902305555556,79.7430888888889
1,30.9949777777778,79.7463194444444
1,30.996575,79.7484083333333
1,30.9990888888889,79.7518944444444
1,30.0586416666667,73.76795
1,30.0621805555556,73.7826111111111
1,30.0638361111111,73.79
1,30.0656416666667,73.7981722222222
1,30.0674027777778,73.8056722222222
1,30.0754888888889,73.8125277777778
1,30.0808416666667,73.8168472222222
1,30.0846611111111,73.8195972222222
1,30.0874111111111,73.8225611111111
1,30.0904805555556,73.8265555555556
1,30.0975472222222,73.8366583333333
1,30.1069333333333,73.8498666666667
1,30.1150361111111,73.86125
1,30.12,73.8683888888889
1,30.1250638888889,73.8759166666667
1,30.1324527777778,73.8852361111111
1,30.1379166666667,73.8930055555556
1,30.1469027777778,73.9046166666667
1,30.1527083333333,73.9132277777778
1,30.1608472222222,73.9241305555556
1,30.1675972222222,73.9332277777778
1,30.1691111111111,73.9352222222222
1,30.1709083333333,73.9371166666667
1,30.1727166666667,73.9400694444444
1,30.1773805555556,73.9459722222222
1,30.1816055555556,73.9518666666667
1,30.1907416666667,73.9631027777778
1,30.1981111111111,73.9726305555556
1,30.2082416666667,73.9713805555556
1,30.2112777777778,73.9704638888889
1,30.2158555555556,73.9703388888889
1,30.2185583333333,73.9697555555556
1,30.225175,73.9682361111111
1,30.2270888888889,73.9683388888889
1,30.2346555555556,73.9677694444444
1,30.2402138888889,73.9666111111111
1,30.2445694444444,73.9653055555556
1,30.2468388888889,73.9651027777778
1,30.2486944444444,73.9649583333333
1,30.2507861111111,73.9650055555556
1,30.25155,73.9651027777778
1,30.2552638888889,73.9651027777778
1,30.2586138888889,73.9646861111111
1,30.2633527777778,73.9631527777778
1,30.2695861111111,73.9609638888889
1,30.2713083333333,73.9602972222222
1,30.2741194444444,73.9586805555556
1,30.2759472222222,73.95775
1,30.2775833333333,73.95625
1,30.2812444444444,73.9539638888889
1,30.2832111111111,73.9525555555556
1,30.2869888888889,73.9499083333333
1,30.2903777777778,73.9474083333333
1,30.2936194444444,73.9455611111111
1,30.2998527777778,73.9415888888889
1,30.3019944444444,73.9406861111111
1,30.3042944444444,73.9397555555556
1,30.3061333333333,73.9381666666667
1,30.3108777777778,73.9362361111111
1,30.3131694444444,73.9354027777778
1,30.3141861111111,73.9348888888889
1,30.3175,73.9334305555556
1,30.3204055555556,73.9315888888889
1,30.3216805555556,73.9300333333333
1,30.3233138888889,73.9279722222222
1,30.3258277777778,73.92495
1,30.3289333333333,73.921825
1,30.3316555555556,73.9188194444445
1,30.3335583333333,73.9168388888889
1,30.3358055555556,73.9149916666667
1,30.336925,73.9141527777778
1,30.3389805555556,73.9123472222222
1,30.3426833333333,73.9096583333333
1,30.3473472222222,73.9053333333333
1,30.3491027777778,73.9029027777778
1,30.3505777777778,73.9009027777778
1,30.3515777777778,73.8987138888889
1,30.3527972222222,73.8966722222222
1,29.4052666666667,73.1846722222222
1,29.41285,73.1891388888889
1,29.4185888888889,73.1925277777778
1,29.4286416666667,73.1983611111111
1,29.4436333333333,73.20725
1,29.4573472222222,73.2150416666667
1,29.4682916666667,73.2215555555556
1,29.4787305555556,73.2275055555556
1,29.4814944444444,73.2292
1,29.4846194444444,73.231075
1,29.4882166666667,73.2330972222222
1,29.4896055555556,73.2338333333333
1,29.4962222222222,73.2377972222222
1,29.5073138888889,73.2444305555556
1,29.5159666666667,73.2492777777778
1,29.5229583333333,73.2534444444444
1,29.5319722222222,73.2589166666667
1,29.543925,73.2659361111111
1,29.5493111111111,73.2690555555556
1,29.5598972222222,73.2752416666667
1,29.5662666666667,73.2792277777778
1,29.5683361111111,73.2808111111111
1,29.5702555555556,73.2821944444444
1,29.5720777777778,73.2832694444444
1,29.5755416666667,73.2839083333333
1,29.5833555555556,73.2854444444445
1,29.5960083333333,73.2896388888889
1,29.6005888888889,73.2912138888889
1,29.6058222222222,73.2926722222222
1,29.6118333333333,73.2944861111111
1,29.6191805555556,73.29675
1,29.6286972222222,73.2999305555555
1,29.6391333333333,73.3030555555556
1,29.6477222222222,73.3058055555556
1,29.6726333333333,73.3137083333333
1,29.6803416666667,73.3161027777778
1,29.687575,73.3183944444444
1,29.6888416666667,73.3188055555556
1,29.6938805555556,73.3203944444444
1,29.6965,73.3211805555556
1,29.69845,73.3218666666667
1,29.7024944444444,73.3231527777778
1,29.7289638888889,73.3317972222222
1,29.7323805555556,73.3328111111111
1,29.7341666666667,73.3332916666667
1,29.7406611111111,73.3354777777778
1,29.7468944444444,73.3372638888889
1,29.7487527777778,73.337625
1,29.7499638888889,73.3379777777778
1,29.7545583333333,73.3393611111111
1,29.7580083333333,73.3405277777778
1,29.7643833333333,73.3425194444444
1,29.7703916666667,73.3442777777778
1,29.7782444444444,73.346625
1,29.7827083333333,73.3482361111111
1,29.7869888888889,73.3493055555555
1,29.793175,73.3512361111111
1,29.8021888888889,73.3537972222222
1,29.8065888888889,73.3551305555555
1,29.8183694444444,73.3587361111111
1,29.8371055555556,73.3644444444444
1,29.8482916666667,73.3677416666667
1,29.8518277777778,73.3689916666667
1,29.8585222222222,73.3707777777778
1,29.8725611111111,73.3748527777778
1,29.8783611111111,73.3767833333333
1,29.8893083333333,73.3799722222222
1,29.8973361111111,73.3824083333333
1,29.9040583333333,73.3844027777778
1,29.9200222222222,73.3892
1,29.92395,73.3902416666667
1,29.9272527777778,73.3911388888889
1,29.9393555555556,73.3947361111111
1,29.9454388888889,73.3967555555556
1,29.9486194444444,73.405825
1,29.9537666666667,73.4193611111111
1,29.9582,73.432
1,29.9645055555556,73.4494583333333
1,29.9769083333333,73.4828888888889
1,29.9844916666667,73.5034722222222
1,29.9865138888889,73.5093333333333
1,29.9902638888889,73.5196527777778
1,29.9960333333333,73.5357416666667
1,29.9985305555556,73.5422555555556
1,30.0007916666667,73.5474027777778
1,30.008375,73.5687
1,30.013075,73.5811666666667
1,30.01605,73.5895194444444
1,30.0185194444444,73.5964777777778
1,30.0211944444444,73.6073666666667
1,30.0242861111111,73.6207222222222
1,30.0262805555556,73.6286305555555
1,30.0292555555556,73.6415416666667
1,30.0341388888889,73.6610138888889
1,30.03835,73.6788611111111
1,30.0408694444444,73.6892083333333
1,30.0431111111111,73.6993194444444
1,30.0461305555556,73.7127916666667
1,30.049175,73.725375
1,30.0543388888889,73.7479583333333
1,30.0561444444444,73.7568888888889
1,30.3555083333333,73.8911027777778
1,30.3565083333333,73.88825
1,35.1531833333333,74.0789305555555
1,35.1528416666667,74.0723611111111
1,35.1516583333333,74.0688333333333
1,35.1507305555556,74.0666861111111
1,35.1502555555556,74.0655888888889
1,35.1490638888889,74.0628666666667
1,35.1486,74.0612277777778
1,35.1482388888889,74.0538611111111
1,35.146125,74.0495194444444
1,35.1458277777778,74.0457138888889
1,35.1448972222222,74.0435416666667
1,35.1459388888889,74.0376027777778
1,35.1467388888889,74.0358805555556
1,35.1474666666667,74.0347
1,35.1489583333333,74.0308111111111
1,35.1496277777778,74.0297
1,35.1569083333333,74.0204444444445
1,35.1582388888889,74.0193194444444
1,35.1588805555555,74.0181861111111
1,35.1610638888889,74.0137277777778
1,35.1618972222222,74.01125
1,35.1645555555556,74.0076111111111
1,35.169,74.0041944444444
1,35.1733388888889,74.0031583333333
1,35.1746666666667,74.0032833333333
1,35.1795416666667,74.0017277777778
1,35.1828666666667,73.9983194444444
1,35.1831833333333,73.9906166666667
1,35.1813111111111,73.9868611111111
1,35.1807666666667,73.980825
1,35.1802833333333,73.9791944444444
1,35.1782111111111,73.9773388888889
1,35.1777527777778,73.9762638888889
1,35.1762555555556,73.9691722222222
1,35.1753527777778,73.9683666666667
1,35.1742111111111,73.9673111111111
1,35.1727694444444,73.9635055555556
1,35.1725166666667,73.9621527777778
1,35.1728944444444,73.9577361111111
1,35.1757638888889,73.954375
1,35.1849083333333,73.9486166666667
1,35.1901666666667,73.9433055555556
1,35.1952861111111,73.9375555555556
1,35.2014111111111,73.9308944444444
1,35.2030555555556,73.9291722222222
1,35.2054083333333,73.9241666666667
1,35.2095555555556,73.9178611111111
1,35.2106861111111,73.9158055555556
1,35.2107861111111,73.9089444444445
1,35.2116166666667,73.9064444444445
1,35.2110722222222,73.8993194444444
1,35.2118555555556,73.8949166666667
1,35.2117138888889,73.8867083333333
1,35.2088833333333,73.8799305555555
1,35.2093472222222,73.8691666666667
1,35.20905,73.8656111111111
1,35.2092694444444,73.8637361111111
1,35.2127527777778,73.8577777777778
1,35.2141055555556,73.85645
1,35.2191805555556,73.8524305555555
1,35.2271861111111,73.8459222222222
1,35.2280694444444,73.8453333333333
1,35.2288972222222,73.8409444444444
1,35.2300305555556,73.8390888888889
1,35.233625,73.8292833333333
1,35.2345194444444,73.8281444444444
1,35.2344944444444,73.8265055555556
1,35.2351416666667,73.8256666666667
1,35.2362166666667,73.8234361111111
1,35.2364083333333,73.8212277777778
1,35.238175,73.8181666666667
1,35.2387444444444,73.8140194444444
1,35.2396472222222,73.8134444444444
1,35.2409333333333,73.8101166666667
1,35.2436138888889,73.796875
1,35.2440083333333,73.7949444444444
1,35.2436444444444,73.7876722222222
1,35.2431277777778,73.7859583333333
1,35.2423277777778,73.7760694444444
1,35.240475,73.7750138888889
1,35.2395361111111,73.7714722222222
1,35.2298666666667,73.7599777777778
1,35.2286972222222,73.7589166666667
1,35.2279944444444,73.7567416666667
1,35.2268222222222,73.7554083333333
1,35.2258972222222,73.7546027777778
1,35.2240361111111,73.7508388888889
1,35.2233333333333,73.7500194444444
1,35.2223888888889,73.7462083333333
1,35.2202694444444,73.7432638888889
1,35.2202694444444,73.7394722222222
1,35.2199388888889,73.7364166666667
1,35.2192305555556,73.7353888888889
1,35.2178555555556,73.7340333333333
1,35.2168972222222,73.7310194444444
1,35.2157694444444,73.7302555555556
1,35.2157361111111,73.728575
1,35.2166055555556,73.7277416666667
1,35.2172388888889,73.726075
1,35.2174472222222,73.7249861111111
1,35.2201055555556,73.7224305555556
1,35.0060138888889,74.0907555555556
1,35.00845,74.0928611111111
1,35.0093777777778,74.0933388888889
1,35.0131527777778,74.1025277777778
1,35.0149944444444,74.1041111111111
1,35.017975,74.1067638888889
1,35.0213555555556,74.1066666666667
1,35.0231138888889,74.1049722222222
1,35.0239611111111,74.1022277777778
1,35.0326555555556,74.0962638888889
1,35.0345861111111,74.0912555555555
1,35.035475,74.0895888888889
1,35.0363638888889,74.0879222222222
1,35.0385361111111,74.0837416666667
1,35.0391333333333,74.0785194444444
1,35.0397833333333,74.0776944444444
1,35.0404194444444,74.0760416666667
1,35.0413,74.0743388888889
1,35.0428416666667,74.0721388888889
1,35.04305,74.0710333333333
1,35.0434861111111,74.0696666666667
1,35.0470055555556,74.0648888888889
1,35.0488361111111,74.0662
1,35.0568361111111,74.0708472222222
1,35.0581944444444,74.0710972222222
1,35.0615694444444,74.0727222222222
1,35.0652361111111,74.0764361111111
1,35.0666055555556,74.0777916666667
1,35.0775277777778,74.0826583333333
1,35.0861888888889,74.0885472222222
1,35.0890416666667,74.0906444444444
1,35.0936555555556,74.0910194444444
1,35.0950166666667,74.0917833333333
1,35.0952666666667,74.0928888888889
1,35.0959638888889,74.0936861111111
1,35.0980972222222,74.1001861111111
1,35.0985777777778,74.1020694444444
1,35.1007638888889,74.11025
1,35.1012111111111,74.111325
1,35.1021555555556,74.113
1,35.1032,74.1143111111111
1,35.1035,74.1174722222222
1,35.1035611111111,74.1211861111111
1,35.1036305555556,74.1254916666667
1,35.1040333333333,74.1285
1,35.1050222222222,74.1307694444444
1,35.106475,74.1328805555556
1,35.1083694444444,74.1332555555556
1,35.1110722222222,74.1327555555555
1,35.1139805555556,74.1303805555556
1,35.1167694444444,74.127575
1,35.1191972222222,74.1247833333333
1,35.1209055555556,74.1212916666667
1,35.12225,74.117375
1,35.1232833333333,74.1153388888889
1,35.1247777777778,74.1134361111111
1,35.1262444444444,74.1116111111111
1,35.1278083333333,74.1102083333333
1,35.1286833333333,74.1092
1,35.1306833333333,74.1083388888889
1,35.1347722222222,74.1093111111111
1,35.1387722222222,74.1116583333333
1,35.1395722222222,74.1126861111111
1,35.1417805555556,74.1138388888889
1,35.144875,74.1154722222222
1,35.1473611111111,74.1155472222222
1,35.1488694444444,74.1146388888889
1,35.150375,74.1127361111111
1,35.1508055555556,74.1101444444444
1,35.1506583333333,74.1085611111111
1,35.1496861111111,74.1068666666667
1,35.148125,74.1054777777778
1,35.1466833333333,74.1037972222222
1,35.1457222222222,74.1025
1,35.1443111111111,74.1005611111111
1,35.1444305555556,74.0942638888889
1,35.1455333333333,74.0931444444444
1,35.1468472222222,74.0908888888889
1,35.1482833333333,74.0895333333333
1,35.1489583333333,74.0887083333333
1,35.1508333333333,74.0861166666667
1,35.4937416666667,77.3595555555555
1,35.4916722222222,77.365625
1,35.4797527777778,77.3722277777778
1,35.4790833333333,77.374125
1,35.4768361111111,77.3763333333333
1,35.4761527777778,77.3777
1,35.475,77.3804583333333
1,35.4747944444444,77.3829222222222
1,35.4725083333333,77.3928055555556
1,35.4729444444444,77.4049222222222
1,35.4715777777778,77.4095472222222
1,35.4715722222222,77.4123111111111
1,35.4711416666667,77.4137083333333
1,35.4693083333333,77.4156111111111
1,35.4686416666667,77.4169777777778
1,35.4674388888889,77.4201861111111
1,35.4672138888889,77.4215833333333
1,35.4661333333333,77.4230333333333
1,35.4656944444445,77.4243944444444
1,35.4634472222222,77.4279638888889
1,35.4625333333333,77.4288055555556
1,35.4606611111111,77.4357277777778
1,35.4600138888889,77.4381583333333
1,35.4598,77.443375
1,35.46205,77.4496944444444
1,35.4627555555556,77.4505277777778
1,35.4634388888889,77.4525333333333
1,35.4643472222222,77.4533805555556
1,35.4656194444444,77.4560055555555
1,35.4658277777778,77.4570888888889
1,35.4676472222222,77.4587694444444
1,35.4687444444444,77.4620416666667
1,35.4703388888889,77.4634444444444
1,35.4716527777778,77.4683805555556
1,35.4736527777778,77.4722416666667
1,35.4748388888889,77.475875
1,35.4790611111111,77.4854222222222
1,35.4790611111111,77.4870972222222
1,35.4812861111111,77.4909305555556
1,35.4823916666667,77.4969916666667
1,35.4835055555556,77.4986111111111
1,35.4837388888889,77.5002638888889
1,35.4841861111111,77.5019444444444
1,35.4855194444444,77.5074444444444
1,35.4866138888889,77.5100055555556
1,35.4870888888889,77.5109916666667
1,35.4870777777778,77.5154027777778
1,35.4861527777778,77.5192555555555
1,35.4845833333333,77.5236388888889
1,35.4832138888889,77.52475
1,35.4823083333333,77.5280416666667
1,35.4816444444444,77.5288527777778
1,35.4806722222222,77.5330055555556
1,35.4798138888889,77.5384777777778
1,35.4804444444444,77.5489222222222
1,35.4818055555556,77.5527555555555
1,35.4820305555556,77.5541444444444
1,35.4828972222222,77.5546861111111
1,35.4847138888889,77.5590972222222
1,35.4835416666667,77.5673611111111
1,35.4819583333333,77.5706444444444
1,35.4812666666667,77.5714583333333
1,35.4792527777778,77.5736388888889
1,35.4773138888889,77.5761444444444
1,35.4736,77.5805194444444
1,35.4735888888889,77.5829722222222
1,35.4742555555556,77.5843472222222
1,35.4749194444444,77.5898472222222
1,35.4749111111111,77.592325
1,35.474225,77.5937
1,35.47355,77.5961805555555
1,35.4724166666667,77.6022361111111
1,35.4714916666667,77.6041305555556
1,35.4681055555556,77.6126444444444
1,35.4682972222222,77.6162138888889
1,35.4701111111111,77.620625
1,35.4705638888889,77.6225611111111
1,35.4721138888889,77.6239027777778
1,35.4725638888889,77.6253055555555
1,35.4727916666667,77.6264166666667
1,35.4757694444444,77.6302777777778
1,35.4767944444444,77.6319222222222
1,35.4770194444445,77.6330194444444
1,35.4781555555556,77.6341111111111
1,35.4797305555556,77.6366027777778
1,35.4803916666667,77.6374361111111
1,35.4866861111111,77.6412916666667
1,35.4875638888889,77.6445833333333
1,35.4869027777778,77.6454222222222
1,35.4864305555556,77.647875
1,35.4857444444444,77.6492416666667
1,35.4814777777778,77.6522694444444
1,35.4771611111111,77.6575611111111
1,35.4719722222222,77.6632083333333
1,35.4710833333333,77.6643194444444
1,35.4694888888889,77.6687361111111
1,35.4690194444444,77.6708888888889
1,35.4690027777778,77.67725
1,35.46945,77.678625
1,35.4752833333333,77.6824916666667
1,35.4761722222222,77.6852
1,35.4756805555556,77.694575
1,35.5481833333333,77.4597
1,35.5466111111111,77.4594222222222
1,35.5445916666667,77.4605055555556
1,35.543675,77.4619083333333
1,35.5427583333333,77.4643888888889
1,35.5416305555556,77.4663111111111
1,35.5405166666667,77.4674027777778
1,35.5400444444444,77.4697777777778
1,35.5384388888889,77.4734861111111
1,35.5373333333333,77.4769222222222
1,35.5366666666667,77.4782972222222
1,35.5350861111111,77.4811305555556
1,35.5348527777778,77.4822222222222
1,35.5321527777778,77.4846722222222
1,35.5304777777778,77.485125
1,35.5290583333333,77.4845694444444
1,35.5263055555556,77.4822138888889
1,35.5258472222222,77.4808472222222
1,35.5256444444444,77.47975
1,35.5233916666667,77.4769861111111
1,35.5222777777778,77.4739361111111
1,35.5213638888889,77.473125
1,35.5195861111111,77.4709444444444
1,35.5200722222222,77.4678388888889
1,35.5205166666667,77.46625
1,35.5225333333333,77.462125
1,35.5236611111111,77.4604722222222
1,35.52505,77.4503111111111
1,35.5234611111111,77.4450888888889
1,35.5227833333333,77.4442777777778
1,35.5174222222222,77.4398472222222
1,35.5165305555556,77.4387638888889
1,35.5158611111111,77.4338194444445
1,35.5167527777778,77.4307972222222
1,35.5171888888889,77.4296861111111
1,35.5201416666667,77.4272277777778
1,35.5201472222222,77.4261111111111
1,35.5224166666667,77.4239361111111
1,35.5226194444444,77.4225416666667
1,35.5239861111111,77.41925
1,35.5249027777778,77.4178805555556
1,35.5255694444444,77.4151444444445
1,35.5251388888889,77.4118472222222
1,35.5267027777778,77.4074305555556
1,35.5282861111111,77.4052277777778
1,35.5293805555556,77.4044444444445
1,35.5330694444444,77.4011583333333
1,35.5353555555556,77.3995138888889
1,35.5389583333333,77.3960194444444
1,35.5401027777778,77.3954861111111
1,35.5410361111111,77.394375
1,35.5442916666667,77.3904083333333
1,35.5470027777778,77.3840694444444
1,35.5476888888889,77.3824222222222
1,35.5476972222222,77.3799638888889
1,35.5488222222222,77.3769222222222
1,35.5488,77.365825
1,35.548125,77.3580055555556
1,35.5461833333333,77.3472138888889
1,35.5452944444444,77.3439222222222
1,35.54325,77.3411861111111
1,35.5418555555555,77.3364305555556
1,35.5396694444444,77.3304583333333
1,35.5360972222222,77.3252222222222
1,35.5357083333333,77.323125
1,35.5352722222222,77.3207555555556
1,35.5324388888889,77.3189638888889
1,35.5310555555556,77.3193333333333
1,35.5276583333333,77.3242777777778
1,35.5263972222222,77.3265972222222
1,35.525575,77.3274861111111
1,35.5240333333333,77.3291944444444
1,35.52305,77.3307777777778
1,35.5123666666667,77.3393194444444
1,35.5106888888889,77.3409916666667
1,35.5086055555556,77.3422555555556
1,35.4984777777778,77.34445
1,35.4956888888889,77.3455416666667
1,35.4921666666667,77.3472138888889
1,35.4910444444444,77.34995
1,35.4912583333333,77.3529722222222
1,35.4935194444444,77.3562638888889
1,35.4939527777778,77.3576305555555
1,31.4644944444444,78.7824222222222
1,31.4626888888889,78.7857138888889
1,31.4610611111111,78.7872833333333
1,31.4597583333333,78.7884222222222
1,31.4565444444444,78.7933388888889
1,31.4555166666667,78.7944222222222
1,31.4488888888889,78.8066944444444
1,31.4462916666667,78.8097138888889
1,31.4426166666667,78.8111583333333
1,31.4381055555556,78.8114916666667
1,31.4331666666667,78.8102083333333
1,31.4241527777778,78.8098194444444
1,31.4113638888889,78.8066305555556
1,31.408975,78.8038888888889
1,31.4064638888889,78.7977277777778
1,31.4053972222222,78.7959722222222
1,31.4044916666667,78.7958055555555
1,31.4001583333333,78.7906111111111
1,31.3958805555556,78.7901583333333
1,31.3947277777778,78.7905555555556
1,31.3949305555556,78.7919638888889
1,31.3938694444444,78.7961388888889
1,31.3900361111111,78.808625
1,31.3873194444444,78.8158527777778
1,31.3857805555556,78.8220972222222
1,31.3842944444444,78.8254166666667
1,31.3818805555556,78.8308388888889
1,31.3776555555556,78.8351527777778
1,31.3745277777778,78.8407833333333
1,31.3689888888889,78.8442277777778
1,31.3659222222222,78.8483194444444
1,31.3646111111111,78.848875
1,31.3628388888889,78.8498666666667
1,31.3578805555556,78.8516527777778
1,31.3478805555556,78.8543611111111
1,31.3440277777778,78.8541944444444
1,31.3384611111111,78.8518055555555
1,31.33235,78.8457694444444
1,31.3258833333333,78.8427277777778
1,31.3236277777778,78.8430333333333
1,31.3225333333333,78.8474722222222
1,31.3227111111111,78.8490611111111
1,31.3221833333333,78.8518944444444
1,31.3211194444444,78.8541111111111
1,31.3175833333333,78.8595694444444
1,31.31575,78.8623888888889
1,31.3143638888889,78.863375
1,31.3134194444444,78.8646388888889
1,31.3125055555556,78.8646027777778
1,31.3118055555556,78.8656388888889
1,31.3103888888889,78.8673944444444
1,31.309475,78.8673611111111
1,31.306375,78.8722361111111
1,31.3016694444444,78.8748111111111
1,31.2987111111111,78.8782
1,31.2977083333333,78.8786111111111
1,31.2947666666667,78.8814361111111
1,31.2847416666667,78.8840138888889
1,31.2828888888889,78.8849722222222
1,31.2662361111111,78.8922694444445
1,31.264075,78.8934777777778
1,31.2601555555556,78.8988805555556
1,31.2585277777778,78.9034861111111
1,31.2525361111111,78.9207916666667
1,31.2522,78.9228333333333
1,31.2540583333333,78.9270138888889
1,31.2556555555556,78.9285333333333
1,31.259975,78.9305888888889
1,31.2613277777778,78.9308055555556
1,31.2683527777778,78.9306861111111
1,31.2699055555556,78.9301527777778
1,31.2805222222222,78.9299638888889
1,31.2948222222222,78.9375611111111
1,31.3000444444444,78.9388111111111
1,31.3077361111111,78.9392138888889
1,31.3187666666667,78.9371444444445
1,31.3251333333333,78.9394444444444
1,31.3258083333333,78.9403388888889
1,31.3312638888889,78.9443055555556
1,31.3358694444444,78.9510555555556
1,31.3416166666667,78.9663388888889
1,31.3421833333333,78.9677694444444
1,31.3454166666667,78.9753472222222
1,31.3463944444444,78.9829305555556
1,31.3503611111111,78.9947
1,31.3552166666667,79.003825
1,31.3574166666667,79.0057416666667
1,31.3608972222222,79.0075277777778
1,31.3676722222222,79.0072777777778
1,31.3726611111111,79.0087694444444
1,31.3940222222222,79.0210472222222
1,31.3999527777778,79.0260555555556
1,31.4020138888889,79.028
1,31.4024611111111,79.0290277777778
1,31.4035972222222,79.0296805555555
1,31.4044944444444,79.0300611111111
1,31.4079583333333,79.0357777777778
1,31.4136888888889,79.0414861111111
1,31.4141333333333,79.0425194444445
1,31.4163944444444,79.0439166666667
1,31.4174166666667,79.0448194444444
1,31.4207722222222,79.0474305555556
1,31.4214222222222,79.0484638888889
1,31.4380138888889,79.0483055555555
1,31.4466166666667,79.0498527777778
1,31.4508,79.051325
1,31.4521944444444,79.0525888888889
1,31.4555888888889,79.0548888888889
1,31.4615694444444,79.059575
1,31.4638222222222,79.0622361111111
1,31.4650583333333,79.0664722222222
1,31.4654611111111,79.0677416666667
1,31.4657027777778,79.0711583333333
1,31.4620916666667,79.0746666666667
1,31.4601388888889,79.0765194444444
1,31.4594666666667,79.0778333333333
1,31.4585555555556,79.0788888888889
1,31.457225,79.0804861111111
1,31.4516833333333,79.0905694444444
1,31.4482277777778,79.1040416666667
1,31.4477972222222,79.1051111111111
1,31.4468888888889,79.1056388888889
1,31.445125,79.1085833333333
1,31.4413333333333,79.1144361111111
1,31.4349083333333,79.1369027777778
1,31.4326388888889,79.141
1,31.4321277777778,79.1432277777778
1,31.4314666666667,79.1440055555556
1,31.4281027777778,79.1472361111111
1,31.4269888888889,79.1477833333334
1,31.4234194444444,79.1507277777778
1,31.412825,79.1569777777778
1,31.4105888888889,79.1580194444444
1,31.4094777777778,79.1590611111111
1,31.4081111111111,79.16025
1,31.4067861111111,79.1612416666667
1,31.4045166666667,79.1629305555555
1,31.3967166666667,79.1725277777778
1,31.3922666666667,79.17775
1,31.3798055555556,79.1843333333333
1,31.3775055555556,79.1858666666667
1,31.3754638888889,79.1865611111111
1,31.3702666666667,79.1892361111111
1,31.3691444444444,79.1899083333333
1,31.3682583333333,79.1909722222222
1,31.3655361111111,79.1918111111111
1,31.3646555555556,79.1931305555556
1,31.3642111111111,79.1941805555556
1,31.3608277777778,79.1960694444444
1,31.3570611111111,79.2003111111111
1,31.3533194444444,79.2024305555556
1,31.35225,79.2039083333333
1,31.3512805555556,79.2053055555556
1,31.3498416666667,79.2061583333333
1,31.3490222222222,79.2073472222222
1,31.3482777777778,79.2084444444445
1,31.3469333333333,79.209
1,31.3452666666667,79.2123888888889
1,31.3396111111111,79.2215972222222
1,31.3382972222222,79.2247694444444
1,31.3378666666667,79.2263472222222
1,31.3359722222222,79.2292555555556
1,31.3305888888889,79.2358472222222
1,31.3281277777778,79.2368472222222
1,31.3248694444444,79.2369083333333
1,31.3225305555556,79.2351666666667
1,31.3212166666667,79.2347277777778
1,31.3191416666667,79.2353194444444
1,31.3177805555556,79.2347972222222
1,31.3161305555556,79.2350055555556
1,31.3135611111111,79.2352361111111
1,31.3126666666667,79.2356527777778
1,31.3101944444444,79.2377694444444
1,31.3075055555556,79.2401805555556
1,31.297475,79.2526388888889
1,31.2962527777778,79.2542277777778
1,31.2951138888889,79.2547833333333
1,31.2898805555556,79.2622138888889
1,31.2877972222222,79.2631583333333
1,31.2828666666667,79.2636527777778
1,28.2768777777778,72.0833944444444
1,28.2820916666667,72.0903611111111
1,28.2842666666667,72.0930333333333
1,28.2867305555556,72.0963888888889
1,28.2895138888889,72.1006388888889
1,28.2932611111111,72.1058111111111
1,28.2999,72.1152694444444
1,28.3078944444444,72.126325
1,28.3126333333333,72.1328888888889
1,28.3472361111111,72.1634166666667
1,28.3492666666667,72.1653944444445
1,28.3510861111111,72.1671111111111
1,28.35305,72.1687833333333
1,28.3566194444444,72.1720833333333
1,28.3612472222222,72.1766583333333
1,28.36615,72.181325
1,28.3728111111111,72.18775
1,28.3777611111111,72.1925055555556
1,28.3841861111111,72.1981722222222
1,28.3882444444444,72.2016944444444
1,28.3939527777778,72.2066166666667
1,28.4006361111111,72.2091861111111
1,28.4125722222222,72.2128944444444
1,28.4315861111111,72.2192916666667
1,28.4482638888889,72.2247777777778
1,28.4607694444444,72.2287694444444
1,28.4681138888889,72.23125
1,28.4739722222222,72.2332694444444
1,28.4836888888889,72.2367361111111
1,28.4963,72.2410694444444
1,28.5000277777778,72.2424305555556
1,28.5055305555556,72.2444916666667
1,28.5126694444444,72.2467777777778
1,28.5265166666667,72.2516305555556
1,28.5397,72.25625
1,28.5440305555556,72.2580138888889
1,28.5493611111111,72.2599638888889
1,28.5556416666667,72.2623388888889
1,28.5620388888889,72.26375
1,28.5658638888889,72.2653666666667
1,28.5747361111111,72.2682555555556
1,28.5787111111111,72.2697638888889
1,28.5836805555556,72.2714777777778
1,28.5917916666667,72.2744444444444
1,28.6051416666667,72.2791666666667
1,28.6083222222222,72.2803527777778
1,28.6226611111111,72.2845194444444
1,28.6339027777778,72.2878527777778
1,28.638275,72.2891861111111
1,28.6536805555556,72.2937694444444
1,28.6645916666667,72.2973888888889
1,28.6678972222222,72.2984777777778
1,28.6711333333333,72.3014583333333
1,28.6780583333333,72.3076666666667
1,28.6841027777778,72.3132083333333
1,28.691075,72.3191111111111
1,28.696975,72.3242777777778
1,28.7045194444444,72.3311722222222
1,28.7209361111111,72.3452638888889
1,28.7256361111111,72.349125
1,28.73575,72.3580194444444
1,28.7462111111111,72.3683333333333
1,28.7507444444444,72.3726166666667
1,28.7558611111111,72.3782694444444
1,28.7672833333333,72.3886166666667
1,28.7721916666667,72.3934722222222
1,28.7798055555556,72.4012638888889
1,28.78285,72.4041666666667
1,28.7852916666667,72.4094361111111
1,28.7872222222222,72.4144916666667
1,28.7890972222222,72.4205277777778
1,28.7917138888889,72.4275194444445
1,28.7948972222222,72.4359361111111
1,28.7998638888889,72.4487833333333
1,28.8024222222222,72.4554777777778
1,28.8059611111111,72.4648944444444
1,28.8089583333333,72.4723527777778
1,28.8123138888889,72.4808805555556
1,28.8189166666667,72.4929861111111
1,28.8232722222222,72.5013333333333
1,28.8271277777778,72.5085416666667
1,28.8346944444444,72.5220694444444
1,28.8421194444444,72.5350333333333
1,28.8494694444444,72.5495555555556
1,28.8527166666667,72.5562638888889
1,28.8562861111111,72.5626166666667
1,28.8600694444444,72.5696861111111
1,28.8658888888889,72.5803194444444
1,28.8719194444444,72.5913111111111
1,28.8750972222222,72.5972
1,28.8780583333333,72.60295
1,28.8839472222222,72.6136944444444
1,28.8922305555556,72.6291111111111
1,28.8962638888889,72.6368944444445
1,28.8996527777778,72.6433888888889
1,28.9025777777778,72.6487416666667
1,28.9066833333333,72.6565972222222
1,28.9101111111111,72.663125
1,28.9131694444444,72.6687416666667
1,35.7776277777778,78.5418527777778
1,35.7789944444444,78.5423944444444
1,35.7819944444444,78.5497361111111
1,35.7828944444444,78.5512
1,35.7846111111111,78.5529027777778
1,35.7853611111111,78.5538111111111
1,35.7868972222222,78.5552
1,35.7891611111111,78.5574027777778
1,35.79095,78.559075
1,35.7911611111111,78.5607361111111
1,35.789575,78.5654222222222
1,35.7872916666667,78.5681388888889
1,35.7874805555556,78.5719722222222
1,35.7881305555556,78.5733805555555
1,35.7912638888889,78.5761861111111
1,35.7921527777778,78.57645
1,35.7944055555555,78.5767555555556
1,35.7952972222222,78.5764916666667
1,35.8010222222222,78.5770833333333
1,35.8042833333333,78.5776805555556
1,35.8065305555555,78.5791027777778
1,35.809175,78.5873388888889
1,35.8098277777778,78.5884916666667
1,35.8116666666667,78.6050138888889
1,35.8122,78.6062222222222
1,35.8123388888889,78.6094777777778
1,35.8156166666667,78.6180472222222
1,35.8169527777778,78.6191944444444
1,35.8197277777778,78.6226861111111
1,35.8203972222222,78.6243472222222
1,35.8224944444444,78.6267
1,35.8231611111111,78.6294583333333
1,35.8264777777778,78.6330833333333
1,35.8275472222222,78.633825
1,35.8361166666667,78.6407277777778
1,35.8387583333333,78.6434166666667
1,35.8407444444444,78.6462138888889
1,35.8525638888889,78.6573944444444
1,35.8536666666667,78.6585
1,35.8558555555556,78.6634861111111
1,35.8564805555556,78.6698194444445
1,35.8576,78.672325
1,35.8575305555556,78.6795
1,35.8552305555556,78.6847138888889
1,35.8551666666667,78.6907916666667
1,35.8565611111111,78.6974777777778
1,35.8584388888889,78.7021166666667
1,35.8604083333333,78.7062638888889
1,35.8621888888889,78.7087833333333
1,35.8628611111111,78.7099027777778
1,35.8632694444444,78.7121027777778
1,35.8641583333333,78.71295
1,35.8646027777778,78.7140472222222
1,35.8648222222222,78.7151388888889
1,35.8668055555556,78.7173805555556
1,35.8669888888889,78.7218194444444
1,35.8671527777778,78.7289583333333
1,35.8666861111111,78.7300472222222
1,35.8663833333333,78.7397277777778
1,35.8667944444444,78.7424861111111
1,35.865425,78.7471527777778
1,35.8654027777778,78.7496388888889
1,35.8661944444444,78.7521444444445
1,35.8673527777778,78.7554361111111
1,35.8673222222222,78.7582138888889
1,35.8677166666667,78.7648333333333
1,35.8681416666667,78.7673055555556
1,35.8660305555556,78.773625
1,35.865125,78.7752777777778
1,35.8633194444444,78.77775
1,35.8628416666667,78.7788333333333
1,35.8624027777778,78.7802277777778
1,35.8607861111111,78.781825
1,35.8598805555556,78.7829166666667
1,35.8589722222222,78.784825
1,35.8577944444444,78.7886861111111
1,35.8574472222222,78.79095
1,35.8572222222222,78.7932083333333
1,35.8559166666667,78.7986027777778
1,35.8554361111111,78.8008111111111
1,35.8547361111111,78.8018944444444
1,35.8542694444444,78.8029777777778
1,35.8538388888889,78.8092777777778
1,28.6764027777778,80.589575
1,28.6726611111111,80.5874361111111
1,28.66695,80.585875
1,28.6596694444444,80.5829166666667
1,28.6558222222222,80.5921111111111
1,28.6540083333333,80.5943944444444
1,28.650725,80.5933527777778
1,28.6445277777778,80.5926305555556
1,28.6436,80.5956666666667
1,28.6453416666667,80.5995138888889
1,28.6474444444444,80.6061583333333
1,28.6442777777778,80.60925
1,28.6433527777778,80.60925
1,28.6424583333333,80.6107916666667
1,28.6406611111111,80.6140833333333
1,28.6399722222222,80.6159222222222
1,28.6351944444444,80.6301861111111
1,28.6354138888889,80.6363388888889
1,28.6365777777778,80.6386305555556
1,28.6396083333333,80.6432361111111
1,28.6400388888889,80.6452777777778
1,28.6367638888889,80.6529638888889
1,28.6360722222222,80.6588388888889
1,28.6387666666667,80.6662694444445
1,28.6382972222222,80.6673888888889
1,28.6367111111111,80.6683944444444
1,28.6319583333333,80.6683944444444
1,28.6254166666667,80.6691583333333
1,28.6251805555556,80.6705694444445
1,28.6238305555556,80.6716027777778
1,28.6211277777778,80.6754444444445
1,28.6204416666667,80.6777277777778
1,28.6196388888889,80.6783333333333
1,28.6174944444444,80.6796527777778
1,28.6156888888889,80.6796527777778
1,28.6148972222222,80.6805333333333
1,28.6082194444444,80.6817916666667
1,28.6068611111111,80.6817916666667
1,28.6034916666667,80.6801527777778
1,28.602575,80.6802777777778
1,28.6016722222222,80.6810333333333
1,28.6009805555556,80.6828194444444
1,28.6012,80.6905138888889
1,28.6016472222222,80.693575
1,28.6014111111111,80.696125
1,28.6002805555556,80.6971305555556
1,28.5962027777778,80.6972555555556
1,28.5929666666667,80.6953611111111
1,28.5846833333333,80.6934166666667
1,28.5830916666667,80.6938111111111
1,28.5808388888889,80.6966111111111
1,28.5792583333333,80.697125
1,28.5778972222222,80.6981388888889
1,28.5765444444444,80.6996666666667
1,28.5751833333333,80.7004166666667
1,28.5738222222222,80.7011944444445
1,28.5721166666667,80.7046166666667
1,28.5692805555556,80.7124027777778
1,28.5688055555556,80.7172777777778
1,28.5706333333333,80.7218888888889
1,28.5710638888889,80.7254361111111
1,28.5692388888889,80.7280138888889
1,28.5681166666667,80.7285555555556
1,28.5666416666667,80.7298472222222
1,28.5652611111111,80.7340472222222
1,28.5651805555556,80.7378111111111
1,28.5705888888889,80.7407777777778
1,28.5714555555556,80.7458944444444
1,28.5682583333333,80.7548194444445
1,28.5659805555556,80.7650472222222
1,28.563725,80.7698944444444
1,28.5630333333333,80.7706666666667
1,28.5616777777778,80.7709305555556
1,28.5497083333333,80.7714222222222
1,28.5485833333333,80.7719166666667
1,28.5480027777778,80.7728472222222
1,28.5447027777778,80.7800888888889
1,28.5442583333333,80.7821111111111
1,28.5405555555556,80.7849305555555
1,28.5390361111111,80.7867222222222
1,28.5270083333333,80.7853388888889
1,28.5257055555556,80.7852555555556
1,28.5229916666667,80.7856388888889
1,28.5229888888889,80.7874361111111
1,28.5207222222222,80.7933194444444
1,28.5193416666667,80.8025055555556
1,28.5152416666667,80.8201305555556
1,28.5142972222222,80.8226722222222
1,28.5107472222222,80.827825
1,28.509225,80.8290972222222
1,28.5086277777778,80.8303111111111
1,28.50635,80.8313194444444
1,28.5025222222222,80.8359222222222
1,28.5016055555556,80.8361805555556
1,28.499075,80.8376027777778
1,28.4974888888889,80.8388666666667
1,28.4961527777778,80.8405
1,28.4952666666667,80.8435611111111
1,28.4936194444444,80.8545333333333
1,28.4912388888889,80.8616111111111
1,28.4906527777778,80.8644583333333
1,28.4917944444444,80.8660194444444
1,28.494275,80.8666527777778
1,28.4958611111111,80.8662916666667
1,28.4965305555556,80.86525
1,28.49745,80.8642416666667
1,28.5015611111111,80.8629777777778
1,28.5033333333333,80.8632222222222
1,28.5042222222222,80.8656666666667
1,28.5057666666667,80.8775555555556
1,28.5030055555556,80.8908194444445
1,28.5011833333333,80.8938805555556
1,28.4973472222222,80.8951388888889
1,28.4934388888889,80.9071388888889
1,28.4923166666667,80.9081444444444
1,28.4867527777778,80.9087972222222
1,28.4850777777778,80.908375
1,28.4819388888889,80.9002
1,28.4765277777778,80.8977638888889
1,28.4758361111111,80.8985194444444
1,28.4672777777778,80.8985972222222
1,28.4594388888889,80.9009305555556
1,28.4574722222222,80.90425
1,28.4560138888889,80.9071666666667
1,28.4554805555556,80.9082833333333
1,28.4550388888889,80.9108194444445
1,28.4565833333333,80.9141527777778
1,28.4597277777778,80.9150888888889
1,28.4609111111111,80.9150888888889
1,28.4608972222222,80.9182972222222
1,28.4597888888889,80.9199583333333
1,28.4537222222222,80.9197277777778
1,28.4523277777778,80.9223194444445
1,28.4528638888889,80.9274083333333
1,28.4583583333333,80.9337555555556
1,28.4627583333333,80.9357416666667
1,28.4646722222222,80.9408388888889
1,28.4616333333333,80.9419638888889
1,28.4577722222222,80.9420611111111
1,28.4546277777778,80.9397083333333
1,28.4526138888889,80.9377833333333
1,28.4513083333333,80.9372
1,28.4495138888889,80.9378527777778
1,28.4484666666667,80.9417638888889
1,28.4483333333333,80.9465277777778
1,28.4481,80.9475416666667
1,28.4451861111111,80.9535972222222
1,28.4442083333333,80.9569861111111
1,28.4448833333333,80.9592777777778
1,28.447375,80.9614638888889
1,28.4482638888889,80.962875
1,28.4493972222222,80.9664583333333
1,28.4500083333333,80.9758888888889
1,28.4493361111111,80.9769027777778
1,28.4477583333333,80.9766305555556
1,28.4452861111111,80.9746111111111
1,28.4419194444444,80.9662694444444
1,28.4396694444444,80.964625
1,28.4360694444444,80.9642222222222
1,28.4347166666667,80.9648611111111
1,28.4333638888889,80.96875
1,28.4330833333333,80.9707222222222
1,28.4342083333333,80.9755694444444
1,28.4348916666667,80.9776166666667
1,28.4391555555556,80.9801805555556
1,28.4396,80.9822361111111
1,28.4386527777778,80.989125
1,28.4393416666667,80.9906527777778
1,28.4420416666667,80.9924305555556
1,28.4453694444444,80.9966444444444
1,28.4464944444444,80.9976583333333
1,28.4483416666667,81.0006527777778
1,28.4485638888889,81.0024361111111
1,28.4474583333333,81.0091527777778
1,28.4464777777778,81.0123888888889
1,28.4453416666667,81.0141722222222
1,30.5185277777778,74.0591305555556
1,30.5192416666667,74.0641111111111
1,30.5202222222222,74.0664638888889
1,30.5215611111111,74.0689638888889
1,30.5234944444444,74.0720555555556
1,30.5229305555556,74.0728611111111
1,30.5254888888889,74.0746111111111
1,30.5256055555556,74.0749722222222
1,30.5318805555556,74.079875
1,30.5319111111111,74.0806527777778
1,30.5413972222222,74.0866305555556
1,30.5479444444444,74.090825
1,30.5496972222222,74.0917416666667
1,30.5497694444444,74.088575
1,30.5495027777778,74.0854861111111
1,30.5488472222222,74.0819166666667
1,30.5486861111111,74.0803527777778
1,30.5522972222222,74.0768888888889
1,30.5539027777778,74.0747777777778
1,30.5546666666667,74.0739027777778
1,30.5579472222222,74.0779305555555
1,30.5607638888889,74.0810055555555
1,30.5616833333333,74.082075
1,30.5728055555556,74.0949305555555
1,30.5790055555556,74.102375
1,30.5842111111111,74.0985694444444
1,30.5873944444444,74.0969361111111
1,30.5908416666667,74.0993111111111
1,30.5974472222222,74.0972277777778
1,30.6016111111111,74.0958333333333
1,30.6026555555556,74.09925
1,30.6036527777778,74.1021444444444
1,30.6054361111111,74.1028888888889
1,30.6083333333333,74.1030888888889
1,30.6113972222222,74.1027138888889
1,30.6117833333333,74.096575
1,30.613825,74.0988611111111
1,30.6170361111111,74.1027833333333
1,30.6195472222222,74.1057694444444
1,30.6170472222222,74.1082972222222
1,30.6142222222222,74.1117416666667
1,30.6116333333333,74.1144861111111
1,30.6103555555556,74.1160277777778
1,30.6080055555556,74.1184638888889
1,30.6119027777778,74.1195055555555
1,30.6196666666667,74.121
1,30.6226694444444,74.1214722222222
1,30.6245638888889,74.1269638888889
1,30.6266166666667,74.1277416666667
1,30.63035,74.1284861111111
1,30.6331611111111,74.1288388888889
1,30.6351555555556,74.1279222222222
1,30.6323555555556,74.1314916666667
1,30.6277777777778,74.1381527777778
1,30.629325,74.1420194444444
1,30.6306944444444,74.1460611111111
1,30.6327138888889,74.1505833333333
1,30.6359861111111,74.1540972222222
1,30.6407444444444,74.1562638888889
1,30.6410722222222,74.1587638888889
1,30.6463944444444,74.1632222222222
1,30.6486861111111,74.163375
1,30.6489527777778,74.1665555555556
1,30.6489527777778,74.1694083333333
1,30.6512138888889,74.172
1,30.6535972222222,74.1745
1,30.6550833333333,74.1767
1,30.6562111111111,74.1782138888889
1,30.658975,74.1796944444444
1,30.6612555555556,74.1824083333333
1,30.6636472222222,74.1875277777778
1,30.6642416666667,74.1903805555556
1,30.6649638888889,74.1929777777778
1,30.666175,74.1949916666667
1,30.6673055555556,74.1961805555556
1,30.6689722222222,74.1979916666667
1,30.6705166666667,74.1982
1,30.672125,74.2001944444444
1,30.6751583333333,74.2036166666667
1,30.6759888888889,74.2057277777778
1,30.6789333333333,74.2076583333333
1,30.6813416666667,74.2094166666667
1,30.6827416666667,74.209325
1,30.6882444444444,74.2127777777778
1,30.6937777777778,74.2196444444445
1,30.6967638888889,74.2202277777778
1,30.6989805555556,74.2215472222222
1,30.7014194444444,74.2219638888889
1,30.7072222222222,74.2233666666667
1,30.7102833333333,74.2236305555556
1,30.7133777777778,74.2253611111111
1,30.7133666666667,74.2281944444444
1,30.7168888888889,74.2271166666667
1,30.7192083333333,74.2275972222222
1,30.7196833333333,74.2289305555556
1,30.7210194444444,74.2297277777778
1,30.7222111111111,74.2300888888889
1,30.7227444444444,74.2311583333333
1,30.7247444444444,74.2329722222222
1,30.7237944444444,74.2392777777778
1,30.7231694444444,74.2456444444444
1,30.7246277777778,74.2454916666667
1,30.7261416666667,74.2419861111111
1,30.7259333333333,74.2495694444444
1,30.7230972222222,74.2519166666667
1,30.7216194444444,74.2603055555555
1,30.7242861111111,74.2663666666667
1,30.7258111111111,74.2678944444445
1,30.7296166666667,74.2690333333333
1,30.7331611111111,74.2689027777778
1,30.7313277777778,74.2719861111111
1,30.7315194444444,74.2740833333333
1,30.7352166666667,74.2740972222222
1,30.72945,74.2819222222222
1,30.7316166666667,74.2845472222222
1,30.7335611111111,74.2847222222222
1,30.7332166666667,74.287575
1,30.7349888888889,74.28775
1,30.7353333333333,74.2856388888889
1,30.7397666666667,74.2796666666667
1,30.7432805555556,74.2735
1,30.7526333333333,74.2733611111111
1,30.7552638888889,74.2692416666667
1,30.758975,74.2679916666667
1,30.762,74.2657638888889
1,30.7702805555556,74.2599916666667
1,30.7745638888889,74.2606805555556
1,30.7758194444444,74.26325
1,30.7759333333333,74.2651944444444
1,30.7754194444444,74.2673055555556
1,30.77245,74.2716444444444
1,30.7722222222222,74.2754166666667
1,30.7725083333333,74.2834083333333
1,30.77395,74.2831111111111
1,30.7737638888889,74.2918611111111
1,30.7749638888889,74.2926027777778
1,30.7757083333333,74.2980277777778
1,30.7783333333333,74.30145
1,30.7836444444444,74.305625
1,30.7870138888889,74.3065333333333
1,30.7870138888889,74.30825
1,30.7886138888889,74.3089361111111
1,30.7886138888889,74.30545
1,30.7886694444444,74.3002555555556
1,30.7946055555556,74.2959166666667
1,30.7978055555556,74.2964305555555
1,30.7988472222222,74.2971111111111
1,30.801575,74.2984305555556
1,30.8077416666667,74.3032833333333
1,30.8118527777778,74.3065333333333
1,30.8137388888889,74.308075
1,30.8161388888889,74.31025
1,30.8197944444444,74.3127638888889
1,30.8243888888889,74.3196305555555
1,30.8350472222222,74.3194444444444
1,30.8368388888889,74.3216583333333
1,30.8439916666667,74.3203944444444
1,30.8479916666667,74.32325
1,30.84975,74.327375
1,30.8493222222222,74.331625
1,30.8493222222222,74.3361944444444
1,30.8491333333333,74.3390472222222
1,30.8521805555556,74.3403805555556
1,30.8524166666667,74.3426944444444
1,30.8530444444444,74.3488055555556
1,30.8531027777778,74.3514305555555
1,30.8511027777778,74.3546861111111
1,30.8477916666667,74.3550277777778
1,30.8469916666667,74.3576527777778
1,30.8468194444444,74.3603388888889
1,30.8464777777778,74.3641666666667
1,30.8486472222222,74.3681027777778
1,30.8509333333333,74.3698194444444
1,30.8536055555556,74.3671305555555
1,30.8562833333333,74.3659444444444
1,30.8567277777778,74.3693611111111
1,30.8580694444444,74.3742694444444
1,30.857175,74.3794722222222
1,30.8594055555556,74.38245
1,30.8623805555556,74.3782833333333
1,30.8663944444444,74.3717416666667
1,35.8450583333333,73.1385833333333
1,35.8463138888889,73.13675
1,35.8477694444444,73.1322833333333
1,35.8504194444444,73.1291388888889
1,35.8508194444444,73.1277555555556
1,35.8514222222222,73.1261944444444
1,35.8528944444444,73.1247083333333
1,35.8553638888889,73.1217638888889
1,35.8558388888889,73.1206722222222
1,35.8571333333333,73.1181388888889
1,35.8671972222222,73.1069222222222
1,35.8767027777778,73.0989583333333
1,35.8796694444444,73.0911305555556
1,35.8811833333333,73.0893944444444
1,35.8818361111111,73.0877222222222
1,35.88175,73.0841305555555
1,35.8823916666667,73.0832916666667
1,35.8834611111111,73.0807833333333
1,35.8834111111111,73.0788333333333
1,35.8847305555556,73.0776861111111
1,35.8846972222222,73.0762833333333
1,35.8837694444444,73.0744166666667
1,35.8816,73.0726388888889
1,35.8812083333333,73.0713111111111
1,35.8730333333333,73.0665472222222
1,35.8727694444444,73.0651527777778
1,35.8712666666667,73.0640833333333
1,35.870575,73.0627638888889
1,35.8693666666667,73.0619916666667
1,35.8683194444444,73.0608805555556
1,35.8660916666667,73.0586388888889
1,35.8622027777778,73.0545194444444
1,35.8615,73.0534361111111
1,35.8605305555556,73.05125
1,35.8589111111111,73.0483111111111
1,35.8586611111111,73.0472
1,35.8577361111111,73.0466666666667
1,35.8539333333333,73.0374444444444
1,35.8532361111111,73.0366388888889
1,35.852575,73.0272694444444
1,35.8529861111111,73.0250694444445
1,35.85285,73.0231666666667
1,35.853425,73.0156944444444
1,35.8537861111111,73.012625
1,35.8557388888889,73.0086861111111
1,35.8566,73.0078111111111
1,35.8572277777778,73.005325
1,35.8583277777778,73.0044638888889
1,35.8592444444444,73.0044361111111
1,35.8621388888889,73.0032
1,35.861825,72.9996305555556
1,35.8619944444444,72.9982416666667
1,35.8617583333333,72.9968611111111
1,35.8610444444444,72.9955416666667
1,35.8612416666667,72.9941527777778
1,35.8603222222222,72.993075
1,35.8597138888889,72.98645
1,35.8587944444444,72.9862361111111
1,35.8587833333333,72.9848611111111
1,35.8578638888889,72.9838055555556
1,35.8564111111111,72.9799916666667
1,35.8547,72.9734083333333
1,35.8523527777778,72.97075
1,35.8499611111111,72.9642361111111
1,35.8496944444444,72.9625833333333
1,35.8490138888889,72.9617694444445
1,35.8478333333333,72.9590694444445
1,35.8471111111111,72.9574444444444
1,35.8461861111111,72.9563527777778
1,35.8455833333333,72.9497555555556
1,35.8443472222222,72.9451305555556
1,35.8445361111111,72.9375833333333
1,35.8440138888889,72.9279361111111
1,35.8445,72.9264083333333
1,35.8445416666667,72.9244444444444
1,35.8456527777778,72.9191305555556
1,35.8460694444445,72.9147416666667
1,35.84625,72.9125472222222
1,35.8464666666667,72.9113888888889
1,35.8472944444444,72.9085888888889
1,35.8483916666667,72.9077083333333
1,35.8485972222222,72.9066027777778
1,35.851225,72.9040416666667
1,35.8521,72.9031944444445
1,35.8536805555556,72.9025694444445
1,35.8632777777778,72.9034583333333
1,35.8772861111111,72.90125
1,35.8801388888889,72.9001583333333
1,35.8803333333333,72.8984916666667
1,35.8807416666667,72.8965472222222
1,35.8811527777778,72.8945888888889
1,35.879475,72.8887638888889
1,35.8791472222222,72.8875194444445
1,35.878625,72.8836722222222
1,35.8778972222222,72.8731583333333
1,35.8773944444444,72.86875
1,35.8764111111111,72.8669166666667
1,35.8761583333333,72.8561527777778
1,35.8769194444444,72.8500694444444
1,35.2205166666667,73.7204861111111
1,35.221625,73.7196111111111
1,35.2225055555556,73.7190333333333
1,35.2244638888889,73.7149083333333
1,35.2269166666667,73.7137083333333
1,35.2323277777778,73.714375
1,35.2398416666667,73.716875
1,35.251125,73.717875
1,35.2583777777778,73.7204305555556
1,35.2610916666667,73.7211666666667
1,35.276725,73.7256111111111
1,35.2798694444444,73.7249583333333
1,35.2816305555556,73.7238194444444
1,35.287075,73.718825
1,35.2887111111111,73.7169916666667
1,35.2909444444444,73.7155555555556
1,35.30385,73.7093527777778
1,35.3068416666667,73.7079305555555
1,35.3107861111111,73.7059027777778
1,35.3216861111111,73.6984027777778
1,35.3251416666667,73.6981527777778
1,35.3346277777778,73.6988888888889
1,35.3527944444444,73.6985416666667
1,35.3575361111111,73.6992361111111
1,35.3811194444444,73.7081027777778
1,35.3856666666667,73.7101666666667
1,35.3895555555556,73.7126111111111
1,35.391575,73.7142833333333
1,35.3962277777778,73.7183527777778
1,35.4025722222222,73.7234027777778
1,35.4043916666667,73.723875
1,35.4097555555556,73.7266166666667
1,35.4207666666667,73.7333111111111
1,35.4222722222222,73.7342222222222
1,35.4266527777778,73.7382361111111
1,35.4288055555556,73.7409722222222
1,35.4317722222222,73.7441944444444
1,35.4324888888889,73.7455416666667
1,35.4405,73.75325
1,35.4407527777778,73.7546388888889
1,35.4412388888889,73.7557222222222
1,35.4419583333333,73.7573472222222
1,35.4434083333333,73.760375
1,35.4440972222222,73.7617083333333
1,35.4444027777778,73.7631861111111
1,35.4466333333333,73.7676388888889
1,35.4469361111111,73.7714861111111
1,35.4476555555556,73.7731111111111
1,35.4516583333333,73.7817833333333
1,35.4516944444444,73.7834222222222
1,35.4525638888889,73.7839361111111
1,35.4549444444444,73.7899166666667
1,35.4586305555556,73.7936666666667
1,35.46045,73.7941666666667
1,35.4682916666667,73.7930888888889
1,35.4754333333333,73.7898611111111
1,35.4770138888889,73.7900888888889
1,35.4806,73.7894222222222
1,35.4815138888889,73.7896805555555
1,35.4976333333333,73.7856027777778
1,35.4987555555556,73.7858527777778
1,35.5064027777778,73.7850694444444
1,35.5140833333333,73.7861944444444
1,35.5228083333333,73.7845694444444
1,35.5241333333333,73.7834361111111
1,35.524975,73.7795472222222
1,35.524925,73.7767833333333
1,35.5246583333333,73.7746166666667
1,35.5259805555556,73.7720888888889
1,35.5259472222222,73.7704444444445
1,35.5263638888889,73.7693111111111
1,35.5266611111111,73.7621805555555
1,35.5279805555556,73.7596527777778
1,35.5281,73.7585333333333
1,35.5287666666667,73.754125
1,35.5296305555556,73.7524444444444
1,35.5302861111111,73.7513055555556
1,35.5307027777778,73.7488388888889
1,35.5309027777778,73.7471805555556
1,35.5321805555556,73.7446805555555
1,35.5325555555556,73.74025
1,35.4832638888889,77.9138944444445
1,35.4882027777778,77.9175
1,35.4906694444444,77.9178194444444
1,35.4927,77.9192
1,35.4924611111111,77.9208388888889
1,35.4920083333333,77.9238472222222
1,35.4910972222222,77.9244083333333
1,35.4892694444444,77.9290555555556
1,35.4879083333333,77.9312638888889
1,35.4831527777778,77.9359222222222
1,35.4812166666667,77.9378666666667
1,35.4800916666667,77.9394777777778
1,35.4784083333333,77.9413666666667
1,35.4772722222222,77.9443805555556
1,35.4768083333333,77.9460277777778
1,35.4714944444444,77.9515555555556
1,35.4697972222222,77.952825
1,35.4679861111111,77.9547972222222
1,35.4654805555556,77.9605333333333
1,35.463875,77.9629777777778
1,35.4595916666667,77.9678944444445
1,35.45755,77.9692777777778
1,35.4566527777778,77.9703888888889
1,35.4557166666667,77.9739638888889
1,35.45525,77.9756027777778
1,35.45435,77.9775277777778
1,35.4543333333333,77.9810694444444
1,35.4581555555556,77.9846722222222
1,35.4599611111111,77.9844027777778
1,35.4631027777778,77.9828055555556
1,35.4667277777778,77.9795277777778
1,35.4669472222222,77.9784083333333
1,35.4685833333333,77.9752138888889
1,35.4692277777778,77.9742972222222
1,35.4717166666667,77.9710194444444
1,35.4726472222222,77.9677222222222
1,35.4735444444444,77.96745
1,35.47625,77.9660694444444
1,35.4767083333333,77.9644583333333
1,35.4776055555556,77.9636166666667
1,35.4830138888889,77.9625416666667
1,35.4863944444444,77.9622972222222
1,35.4899805555556,77.9631305555556
1,35.4917833333333,77.9639861111111
1,35.4944805555556,77.9634361111111
1,35.4956138888889,77.962075
1,35.496075,77.9607138888889
1,35.4990166666667,77.9585555555556
1,35.5002138888889,77.9559305555556
1,35.5015166666667,77.9519444444445
1,35.5033277777778,77.9497555555556
1,35.5040277777778,77.9479083333333
1,35.5044888888889,77.9434444444445
1,35.5049472222222,77.942325
1,35.5073638888889,77.9397222222222
1,35.5086305555556,77.9372972222222
1,35.5097138888889,77.9354861111111
1,35.5102944444444,77.9337555555556
1,35.5108527777778,77.9321944444444
1,35.514225,77.9297638888889
1,35.5158055555556,77.9294861111111
1,35.5202083333333,77.9309916666667
1,35.5306333333333,77.9361666666667
1,35.5351805555555,77.9399638888889
1,35.5358833333333,77.94125
1,35.5434777777778,77.9481666666667
1,35.5541305555556,77.95695
1,35.5581666666667,77.9597083333333
1,35.5602861111111,77.9607
1,35.5645722222222,77.9625138888889
1,35.5684916666667,77.9642361111111
1,35.5700638888889,77.9652833333333
1,35.5734472222222,77.9658388888889
1,35.5860472222222,77.9645333333333
1,35.5878555555556,77.9637138888889
1,35.5928361111111,77.9601861111111
1,35.5968972222222,77.956075
1,35.5991472222222,77.9544444444444
1,35.5997944444444,77.9528194444444
1,35.60545,77.9510138888889
1,35.6050194444445,77.9542
1,35.6023416666667,77.9636527777778
1,35.5986166666667,77.9679083333333
1,35.5986138888889,77.9690333333333
1,35.5927527777778,77.9755888888889
1,35.5918277777778,77.9767916666667
1,35.5909111111111,77.9777555555556
1,35.5873333333333,77.9794166666667
1,35.5850555555556,77.9821388888889
1,35.5828055555556,77.9837694444444
1,35.5823416666667,77.9859861111111
1,35.5809638888889,77.9870694444444
1,35.5803111111111,77.9895472222222
1,35.5804472222222,77.9933805555556
1,35.5810138888889,77.9956722222222
1,35.5815694444444,78.0022138888889
1,35.5828555555556,78.0076666666667
1,35.5863833333333,78.0228666666667
1,35.5858527777778,78.0404777777778
1,35.5842555555556,78.0426722222222
1,35.5840305555556,78.0437638888889
1,35.5837944444444,78.0448472222222
1,35.5806611111111,78.0480611111111
1,35.575725,78.0530416666667
1,35.5640055555555,78.0634166666667
1,35.5623694444444,78.0652777777778
1,35.5614083333333,78.0664361111111
1,35.5539638888889,78.0713611111111
1,35.5476277777778,78.0762416666667
1,35.5473833333333,78.0797833333333
1,35.5478361111111,78.0809027777778
1,35.5491694444444,78.0825694444444
1,35.5542861111111,78.0867361111111
1,35.5547361111111,78.0878194444444
1,35.5547166666667,78.0914027777778
1,35.5529055555556,78.0960611111111
1,35.5506527777778,78.0982777777778
1,35.5499611111111,78.0996444444445
1,35.5506055555556,78.1062416666667
1,35.5503555555555,78.1095333333333
1,35.5496611111111,78.1103388888889
1,35.5489722222222,78.1119861111111
1,35.5485194444444,78.1136305555556
1,35.5460416666667,78.1166583333333
1,35.5417277777778,78.122375
1,35.5401416666667,78.1237638888889
1,35.5378388888889,78.1295055555555
1,35.5371694444444,78.1306166666667
1,35.5373388888889,78.1358472222222
1,35.5382527777778,78.1372138888889
1,35.5389305555556,78.1380277777778
1,35.5397972222222,78.1413611111111
1,35.5409083333333,78.1427416666667
1,35.5480888888889,78.1458111111111
1,35.54875,78.1474638888889
1,35.5491666666667,78.1524361111111
1,35.5489361111111,78.1535277777778
1,35.5504944444444,78.1551944444444
1,35.5515138888889,78.1550472222222
1,35.5577305555556,78.1541805555556
1,35.5634583333333,78.1524722222222
1,35.5696611111111,78.1501111111111
1,35.5766305555556,78.1501527777778
1,35.5858416666667,78.1538055555556
1,35.5921055555556,78.1577083333333
1,35.6116444444444,78.1650138888889
1,35.6185555555556,78.1636444444445
1,35.6194472222222,78.1632361111111
1,35.6249305555556,78.1601388888889
1,35.6278527777778,78.1607277777778
1,35.6296444444444,78.1623888888889
1,35.629175,78.1640333333333
1,35.6286972222222,78.1667694444445
1,35.62555,78.1697916666667
1,35.6246527777778,78.1711527777778
1,35.6246416666667,78.1722777777778
1,35.6223666666667,78.1744361111111
1,35.6216972222222,78.1755194444444
1,35.6207666666667,78.1777222222222
1,35.6209722222222,78.1813333333333
1,35.6218472222222,78.1837916666667
1,35.6225027777778,78.1846111111111
1,35.6350861111111,78.1894083333333
1,35.6449361111111,78.1961166666667
1,35.6470555555556,78.1970277777778
1,35.6520972222222,78.1983333333333
1,35.6557111111111,78.1977361111111
1,35.664725,78.19625
1,35.6656305555556,78.1965277777778
1,35.6676277777778,78.1981944444444
1,35.6676277777778,78.199375
1,35.6674944444444,78.2016027777778
1,35.6653944444444,78.2054444444445
1,35.6621722222222,78.2083111111111
1,35.6617111111111,78.2094166666667
1,35.6587833333333,78.2129777777778
1,35.6576194444444,78.2161805555556
1,35.6564888888889,78.2175416666667
1,35.6555611111111,78.21925
1,35.6546611111111,78.2209444444444
1,35.6530722222222,78.2231305555556
1,35.6519194444444,78.2275194444445
1,27.6874583333333,82.5153388888889
1,27.6872805555556,82.5243194444444
1,27.6870638888889,82.5264861111111
1,27.6848361111111,82.53545
1,27.6836583333333,82.5418944444445
1,27.68505,82.5540972222222
1,27.6865722222222,82.5599444444444
1,27.6871722222222,82.5640333333333
1,27.6928722222222,82.5755138888889
1,27.6956694444444,82.5841722222222
1,27.6959861111111,82.5901861111111
1,27.6955305555556,82.5915333333333
1,27.6943166666667,82.5970972222222
1,27.6949666666667,82.5996583333333
1,27.6958444444444,82.6009444444444
1,27.70035,82.6022555555555
1,27.7016333333333,82.6050888888889
1,27.7024305555556,82.6127361111111
1,27.7010138888889,82.6205555555556
1,27.7011527777778,82.6223111111111
1,27.7073472222222,82.630825
1,27.7102333333333,82.6326388888889
1,27.710425,82.6354444444445
1,27.7090444444444,82.6379444444445
1,27.7085166666667,82.6411527777778
1,27.7080361111111,82.644
1,27.7084611111111,82.6463055555556
1,27.7086666666667,82.6473194444444
1,27.7112138888889,82.6534361111111
1,27.7116388888889,82.6554861111111
1,27.7129944444444,82.6580611111111
1,27.7136694444444,82.6588194444444
1,27.7190777777778,82.6596944444444
1,27.7192722222222,82.66145
1,27.7183277777778,82.6632416666667
1,27.717225,82.66345
1,27.7148472222222,82.6699916666667
1,27.7145555555556,82.6737972222222
1,27.7159722222222,82.6837277777778
1,27.7149638888889,82.6892638888889
1,27.7189027777778,82.6979444444445
1,27.7174083333333,82.6996388888889
1,27.7171833333333,82.7008944444444
1,27.7165777777778,82.7024861111111
1,27.7187888888889,82.7050555555556
1,27.7223277777778,82.7062277777778
1,27.7267944444444,82.7122916666667
1,27.7231805555556,82.7114305555556
1,27.7181111111111,82.7110694444444
1,27.7170638888889,82.7108472222222
1,27.7097027777778,82.7074305555556
1,27.7083472222222,82.7074027777778
1,27.7070916666667,82.708375
1,27.6988,82.710125
1,27.6963055555556,82.7112
1,27.6949194444444,82.71295
1,27.6926555555556,82.7136805555556
1,27.692175,82.7149361111111
1,27.6914888888889,82.7159222222222
1,27.687725,82.7176527777778
1,27.6869055555556,82.7182555555556
1,27.6817444444444,82.718125
1,27.6763055555556,82.7181444444444
1,27.6722722222222,82.7160611111111
1,27.6692694444444,82.716125
1,27.6678611111111,82.7166444444444
1,27.6643444444444,82.7166722222222
1,27.6616277777778,82.7156444444444
1,27.6605694444444,82.7146166666667
1,27.6584527777778,82.7173333333333
1,27.6573083333333,82.7187972222222
1,27.6532388888889,82.7188472222222
1,27.653925,82.7229777777778
1,27.6544972222222,82.7245611111111
1,27.6534,82.72745
1,27.6507805555556,82.7315972222222
1,27.6466555555556,82.7323333333333
1,27.6394555555556,82.7316305555556
1,27.639,82.7331388888889
1,27.6398361111111,82.73645
1,27.6393833333333,82.73745
1,27.6382055555556,82.7379916666667
1,27.6364305555556,82.7384083333333
1,27.6341277777778,82.7374916666667
1,27.6321472222222,82.7405416666667
1,27.6300277777778,82.7426861111111
1,27.6265805555556,82.7410972222222
1,27.6253416666667,82.738325
1,27.6218833333333,82.7393055555555
1,27.6202583333333,82.7391722222222
1,27.61725,82.7364916666667
1,27.6107111111111,82.7363611111111
1,27.6025,82.73975
1,27.5990555555556,82.7434916666667
1,27.597475,82.7437083333333
1,27.5948361111111,82.7463333333333
1,27.5937944444444,82.7467
1,27.5922222222222,82.7473888888889
1,27.5873972222222,82.7518472222222
1,27.5817222222222,82.7535333333333
1,27.5803611111111,82.7535055555555
1,27.5758638888889,82.7523888888889
1,27.5725194444444,82.7490277777778
1,27.56715,82.7461444444444
1,27.5635444444444,82.7450416666667
1,27.5518083333333,82.7440333333333
1,27.5482638888889,82.7401944444444
1,27.5471444444444,82.7396805555556
1,27.5426222222222,82.7400972222222
1,27.5412222222222,82.7412361111111
1,27.5405444444444,82.7419583333333
1,27.5357777777778,82.7439722222222
1,27.5269666666667,82.7439305555556
1,27.5258361111111,82.7442972222222
1,27.523275,82.7477916666667
1,27.5219138888889,82.7480194444445
1,27.5194472222222,82.7474638888889
1,27.5173333333333,82.743325
1,27.5155277777778,82.7384027777778
1,27.5123972222222,82.7364444444445
1,27.5081194444444,82.7358611111111
1,27.5001194444444,82.7391111111111
1,27.4992222222222,82.7402416666667
1,27.4986861111111,82.7447833333333
1,27.49915,82.7556444444444
1,27.4986527777778,82.7672222222222
1,27.4988555555556,82.7728333333333
1,27.498875,82.7746666666667
1,27.4983111111111,82.7807222222222
1,27.4955305555556,82.7983194444444
1,27.4946944444444,82.8055277777778
1,27.494825,82.8070416666667
1,27.493875,82.8167916666667
1,27.4948833333333,82.8226305555555
1,27.4988277777778,82.8308055555555
1,27.4997444444444,82.8399222222222
1,27.4967722222222,82.8558333333333
1,27.4967055555556,82.8614027777778
1,27.4953055555556,82.8768055555555
1,27.494525,82.8818194444444
1,27.4949583333333,82.8831166666667
1,27.4956972222222,82.8922361111111
1,27.4981555555556,82.9059638888889
1,27.4982666666667,82.9139083333333
1,27.49895,82.9241861111111
1,27.4975027777778,82.9280611111111
1,27.4933083333333,82.9364777777778
1,27.4921638888889,82.9377138888889
1,27.4870861111111,82.9402555555556
1,27.4801666666667,82.9423333333333
1,27.4721138888889,82.9458666666667
1,27.4704944444444,82.9491444444444
1,27.4695361111111,82.9513888888889
1,27.4647805555556,82.9673944444444
1,27.4623694444444,82.974
1,27.4598277777778,82.9882638888889
1,27.4570916666667,83.00095
1,27.4548361111111,83.0087833333333
1,27.4510611111111,83.0215555555556
1,27.4469861111111,83.0462277777778
1,27.4464527777778,83.0515416666667
1,27.4465944444444,83.0539305555556
1,27.4476555555556,83.077575
1,27.4484972222222,83.0968666666667
1,27.4477944444444,83.11075
1,27.4531333333333,83.1602138888889
1,27.452675,83.1614722222222
1,27.4523194444444,83.1724361111111
1,27.4513333333333,83.1826944444445
1,27.4476611111111,83.1883888888889
1,27.4471194444444,83.1904027777778
1,27.4457444444444,83.1913944444445
1,27.4434333333333,83.194375
1,27.4425111111111,83.1948666666667
1,27.4420555555556,83.1958611111111
1,27.439725,83.1985833333333
1,27.4358694444444,83.2019861111111
1,30.3579361111111,73.8845333333333
1,30.3599583333333,73.8809638888889
1,30.3662416666667,73.8844638888889
1,30.3670416666667,73.885075
1,30.3666194444444,73.8864861111111
1,30.3671305555556,73.887
1,30.3696972222222,73.8912833333333
1,30.3697722222222,73.8918194444445
1,30.3693388888889,73.8921583333333
1,30.3690833333333,73.8922138888889
1,30.3690361111111,73.8933388888889
1,30.3703472222222,73.8942222222222
1,30.3730083333333,73.9003472222222
1,30.3727583333333,73.9008055555556
1,30.3728555555556,73.9014305555555
1,30.3730083333333,73.9021166666667
1,30.3736722222222,73.9021722222222
1,30.3766611111111,73.9072361111111
1,30.3799305555556,73.91075
1,30.3818083333333,73.9133055555556
1,30.3853083333333,73.9172222222222
1,30.3874222222222,73.9179861111111
1,30.38875,73.9183666666667
1,30.3917388888889,73.9190833333333
1,30.3934222222222,73.91945
1,30.3953611111111,73.9204444444445
1,30.3966166666667,73.9214722222222
1,30.3977861111111,73.9227694444444
1,30.398975,73.9251111111111
1,30.3994611111111,73.9275194444445
1,30.3998472222222,73.9304722222222
1,30.3999333333333,73.9324583333333
1,30.4000472222222,73.9340277777778
1,30.4005638888889,73.9352361111111
1,30.4011694444444,73.93645
1,30.402075,73.9378805555556
1,30.4030444444444,73.9394638888889
1,30.4042138888889,73.9405
1,30.4053111111111,73.9412638888889
1,30.4075472222222,73.9426861111111
1,30.40945,73.9441666666667
1,30.4105916666667,73.9447833333333
1,30.4116305555556,73.9451805555556
1,30.4124777777778,73.9453805555556
1,30.4139527777778,73.9469861111111
1,30.4156388888889,73.9481583333333
1,30.4187666666667,73.9520472222222
1,30.4212416666667,73.9579361111111
1,30.4216833333333,73.959825
1,30.4231805555556,73.9628472222222
1,30.4245861111111,73.9659083333333
1,30.4276333333333,73.9665472222222
1,30.429725,73.9670555555556
1,30.4322444444444,73.967575
1,30.4331027777778,73.9676722222222
1,30.4347694444444,73.9688611111111
1,30.4363388888889,73.9698611111111
1,30.4375055555556,73.9707277777778
1,30.4413361111111,73.9731944444444
1,30.4435722222222,73.9748527777778
1,30.4443611111111,73.9751027777778
1,30.4446277777778,73.9749305555556
1,30.4449111111111,73.9745472222222
1,30.4448361111111,73.9740555555556
1,30.44455,73.9732916666667
1,30.4442277777778,73.9730694444444
1,30.4437638888889,73.972625
1,30.4420972222222,73.9719083333333
1,30.4413694444444,73.9713527777778
1,30.4408527777778,73.9705055555556
1,30.4403888888889,73.9694777777778
1,30.4403555555556,73.9677638888889
1,30.4406055555556,73.9661944444445
1,30.4407416666667,73.9648388888889
1,30.4408388888889,73.963325
1,30.4411472222222,73.9611722222222
1,30.4403138888889,73.9594861111111
1,30.4392222222222,73.9564361111111
1,30.4382944444444,73.9541027777778
1,30.4373194444444,73.9518666666667
1,30.4370083333333,73.9505833333333
1,30.4368666666667,73.9491111111111
1,30.436675,73.9432777777778
1,30.4365333333333,73.9407361111111
1,30.4364861111111,73.9381666666667
1,30.4376527777778,73.9335194444444
1,30.4389916666667,73.9276583333333
1,30.4411444444444,73.9316166666667
1,30.4451194444444,73.9386805555556
1,30.4475194444444,73.9388527777778
1,30.4493666666667,73.9388333333333
1,30.4521444444444,73.9388888888889
1,30.4564861111111,73.9356944444444
1,30.4635083333333,73.93095
1,30.4659472222222,73.929125
1,30.4672222222222,73.9330833333333
1,30.4719638888889,73.9327416666667
1,30.4763388888889,73.9323611111111
1,30.4793666666667,73.9329722222222
1,30.4841055555556,73.9339222222222
1,30.4863527777778,73.9345138888889
1,30.4904638888889,73.9355833333333
1,30.4895638888889,73.9372138888889
1,30.4874388888889,73.9408333333333
1,30.4862777777778,73.9429305555555
1,30.4855722222222,73.9441444444444
1,30.4845833333333,73.9465833333333
1,30.4839916666667,73.9489222222222
1,30.4819361111111,73.9485194444444
1,30.4772944444444,73.9482222222222
1,30.4744361111111,73.9480055555556
1,30.4683083333333,73.9471305555556
1,30.468325,73.9488666666667
1,30.4639861111111,73.9481583333333
1,30.4632638888889,73.94925
1,30.4621444444444,73.9505138888889
1,30.4609611111111,73.9513611111111
1,30.4600638888889,73.9513388888889
1,30.4597222222222,73.9525611111111
1,30.4590361111111,73.95395
1,30.4583333333333,73.9553611111111
1,30.4577638888889,73.9575472222222
1,30.457075,73.9613333333333
1,30.4565444444444,73.9652916666667
1,30.4601972222222,73.9656388888889
1,30.4625777777778,73.9662638888889
1,30.4647277777778,73.9672361111111
1,30.4686138888889,73.9688333333333
1,30.4713361111111,73.969575
1,30.4743805555556,73.9706583333333
1,30.4748944444444,73.9709305555556
1,30.4784722222222,73.970875
1,30.4850583333333,73.9646861111111
1,30.4868666666667,73.9673888888889
1,30.4887916666667,73.9699361111111
1,30.4898361111111,73.9713472222222
1,30.4916055555556,73.9736861111111
1,30.4935472222222,73.9762
1,30.4946888888889,73.977325
1,30.4960277777778,73.978125
1,30.5004027777778,73.9808055555555
1,30.504,73.9828666666667
1,30.5064527777778,73.9852833333333
1,30.5103555555556,73.9895055555556
1,30.5126416666667,73.9920416666667
1,30.514375,73.9939222222222
1,30.5143944444444,73.9991944444444
1,30.5142972222222,74.0040888888889
1,30.5142972222222,74.0105416666667
1,30.5141666666667,74.01675
1,30.5141666666667,74.0205555555556
1,30.5178944444444,74.0157555555556
1,30.5188833333333,74.0145416666667
1,30.5203333333333,74.012825
1,30.5211527777778,74.0117
1,30.5228638888889,74.0117972222222
1,30.5274888888889,74.0121583333333
1,30.5312,74.0124444444444
1,30.5337694444444,74.012575
1,30.5316583333333,74.0155472222222
1,30.5277944444444,74.022
1,30.5261,74.0244916666667
1,30.5265972222222,74.0283055555555
1,30.5268805555556,74.0318611111111
1,30.5302861111111,74.0364722222222
1,30.5318277777778,74.0385416666667
1,30.5360361111111,74.0391527777778
1,30.5403944444444,74.0396111111111
1,30.5427388888889,74.0397972222222
1,30.541575,74.0431111111111
1,30.5407555555556,74.0454361111111
1,30.5401111111111,74.0474305555556
1,30.5396527777778,74.0485972222222
1,30.5373,74.0505194444444
1,30.5351805555556,74.0515611111111
1,30.5321305555556,74.0521722222222
1,30.5293666666667,74.0517833333333
1,30.5271666666667,74.0521527777778
1,30.5246166666667,74.0533611111111
1,30.5222861111111,74.0547138888889
1,30.5187416666667,74.0578055555555
1,35.5351305555556,73.7343944444444
1,35.5391138888889,73.7296305555555
1,35.5440416666667,73.7289222222222
1,35.5482666666667,73.7262694444444
1,35.5500361111111,73.7245972222222
1,35.5519472222222,73.7193194444444
1,35.551125,73.7121805555555
1,35.5492416666667,73.7069916666667
1,35.5481166666667,73.696325
1,35.5491722222222,73.6754027777778
1,35.5496888888889,73.6712277777778
1,35.5509638888889,73.6687
1,35.5513972222222,73.6675972222222
1,35.5537444444444,73.6614916666667
1,35.5553194444444,73.6600611111111
1,35.5567777777778,73.6547916666667
1,35.5603111111111,73.6511027777778
1,35.5607416666667,73.6497277777778
1,35.5631555555556,73.6468805555556
1,35.5659888888889,73.6420972222222
1,35.5675222222222,73.6412277777778
1,35.5677305555556,73.6401111111111
1,35.5679388888889,73.6390138888889
1,35.5692916666667,73.6378805555556
1,35.5703111111111,73.6339861111111
1,35.5697583333333,73.6282222222222
1,35.5704055555556,73.6273944444444
1,35.5694305555556,73.6232833333333
1,35.563475,73.618
1,35.5623,73.6149861111111
1,35.5615916666667,73.6141722222222
1,35.561325,73.612
1,35.5612944444444,73.6106305555555
1,35.5598805555556,73.6073472222222
1,35.5593777777778,73.6051305555555
1,35.5582638888889,73.5939583333333
1,35.5575277777778,73.591625
1,35.5567388888889,73.5861805555556
1,35.5550972222222,73.5795416666667
1,35.5550583333333,73.577625
1,35.5532972222222,73.5696305555555
1,35.5532861111111,73.5633472222222
1,35.5541444444444,73.5563805555555
1,35.5574111111111,73.5518611111111
1,35.5614222222222,73.5487083333333
1,35.5618277777778,73.5476111111111
1,35.5642583333333,73.5442277777778
1,35.5648333333333,73.5411861111111
1,35.5659527777778,73.5397777777778
1,35.5668472222222,73.5386305555556
1,35.5682944444444,73.5336166666667
1,35.5696027777778,73.5305833333333
1,35.56945,73.5228666666667
1,35.568725,73.5209638888889
1,35.5660277777778,73.5165
1,35.5645138888889,73.51395
1,35.5638916666667,73.5051861111111
1,35.5649222222222,73.5007083333333
1,35.568225,73.4964916666667
1,35.56905,73.4937083333333
1,35.569975,73.4927222222222
1,35.5719361111111,73.4905888888889
1,35.5725444444444,73.4877972222222
1,35.5751444444444,73.4841583333333
1,35.5757527777778,73.4802833333333
1,35.5752694444444,73.4759916666667
1,35.5748111111111,73.4746944444444
1,35.5737083333333,73.4676861111111
1,35.5720027777778,73.4617083333333
1,35.5711027777778,73.4557277777778
1,35.5704055555556,73.45295
1,35.5697833333333,73.4471305555556
1,35.5696333333333,73.4377694444444
1,35.5682583333333,73.4235555555556
1,35.5682,73.4205472222222
1,35.565825,73.4142972222222
1,35.5658055555556,73.4131861111111
1,35.5641666666667,73.4105055555556
1,35.5625722222222,73.4094638888889
1,35.5627694444444,73.4083666666667
1,35.5624805555556,73.4053527777778
1,35.563125,73.4034083333333
1,35.5646583333333,73.4013944444444
1,35.5804888888889,73.3888472222222
1,35.5838333333333,73.3859861111111
1,35.5864944444444,73.3831583333333
1,35.5925222222222,73.3776444444444
1,35.5934083333333,73.3773333333333
1,35.6026666666667,73.3682138888889
1,35.6026333333333,73.3670888888889
1,35.6039583333333,73.3659638888889
1,35.6051555555556,73.3587638888889
1,35.60685,73.3545972222222
1,35.6076138888889,73.3476805555556
1,35.6095,73.3418333333333
1,35.6097833333333,73.333825
1,35.6098666666667,73.3313888888889
1,35.6107555555556,73.3278666666667
1,35.6114527777778,73.326325
1,35.6116111111111,73.3238611111111
1,35.6130444444444,73.3174583333333
1,35.613925,73.3157777777778
1,35.6140583333333,73.3125
1,35.6153611111111,73.31025
1,35.6155555555556,73.3086027777778
1,35.6165777777778,73.3044305555556
1,35.6174333333333,73.3027416666667
1,35.6180972222222,73.3016305555555
1,35.6184916666667,73.2985611111111
1,35.6193555555556,73.29745
1,35.6223388888889,73.2904638888889
1,35.6231416666667,73.2854861111111
1,35.6242444444444,73.2837916666667
1,35.6244194444444,73.281325
1,35.6255055555556,73.2796111111111
1,35.6263083333333,73.2757277777778
1,35.6280222222222,73.2723611111111
1,35.6282277777778,73.2712638888889
1,35.6352361111111,73.2616527777778
1,35.6394083333333,73.2579222222222
1,35.6407111111111,73.254575
1,35.6420277777778,73.2531583333333
1,35.6453222222222,73.2491861111111
1,35.6461722222222,73.2475
1,35.6485583333333,73.2436388888889
1,35.6494333333333,73.2427972222222
1,35.6498638888889,73.2416666666667
1,35.6507305555556,73.2404583333333
1,35.6518277777778,73.2395833333333
1,35.6599944444444,73.2296111111111
1,35.6621416666667,73.2276666666667
1,35.6677972222222,73.2217361111111
1,35.6685305555555,73.2208388888889
1,35.6691527777778,73.2188805555556
1,35.6735472222222,73.2140611111111
1,35.6743944444444,73.2120972222222
1,35.6753916666667,73.2065472222222
1,35.6766861111111,73.2040055555556
1,35.6773194444444,73.2018944444444
1,35.6788333333333,73.1990888888889
1,35.6810138888889,73.195325
1,35.6818888888889,73.19445
1,35.6848361111111,73.1863666666667
1,35.6856944444444,73.1849638888889
1,35.6922916666667,73.177575
1,35.6946472222222,73.1725277777778
1,35.6955166666667,73.1702833333333
1,35.7005361111111,73.1637555555556
1,35.7009444444444,73.1618333333333
1,35.7051111111111,73.1570138888889
1,35.7068555555556,73.1544583333333
1,35.7079388888889,73.1527777777778
1,35.7085611111111,73.1508111111111
1,35.7092,73.1488666666667
1,35.7135777777778,73.1431861111111
1,35.7139777777778,73.1420555555556
1,35.7170444444444,73.137825
1,35.7174666666667,73.1364444444445
1,35.7176555555556,73.1347833333333
1,35.7219055555556,73.1335138888889
1,35.7228194444444,73.1337555555556
1,35.7239194444444,73.1328805555556
1,35.7335833333333,73.1325555555556
1,35.7369361111111,73.1313472222222
1,35.7463111111111,73.1327972222222
1,35.7662555555556,73.1357694444444
1,35.7738888888889,73.1347361111111
1,35.77785,73.1341805555556
1,35.7839527777778,73.1335055555556
1,35.7857722222222,73.1340055555556
1,35.7922833333333,73.1342694444445
1,35.7995333333333,73.1365277777778
1,35.8093527777778,73.1433472222222
1,35.81775,73.1441861111111
1,35.8278416666667,73.1451444444445
1,35.8316972222222,73.1466666666667
1,35.8352527777778,73.1515472222222
1,35.8361722222222,73.1529444444445
1,35.8401416666667,73.1527138888889
1,35.8410305555556,73.1515611111111
1,35.841225,73.1499027777778
1,35.8424611111111,73.1448666666667
1,35.8437416666667,73.1420833333333
1,35.651,78.2283527777778
1,35.6503277777778,78.2297083333333
1,35.6498666666667,78.2308055555555
1,35.6478055555556,78.2349222222222
1,35.64645,78.2392972222222
1,35.6464361111111,78.2406805555556
1,35.6445777777778,78.2483666666667
1,35.643675,78.2500194444444
1,35.6441055555556,78.2536027777778
1,35.64725,78.255
1,35.6497416666667,78.2549916666667
1,35.6530777777778,78.2556027777778
1,35.6568972222222,78.2578527777778
1,35.657625,78.2585194444444
1,35.6580916666667,78.2598194444444
1,35.6599944444444,78.2620055555555
1,35.6617777777778,78.2661388888889
1,35.6619666666667,78.2675138888889
1,35.6635333333333,78.2691722222222
1,35.6673638888889,78.2706027777778
1,35.6748111111111,78.2675888888889
1,35.6766138888889,78.266825
1,35.6867166666667,78.2699305555556
1,35.6913555555556,78.269
1,35.6957111111111,78.2675194444444
1,35.7015472222222,78.2695055555556
1,35.7037861111111,78.2691027777778
1,35.7065,78.2670833333333
1,35.709425,78.2659861111111
1,35.715925,78.2677222222222
1,35.72055,78.2727694444444
1,35.7219027777778,78.2752416666667
1,35.7230583333333,78.279625
1,35.7238416666667,78.2818055555556
1,35.724125,78.2878888888889
1,35.7229777777778,78.29145
1,35.7220555555556,78.2927833333333
1,35.721125,78.2947138888889
1,35.7197444444444,78.3018666666667
1,35.7191805555556,78.3170194444444
1,35.7187166666667,78.3181388888889
1,35.7190277777778,78.3373888888889
1,35.7210416666667,78.3399027777778
1,35.7212555555556,78.3415555555556
1,35.72145,78.3434916666667
1,35.7223555555556,78.3446111111111
1,35.72255,78.3487277777778
1,35.7256555555556,78.3559222222222
1,35.7262944444444,78.3589166666667
1,35.7265138888889,78.3600138888889
1,35.7275833333333,78.3658388888889
1,35.7289388888889,78.3675055555556
1,35.7299527777778,78.3703111111111
1,35.7315611111111,78.3774444444444
1,35.7326694444444,78.3796666666667
1,35.7337583333333,78.3832555555556
1,35.7346277777778,78.3851944444445
1,35.7350777777778,78.386575
1,35.7368611111111,78.389075
1,35.7408833333333,78.391325
1,35.7433277777778,78.3946583333333
1,35.7446611111111,78.3960416666667
1,35.7547694444444,78.3983472222222
1,35.7596805555556,78.4030611111111
1,35.7599027777778,78.4041583333333
1,35.760125,78.4052777777778
1,35.7643277777778,78.4111166666667
1,35.7777944444444,78.4148388888889
1,35.7804527777778,78.4164916666667
1,35.780675,78.4176111111111
1,35.7806583333333,78.4189777777778
1,35.7820027777778,78.4195555555556
1,35.7837944444444,78.42175
1,35.7839166666667,78.4234027777778
1,35.7834638888889,78.4258666666667
1,35.7828222222222,78.4344222222222
1,35.7816666666667,78.4363666666667
1,35.7807111111111,78.4407638888889
1,35.7793805555556,78.4421166666667
1,35.7791277777778,78.4446111111111
1,35.7777444444444,78.4465277777778
1,35.7768388888889,78.4514444444444
1,35.7754388888889,78.4547555555556
1,35.7745222222222,78.4552833333333
1,35.7739805555556,78.4568805555556
1,35.7739722222222,78.4585194444444
1,35.7731444444444,78.4621583333333
1,35.7726722222222,78.4632777777778
1,35.7722916666667,78.4710472222222
1,35.7724111111111,78.4760333333333
1,35.7718777777778,78.4799166666667
1,35.7719333333333,78.4870555555556
1,35.7709805555556,78.5048472222222
1,35.7711611111111,78.5076027777778
1,35.7691583333333,78.5122
1,35.7646305555556,78.5160972222222
1,35.7622416666667,78.5197972222222
1,35.7650888888889,78.5232416666667
1,35.7738833333333,78.5338333333333
1,29.5693555555556,80.3860333333333
1,29.5689444444444,80.3842972222222
1,29.5670833333333,80.3802361111111
1,29.565725,80.3793194444444
1,29.5617972222222,80.3748805555555
1,29.5612,80.3737777777778
1,29.5603083333333,80.3723611111111
1,29.5580583333333,80.3654166666667
1,29.5512555555556,80.3566527777778
1,29.549,80.34995
1,29.5458361111111,80.3479083333333
1,29.5395194444444,80.3484222222222
1,29.5358888888889,80.3470138888889
1,29.5347388888889,80.3474083333333
1,29.5309083333333,80.3554083333333
1,29.5297944444444,80.3563055555556
1,29.5256055555556,80.3562083333333
1,29.5253611111111,80.3562083333333
1,29.5236611111111,80.3559222222222
1,29.5184472222222,80.3538888888889
1,29.5168666666667,80.3532361111111
1,29.5150194444444,80.3520055555556
1,29.5133,80.3502833333333
1,29.5110472222222,80.346
1,29.5101305555556,80.3441111111111
1,29.5087722222222,80.3392083333333
1,29.508125,80.3358888888889
1,29.5062694444444,80.3330138888889
1,29.5041583333333,80.3305277777778
1,29.5008472222222,80.326575
1,29.4994916666667,80.32595
1,29.4965472222222,80.3235194444444
1,29.4958138888889,80.3226666666667
1,29.493475,80.3196027777778
1,29.4922027777778,80.3181388888889
1,29.4913611111111,80.3170694444444
1,29.485475,80.3139861111111
1,29.4791416666667,80.3145277777778
1,29.4786583333333,80.3131388888889
1,29.4792027777778,80.3109444444444
1,29.4808555555556,80.3079305555555
1,29.4850083333333,80.3062361111111
1,29.4854638888889,80.3052138888889
1,29.4852305555556,80.3023888888889
1,29.4843416666667,80.3012416666667
1,29.4813944444444,80.2998055555556
1,29.4743888888889,80.2964722222222
1,29.4698416666667,80.29175
1,29.4678416666667,80.2905694444444
1,29.4653388888889,80.2913611111111
1,29.4596333333333,80.2993944444444
1,29.4585833333333,80.3002555555556
1,29.4526111111111,80.302075
1,29.4515777777778,80.302375
1,29.4495333333333,80.3019777777778
1,29.4468222222222,80.2986111111111
1,29.4488555555556,80.2926861111111
1,29.4479444444444,80.288575
1,29.4461444444444,80.2865194444445
1,29.4477694444444,80.2834305555556
1,29.4486194444444,80.2826305555556
1,29.4495166666667,80.2824027777778
1,29.4528194444444,80.281075
1,29.4535777777778,80.2801666666667
1,29.4551611111111,80.2801527777778
1,29.4558277777778,80.2790055555556
1,29.4547138888889,80.2742361111111
1,29.4503972222222,80.2715555555556
1,29.4488333333333,80.2689722222222
1,29.4486027777778,80.2679444444445
1,29.4490555555556,80.2615055555556
1,29.4485916666667,80.2586861111111
1,29.4449611111111,80.2540555555556
1,29.4445,80.2519583333333
1,29.4454111111111,80.2491305555556
1,29.4442666666667,80.2455472222222
1,29.4394944444444,80.2449027777778
1,29.4381722222222,80.2447833333333
1,29.4359027777778,80.2447833333333
1,29.4313777777778,80.2456166666667
1,29.4290444444444,80.2467277777778
1,30.8704111111111,74.3659444444444
1,30.8738333333333,74.3616305555555
1,30.8771027777778,74.362075
1,30.8812666666667,74.3654916666667
1,30.8846888888889,74.3671305555555
1,30.8890027777778,74.3668333333333
1,30.8934638888889,74.3663888888889
1,30.8952444444444,74.3721861111111
1,30.895175,74.3743611111111
1,30.895175,74.3804305555555
1,30.8955333333333,74.3834083333333
1,30.9019583333333,74.3900694444444
1,30.9038611111111,74.3928055555556
1,30.9092138888889,74.3975611111111
1,30.9086194444444,74.4073194444445
1,30.9088555555556,74.4119583333333
1,30.9080277777778,74.4171944444444
1,30.9079055555556,74.42445
1,30.9123083333333,74.42445
1,30.9171861111111,74.4240972222222
1,30.9188944444444,74.4191805555556
1,30.9194888888889,74.411
1,30.9227583333333,74.4112972222222
1,30.9194888888889,74.4248333333333
1,30.9267777777778,74.4264722222222
1,30.9303416666667,74.4298888888889
1,30.9285583333333,74.4230472222222
1,30.9293055555556,74.414125
1,30.9348055555556,74.4166527777778
1,30.9398638888889,74.4185888888889
1,30.94095,74.4242972222222
1,30.94135,74.4423805555556
1,30.9474472222222,74.4426805555556
1,30.9510166666667,74.4435694444444
1,30.9505694444444,74.4557638888889
1,30.9556277777778,74.4529444444445
1,30.9560722222222,74.4679583333333
1,30.9632111111111,74.4584444444445
1,30.967225,74.4630555555556
1,30.9679722222222,74.4681111111111
1,30.9705,74.4743527777778
1,30.9742138888889,74.4801583333333
1,30.97005,74.4828333333333
1,30.9734722222222,74.4938388888889
1,30.9630611111111,74.4990416666667
1,30.9657388888889,74.5078194444444
1,30.9688611111111,74.5100472222222
1,30.9708527777778,74.511375
1,30.979125,74.5164444444444
1,30.9818527777778,74.5205555555556
1,30.9853694444444,74.5275972222222
1,30.98775,74.53875
1,30.9895333333333,74.5447
1,30.9947388888889,74.5383055555556
1,30.9996444444444,74.5411305555556
1,30.9991055555556,74.55025
1,31.0020694444444,74.5487833333333
1,31.0026583333333,74.5479305555556
1,31.0039055555556,74.5467833333333
1,31.0068388888889,74.5453388888889
1,31.0110833333333,74.5435472222222
1,31.0144805555556,74.5435555555556
1,31.0160638888889,74.546125
1,31.0309888888889,74.5484361111111
1,31.0341333333333,74.5510472222222
1,31.0379861111111,74.5565555555556
1,31.0425138888889,74.5601944444444
1,31.0445305555556,74.5633611111111
1,31.0458416666667,74.5637083333333
1,31.0515361111111,74.56345
1,31.0526833333333,74.5641111111111
1,31.0536472222222,74.5696805555555
1,31.0567527777778,74.5816583333333
1,31.0572083333333,74.5866666666667
1,31.0567527777778,74.5903388888889
1,31.0538111111111,74.5950611111111
1,31.0420611111111,74.5982083333333
1,31.0398138888889,74.6044916666667
1,31.0438694444444,74.6131444444444
1,31.0444472222222,74.6159638888889
1,31.0453194444444,74.62495
1,31.0461416666667,74.6330611111111
1,31.0520138888889,74.6440888888889
1,31.0522388888889,74.6529861111111
1,31.0520083333333,74.6566527777778
1,31.0522388888889,74.6595277777778
1,31.0535611111111,74.6666166666667
1,31.0578333333333,74.6772083333333
1,31.0605777777778,74.6828611111111
1,31.0625972222222,74.6844305555556
1,31.0657666666667,74.6888805555556
1,31.0711805555556,74.6938527777778
1,31.0754666666667,74.6957138888889
1,31.0789805555556,74.6956111111111
1,31.0803666666667,74.6948666666667
1,31.0854166666667,74.6949166666667
1,31.0885777777778,74.697
1,31.0910555555556,74.7017138888889
1,31.094425,74.7051527777778
1,36.1494361111111,72.5723388888889
1,36.1536555555556,72.5696666666667
1,36.1540555555556,72.5685472222222
1,36.1569527777778,72.5667416666667
1,36.1636027777778,72.5643944444444
1,36.1682805555556,72.5626805555556
1,36.1711527777778,72.5607277777778
1,36.1742083333333,72.5572
1,36.1750055555556,72.5538333333333
1,36.1758638888889,72.5524166666667
1,36.1796333333333,72.5500694444444
1,36.1837416666667,72.5520055555556
1,36.1901333333333,72.5565194444444
1,36.1951194444444,72.5588111111111
1,36.1971611111111,72.5592916666667
1,36.2038388888889,72.557325
1,36.2108611111111,72.5590055555556
1,36.2149777777778,72.5621527777778
1,36.2169722222222,72.5703611111111
1,36.2214111111111,72.5765694444444
1,36.2289916666667,72.5839583333333
1,36.2323638888889,72.58475
1,36.2404361111111,72.5854583333333
1,36.2497138888889,72.5870138888889
1,36.2606694444444,72.5937638888889
1,36.2627222222222,72.595625
1,36.2644333333333,72.5999916666667
1,36.2659333333333,72.60345
1,36.2689472222222,72.6105888888889
1,36.2694333333333,72.6119444444444
1,36.2701555555556,72.6132833333333
1,36.2702222222222,72.6160472222222
1,36.2711555555556,72.6176722222222
1,36.2716111111111,72.6187777777778
1,36.2728555555556,72.6228611111111
1,36.2738361111111,72.625325
1,36.2751277777778,72.6332833333333
1,36.2749527777778,72.6352361111111
1,36.2739333333333,72.6383388888889
1,36.2724777777778,72.64
1,36.2720916666667,72.6412361111111
1,36.2704722222222,72.6436527777778
1,36.2694027777778,72.6455611111111
1,36.2665027777778,72.6555194444445
1,36.2656194444444,72.6566861111111
1,36.2636972222222,72.6600833333333
1,36.2633055555556,72.6614722222222
1,36.2624305555556,72.6629222222222
1,36.2626972222222,72.6690972222222
1,36.2628638888889,72.6711722222222
1,36.2622166666667,72.6728611111111
1,36.2621277777778,72.6783944444445
1,36.2612916666667,72.6804027777778
1,36.2535555555556,72.684575
1,36.2513777777778,72.6871305555556
1,36.2502583333333,72.6877416666667
1,36.2489583333333,72.68945
1,36.2482944444444,72.690325
1,36.2485722222222,72.6925
1,36.2515416666667,72.6943611111111
1,36.2526583333333,72.6945888888889
1,36.2578194444444,72.693825
1,36.2602527777778,72.6925888888889
1,36.2612305555556,72.6917416666667
1,36.2652944444444,72.6879777777778
1,36.2670722222222,72.6870888888889
1,36.269,72.6876305555556
1,36.274125,72.6909166666667
1,36.2748277777778,72.6920138888889
1,36.2750916666667,72.6933805555556
1,36.2762666666667,72.6966805555556
1,36.2775222222222,72.7001444444444
1,36.2784666666667,72.7014777777778
1,36.2795638888889,72.7117638888889
1,36.2805166666667,72.7133888888889
1,36.2801333333333,72.7161861111111
1,36.2813333333333,72.7186111111111
1,36.2825416666667,72.7221666666667
1,36.2890194444444,72.7296527777778
1,36.2947416666667,72.7352416666667
1,36.2979888888889,72.7392777777778
1,36.2997166666667,72.74475
1,35.86975,79.539
1,35.8684472222222,79.5403944444444
1,35.8667444444444,79.5441722222222
1,35.8656055555556,79.5455277777778
1,35.8630583333333,79.5515555555556
1,35.8621138888889,79.5540277777778
1,35.861425,79.5556666666667
1,35.860225,79.5592277777778
1,35.8596888888889,79.5601444444444
1,35.8590555555556,79.5630416666667
1,35.8573888888889,79.5696527777778
1,35.8573611111111,79.5715611111111
1,35.8559388888889,79.5748611111111
1,35.8554027777778,79.5834027777778
1,35.8546694444444,79.5850416666667
1,35.8537944444444,79.5886388888889
1,35.850925,79.5957222222222
1,35.8490194444445,79.6042222222222
1,35.8487638888889,79.6064027777778
1,35.8464166666667,79.6135333333333
1,35.8461194444444,79.6182361111111
1,35.8441194444444,79.6218666666667
1,35.8427777777778,79.6276027777778
1,35.8422111111111,79.6308194444444
1,35.8412666666667,79.6327222222222
1,35.8407027777778,79.6338388888889
1,35.8397305555556,79.6390555555556
1,35.8385472222222,79.6417833333334
1,35.83785,79.6428527777778
1,35.83755,79.6492138888889
1,35.8352138888889,79.6538666666667
1,35.8347416666667,79.6563194444444
1,35.8337416666667,79.6640333333333
1,35.8316138888889,79.6683888888889
1,35.8301944444445,79.6749638888889
1,35.8294916666667,79.6757916666667
1,35.8283527777778,79.6774166666667
1,35.8271666666667,79.6820472222222
1,35.8253333333333,79.6853388888889
1,35.8233611111111,79.6946805555555
1,35.8198805555556,79.7014722222222
1,35.8179611111111,79.7105333333333
1,35.8158972222222,79.7137972222222
1,35.8156527777778,79.7148888888889
1,35.8097694444444,79.717
1,35.8092944444444,79.7183611111111
1,35.8092694444444,79.7200138888889
1,35.8063277777778,79.7213527777778
1,35.8045138888889,79.7235
1,35.8036472222222,79.7260333333333
1,35.8018638888889,79.7339222222222
1,35.8004777777778,79.7360694444444
1,35.7987916666667,79.744575
1,35.7986722222222,79.7525833333333
1,35.7976833333333,79.7569583333333
1,35.7979305555556,79.7600416666667
1,35.7980638888889,79.76195
1,35.7978194444444,79.7630333333333
1,35.7964888888889,79.7751583333333
1,35.7967972222222,79.7845277777778
1,35.7963111111111,79.7864166666667
1,35.7957583333333,79.7924861111111
1,35.7957166666667,79.7949722222222
1,35.7935972222222,79.8015333333333
1,35.7922805555556,79.8139361111111
1,35.7889805555556,79.8248388888889
1,35.7884805555556,79.830125
1,35.7878805555556,79.8361305555556
1,35.7864611111111,79.8396944444444
1,35.7859222222222,79.8457138888889
1,35.78375,79.8545194444444
1,35.7831611111111,79.8624916666667
1,35.7813,79.8674083333333
1,35.7815,79.869625
1,35.7834333333333,79.8740888888889
1,35.7838666666667,79.8751861111111
1,35.7889333333333,79.8810972222222
1,35.7950472222222,79.8869583333333
1,35.7962027777778,79.8887972222222
1,35.8055333333333,79.8980277777778
1,35.8116583333333,79.9045833333333
1,35.8157,79.9087083333333
1,35.8156861111111,79.9098333333333
1,35.8178777777778,79.9123388888889
1,35.8180861111111,79.9139916666667
1,35.8207222222222,79.9170833333333
1,35.8233916666667,79.9230555555556
1,35.8236333333333,79.9245694444444
1,35.8259194444444,79.9285194444444
1,35.8276138888889,79.934075
1,35.8287361111111,79.9352
1,35.8295722222222,79.9382694444445
1,35.8297777777778,79.9396444444445
1,35.8309055555556,79.9407638888889
1,35.8323361111111,79.9453111111111
1,35.8332277777778,79.9479861111111
1,35.8338944444444,79.9488111111111
1,35.8345305555556,79.9516111111111
1,35.8356388888889,79.95245
1,35.8362722222222,79.9543944444444
1,35.8373333333333,79.9588111111111
1,35.8391444444444,79.9707277777778
1,35.8388916666667,79.9853611111111
1,35.8388666666667,79.9870055555556
1,35.8362222222222,79.9977083333333
1,35.8327694444444,80.0017638888889
1,35.8299805555556,80.0071944444444
1,35.8297277777778,80.0085888888889
1,35.8256472222222,80.0126111111111
1,35.8224333333333,80.0161111111111
1,35.810925,80.0260972222222
1,35.8044083333333,80.0310333333333
1,35.8032638888889,80.0321861111111
1,35.7982361111111,80.0367694444444
1,35.794625,80.0380555555556
1,35.7851138888889,80.0425
1,35.78375,80.0435972222222
1,35.7762777777778,80.0461527777778
1,35.7737944444444,80.0469305555556
1,35.7710861111111,80.0482694444444
1,35.7670833333333,80.0498472222222
1,35.7638777777778,80.0513111111111
1,35.7513472222222,80.0560194444444
1,35.7484055555556,80.0567638888889
1,35.7438638888889,80.0608055555555
1,35.7428944444444,80.0635416666667
1,35.7415277777778,80.0648805555555
1,35.7397027777778,80.0676166666667
1,35.7392416666667,80.0689722222222
1,35.7355777777778,80.0721527777778
1,35.7344027777778,80.0737833333333
1,35.7337277777778,80.0746027777778
1,35.7321055555556,80.0770555555555
1,35.7316277777778,80.0784222222222
1,35.7291166666667,80.0808472222222
1,35.72705,80.0827222222222
1,35.7261333333333,80.084325
1,35.7231583333333,80.0870194444444
1,35.7206722222222,80.0883333333333
1,35.7107305555556,80.0908388888889
1,35.7011972222222,80.0950194444444
1,35.6962083333333,80.0984777777778
1,35.6894861111111,80.1010972222222
1,35.6855611111111,80.1018111111111
1,35.681475,80.1047222222222
1,35.6793972222222,80.1066305555556
1,35.6784777777778,80.1096027777778
1,35.6768527777778,80.1109638888889
1,35.6766055555556,80.1120833333333
1,35.6761305555556,80.1131583333333
1,35.6754583333333,80.11395
1,35.6747027777778,80.1191583333333
1,35.6726194444444,80.1229777777778
1,35.6706388888889,80.1317277777778
1,35.6689638888889,80.1382972222222
1,35.6682638888889,80.1393666666667
1,35.6675555555556,80.1404722222222
1,35.6670194444444,80.1448805555556
1,35.6661305555556,80.1459222222222
1,35.665125,80.1511527777778
1,35.6639305555556,80.1538611111111
1,35.6629583333333,80.1587972222222
1,35.6610055555556,80.1667416666667
1,35.6609722222222,80.1683944444444
1,35.6588777777778,80.1730055555556
1,35.6573666666667,80.1817833333333
1,35.6557444444444,80.1847638888889
1,35.6557083333333,80.1864083333333
1,35.6556805555555,80.1880611111111
1,35.6551472222222,80.1897638888889
1,35.6543555555556,80.1915055555556
1,35.6535916666667,80.1924305555556
1,35.6529222222222,80.1952972222222
1,35.6524333333333,80.1969361111111
1,35.6516111111111,80.2006305555555
1,35.6483694444444,80.2068666666667
1,35.6473472222222,80.2140055555556
1,35.6466388888889,80.215075
1,35.6459305555556,80.2161805555556
1,35.64495,80.2225
1,35.6442361111111,80.2238527777778
1,35.6435361111111,80.2249222222222
1,27.4342,83.2040277777778
1,27.4310444444444,83.20575
1,27.424675,83.2085
1,27.4202527777778,83.2122972222222
1,27.4188722222222,83.2127972222222
1,27.4168333333333,83.2139638888889
1,27.4156694444444,83.2144444444445
1,27.4096527777778,83.2226527777778
1,27.40015,83.2451805555556
1,27.3877333333333,83.2595416666667
1,27.3862888888889,83.2607638888889
1,27.3790777777778,83.2709444444444
1,27.3721666666667,83.2711111111111
1,27.3646416666667,83.2685833333333
1,27.3599194444444,83.2684638888889
1,27.3545472222222,83.2703944444444
1,27.3519388888889,83.2713055555556
1,27.3483222222222,83.2752222222222
1,27.3461805555556,83.2767
1,27.3450333333333,83.2777083333333
1,27.3427027777778,83.2817083333333
1,27.3357388888889,83.2916527777778
1,27.3331444444444,83.2953611111111
1,27.3316694444444,83.3013527777778
1,27.3276277777778,83.3103666666667
1,27.3308166666667,83.3178888888889
1,27.3308444444444,83.3190555555556
1,27.3316277777778,83.3253805555556
1,27.3308611111111,83.3291722222222
1,27.3317361111111,83.3311861111111
1,27.3309611111111,83.3354583333333
1,27.3313944444444,83.3364916666667
1,27.3319916666667,83.3397972222222
1,27.3384222222222,83.3561305555556
1,27.3425777777778,83.3622972222222
1,27.3470333333333,83.3657
1,27.3497194444444,83.366375
1,27.3534555555556,83.3721722222222
1,27.3548777777778,83.3721583333333
1,27.3568277777778,83.3721388888889
1,27.3617888888889,83.3723888888889
1,27.3638138888889,83.3729222222222
1,27.365775,83.3757777777778
1,27.3682527777778,83.3855
1,27.369725,83.3873055555556
1,27.3711472222222,83.3896805555556
1,27.3821944444444,83.3906027777778
1,27.3873138888889,83.3935138888889
1,27.3970222222222,83.4043888888889
1,27.4078555555556,83.4054166666667
1,27.4101055555556,83.4052416666667
1,27.4134472222222,83.4038388888889
1,27.4149305555556,83.4021583333333
1,27.4195916666667,83.3967
1,27.421175,83.3954027777778
1,27.423075,83.3925194444445
1,27.424225,83.3912972222222
1,27.4249138888889,83.3901805555556
1,27.4269527777778,83.3894916666667
1,27.433175,83.3902083333333
1,27.4366194444444,83.3914861111111
1,27.4390555555556,83.393325
1,27.4445833333333,83.3998111111111
1,27.4463777777778,83.4007277777778
1,27.4525916666667,83.4053055555556
1,27.4548444444444,83.4053666666667
1,27.45825,83.4046805555556
1,27.4602111111111,83.4020555555556
1,27.4612388888889,83.3990472222222
1,27.4619722222222,83.3972972222222
1,27.4630138888889,83.3969361111111
1,27.4633861111111,83.3943055555556
1,27.4648222222222,83.3938527777778
1,27.4738916666667,83.3925694444445
1,27.4755277777778,83.3998388888889
1,27.4764305555556,83.4006305555556
1,27.4764666666667,83.4017638888889
1,27.4766555555556,83.4208666666667
1,27.4762833333333,83.4274361111111
1,27.4743777777778,83.4400138888889
1,27.4732944444444,83.4498472222222
1,27.4735972222222,83.45695
1,27.4732083333333,83.4621861111111
1,27.4720972222222,83.4770694444444
1,27.4698111111111,83.5221722222222
1,27.4696944444444,83.5333472222222
1,27.4696055555556,83.5416527777778
1,27.4684194444444,83.5694027777778
1,27.4687694444444,83.5722138888889
1,27.469225,83.5828388888889
1,27.4684805555556,83.6071444444444
1,27.4684055555556,83.6083666666667
1,27.4674027777778,83.612125
1,27.4588472222222,83.63175
1,27.4555583333333,83.6397
1,27.4523972222222,83.6476861111111
1,27.451375,83.6499722222222
1,27.4408333333333,83.6719305555556
1,27.4321666666667,83.6900694444444
1,27.4298555555556,83.6941027777778
1,27.4239083333333,83.7045055555556
1,27.4072444444444,83.740325
1,27.4057166666667,83.7436527777778
1,27.4015916666667,83.7503888888889
1,27.3960222222222,83.7661583333333
1,27.3891027777778,83.7808888888889
1,27.3841888888889,83.7953333333333
1,27.3822555555556,83.8003055555556
1,27.3746555555556,83.8181388888889
1,27.3734444444444,83.8218805555556
1,27.3646916666667,83.8380555555556
1,27.3533694444444,83.8524638888889
1,27.352,83.8530138888889
1,27.3497722222222,83.8558194444444
1,27.3488444444444,83.8573055555556
1,27.3474916666667,83.8582222222222
1,27.3453527777778,83.8612416666667
1,27.3442111111111,83.8628472222222
1,27.3433777777778,83.8650888888889
1,27.3470027777778,83.8678666666667
1,27.3511916666667,83.8702138888889
1,27.3551138888889,83.8732833333333
1,27.3584194444444,83.8773666666667
1,27.3603472222222,83.8791527777778
1,27.3631611111111,83.8805138888889
1,27.366175,83.8829861111111
1,27.3693555555556,83.8844444444445
1,27.3745055555556,83.8848527777778
1,27.3779055555556,83.8832777777778
1,27.3814833333333,83.8806861111111
1,27.3845055555556,83.8777
1,27.3871361111111,83.8729027777778
1,27.389225,83.8679083333333
1,27.3916916666667,83.8638194444444
1,27.3945444444444,83.8611444444444
1,27.3985777777778,83.8595555555555
1,27.4045694444444,83.8558055555555
1,27.4075888888889,83.8528194444444
1,27.4102222222222,83.8484222222222
1,27.4137583333333,83.8432
1,27.4169472222222,83.8392
1,27.4204055555556,83.8355972222222
1,27.4265972222222,83.83345
1,27.4310666666667,83.8363111111111
1,27.4355444444444,83.8399722222222
1,27.4402027777778,83.843825
1,27.4444388888889,83.8494083333333
1,27.4436194444444,83.8549916666667
1,27.4410611111111,83.8591722222222
1,27.4380611111111,83.8634777777778
1,27.4353333333333,83.8679777777778
1,27.4333277777778,83.872875
1,27.4333416666667,83.8796527777778
1,27.4351416666667,83.885575
1,27.4370194444444,83.8908055555556
1,27.4375555555556,83.89595
1,27.4381916666667,83.9027222222222
1,27.4377388888889,83.9082833333333
1,27.4383583333333,83.9139361111111
1,27.4402361111111,83.9189638888889
1,27.4436555555556,83.9247694444445
1,27.4462694444444,83.9304861111111
1,27.4473138888889,83.9345055555556
1,27.4453194444444,83.9399083333333
1,27.4442833333333,83.9426583333333
1,27.4428777777778,83.9456166666667
1,27.4395861111111,83.9488111111111
1,27.4397111111111,83.9513333333333
1,27.4401166666667,83.9541527777778
1,27.43935,83.9573055555556
1,27.4397583333333,83.9608388888889
1,27.441775,83.9627277777778
1,27.4429805555556,83.9654361111111
1,27.4438444444444,83.9691666666667
1,27.4427638888889,83.9688805555556
1,27.441625,83.9711166666667
1,31.1222583333333,74.5530138888889
1,31.1245083333333,74.5469722222222
1,31.1240277777778,74.5450055555556
1,31.12255,74.5407694444445
1,31.1213972222222,74.5389305555556
1,31.1218638888889,74.5370972222222
1,31.1247777777778,74.5358111111111
1,31.1266527777778,74.5348805555555
1,31.1290444444444,74.533825
1,31.1315694444444,74.5282361111111
1,31.1317444444444,74.5264722222222
1,31.1353416666667,74.5167916666667
1,31.1360361111111,74.5160138888889
1,31.1380583333333,74.5152083333333
1,31.1491166666667,74.5162222222222
1,31.1502444444444,74.5160888888889
1,31.1581194444444,74.5146388888889
1,31.1645861111111,74.5145138888889
1,31.1669777777778,74.5152777777778
1,31.1705777777778,74.5144722222222
1,31.1795305555556,74.5120055555555
1,31.1806555555556,74.512
1,31.1839194444444,74.5130055555556
1,31.1852777777778,74.5151166666667
1,31.1848333333333,74.5182361111111
1,31.1852777777778,74.5195694444444
1,31.1866305555556,74.5202083333333
1,31.1882138888889,74.5201944444444
1,31.1925055555556,74.5185194444444
1,31.1970222222222,74.5190138888889
1,31.2001972222222,74.5216444444444
1,31.2025777777778,74.522625
1,31.2089888888889,74.5253055555555
1,31.2171388888889,74.5246305555555
1,31.2179222222222,74.5237916666667
1,31.2225722222222,74.5216027777778
1,31.2309305555556,74.5221166666667
1,31.2363527777778,74.5245888888889
1,31.2413194444444,74.5304722222222
1,31.2471944444444,74.533075
1,31.2483194444444,74.5329444444445
1,31.2510277777778,74.5320333333333
1,31.2519472222222,74.5315194444444
1,31.2532666666667,74.5296527777778
1,31.25635,74.5284916666667
1,31.2630055555556,74.5267694444445
1,31.2659444444444,74.5254638888889
1,31.2677555555556,74.5225416666667
1,31.2720444444444,74.5220333333333
1,31.2752083333333,74.5237083333333
1,31.2772361111111,74.5272555555556
1,31.2835722222222,74.5293527777778
1,31.285175,74.5300972222222
1,31.2944083333333,74.5356305555555
1,31.2985,74.5414083333333
1,31.3021472222222,74.5428472222222
1,31.3048111111111,74.54295
1,31.3059333333333,74.5411305555556
1,31.3070833333333,74.5408611111111
1,31.3089611111111,74.53095
1,31.3097861111111,74.5290277777778
1,31.3111333333333,74.5283805555556
1,31.3147388888889,74.5288805555555
1,31.3149777777778,74.5307
1,31.3165416666667,74.5350833333333
1,31.3201944444444,74.5395055555556
1,31.3213138888889,74.5396305555555
1,31.3265,74.5387138888889
1,31.3303611111111,74.5398805555556
1,31.3319222222222,74.5489583333333
1,31.3335138888889,74.5513388888889
1,31.3373638888889,74.5510611111111
1,31.3412,74.5468333333333
1,31.3453777777778,74.5466722222222
1,31.3493222222222,74.5494361111111
1,31.3549916666667,74.5518388888889
1,31.3653694444444,74.5520611111111
1,31.3671861111111,74.5560055555555
1,31.3680583333333,74.5625833333333
1,31.3693944444444,74.5636722222222
1,31.3719222222222,74.5670277777778
1,31.3727944444444,74.5695416666667
1,31.3733,74.5746722222222
1,31.3745583333333,74.5766166666667
1,31.3775722222222,74.5812361111111
1,31.3823222222222,74.5864916666667
1,31.3854638888889,74.5879361111111
1,31.3863888888889,74.5883388888889
1,31.3967916666667,74.5883194444445
1,31.3981388888889,74.588825
1,31.4008472222222,74.5905333333333
1,31.4029166666667,74.5914722222222
1,31.405075,74.5926166666667
1,31.4076416666667,74.5938111111111
1,31.4090027777778,74.5960555555556
1,31.4103527777778,74.5957833333333
1,31.4126027777778,74.59525
1,31.4143916666667,74.5960277777778
1,31.4147361111111,74.5971444444445
1,31.4162027777778,74.6011722222222
1,31.0971583333333,74.7051444444444
1,31.1030166666667,74.7014722222222
1,31.1135138888889,74.7013472222222
1,31.1145361111111,74.7013388888889
1,31.116125,74.7006666666667
1,31.1184027777778,74.6969916666667
1,31.1193,74.6928055555556
1,31.1245305555556,74.6913666666667
1,31.1281111111111,74.6899083333333
1,31.128575,74.6888611111111
1,31.1297027777778,74.6880888888889
1,31.1295027777778,74.6796944444444
1,31.125875,74.6744444444444
1,31.1265694444444,74.6697277777778
1,31.1317361111111,74.6681527777778
1,31.1326472222222,74.6671166666667
1,31.1342388888889,74.6634444444445
1,31.1340027777778,74.6618611111111
1,31.1328833333333,74.6605555555556
1,31.1292833333333,74.6505694444444
1,31.1276722222222,74.6484861111111
1,31.1234111111111,74.6463888888889
1,31.1204666666667,74.6419083333333
1,31.1218055555556,74.635625
1,31.1265555555556,74.6353805555556
1,31.1315861111111,74.6367083333333
1,31.1349083333333,74.6370472222222
1,31.1364916666667,74.6358805555556
1,31.1360333333333,74.6348333333333
1,31.1358055555556,74.6337972222222
1,31.1362722222222,74.6321944444444
1,31.1352555555556,74.6254777777778
1,31.1330333333333,74.6216166666667
1,31.1320027777778,74.6185555555555
1,31.132225,74.61725
1,31.1347138888889,74.6119916666667
1,31.1342555555556,74.6057083333333
1,31.1326666666667,74.6030694444444
1,31.1312861111111,74.6025694444444
1,31.1276388888889,74.6024583333333
1,31.1265583333333,74.6028333333333
1,31.1260777777778,74.6039777777778
1,31.1240833333333,74.6064916666667
1,31.1218083333333,74.6079583333333
1,31.1146888888889,74.6086388888889
1,31.1115055555556,74.6099361111111
1,31.1107666666667,74.6109777777778
1,31.1080555555556,74.61125
1,31.1026194444444,74.6107222222222
1,31.0990583333333,74.6088055555555
1,31.0967416666667,74.6070555555555
1,31.0901805555556,74.6070833333333
1,31.0866583333333,74.6034083333333
1,31.0883888888889,74.6020194444444
1,31.0888472222222,74.5999916666667
1,31.0898972222222,74.5996722222222
1,31.0924666666667,74.5986666666667
1,31.0944888888889,74.5960472222222
1,31.0940333333333,74.5933055555555
1,31.0922138888889,74.5922694444444
1,31.0910916666667,74.5918666666667
1,31.0895055555556,74.5887277777778
1,31.0893,74.586625
1,31.0895055555556,74.5852972222222
1,31.0888,74.5834777777778
1,31.0880138888889,74.5820416666667
1,31.0836527777778,74.5764027777778
1,31.0863638888889,74.5682694444444
1,31.0855305555556,74.5637972222222
1,31.0849777777778,74.5624916666667
1,31.0867944444444,74.5577833333333
1,31.0877138888889,74.5575138888889
1,31.0978833333333,74.5564305555556
1,31.1028388888889,74.5544777777778
1,31.1046472222222,74.5540694444445
1,31.1104111111111,74.5544083333333
1,31.1117722222222,74.5549444444444
1,31.1150277777778,74.555125
1,31.1163777777778,74.555125
1,31.1197777777778,74.55445
1,31.1211388888889,74.5540472222222
1,35.8741027777778,72.5935694444444
1,35.8763805555556,72.5914222222222
1,35.8793472222222,72.5894305555556
1,35.8838638888889,72.5852277777778
1,35.8931138888889,72.5780611111111
1,35.90425,72.5686111111111
1,35.9059305555556,72.5674222222222
1,35.9076111111111,72.5601944444444
1,35.907425,72.5522138888889
1,35.9082833333333,72.5508055555555
1,35.910925,72.5490138888889
1,35.9113527777778,72.5476166666667
1,35.9118888888889,72.5420694444444
1,35.9125,72.5398527777778
1,35.913425,72.5362361111111
1,35.9159111111111,72.5322555555556
1,35.9185861111111,72.5315888888889
1,35.9230055555556,72.52975
1,35.9250138888889,72.5285611111111
1,35.926375,72.5290472222222
1,35.9306472222222,72.5291527777778
1,35.9319777777778,72.5285611111111
1,35.9393888888889,72.5279916666667
1,35.9513416666667,72.5296666666667
1,35.9522527777778,72.5301861111111
1,35.9547805555556,72.5325833333333
1,35.9589361111111,72.5370888888889
1,35.9593055555556,72.5441722222222
1,35.9609944444444,72.5469361111111
1,35.961925,72.5474583333333
1,35.9636972222222,72.5471111111111
1,35.9677527777778,72.5477833333333
1,35.9780055555556,72.5531305555556
1,35.9814027777778,72.5538388888889
1,35.98855,72.5521388888889
1,35.9951444444444,72.5546388888889
1,35.9952222222222,72.5576722222222
1,35.9941305555556,72.5596583333333
1,35.993075,72.5619166666667
1,35.9929305555556,72.5652277777778
1,35.9929583333333,72.5663611111111
1,35.9943333333333,72.5676722222222
1,35.9952722222222,72.5722083333333
1,35.9985611111111,72.5738472222222
1,36.00245,72.5769916666667
1,36.0065888888889,72.5806944444444
1,36.0085777777778,72.5807222222222
1,36.0112722222222,72.5799444444444
1,36.0183277777778,72.5826805555556
1,36.0192666666667,72.5834861111111
1,36.0201972222222,72.5862
1,36.0206861111111,72.5872694444444
1,36.0222972222222,72.5888888888889
1,36.0232805555556,72.5924444444444
1,36.0249055555556,72.5943194444444
1,36.0258194444444,72.5945555555555
1,36.0336694444444,72.5933944444444
1,36.0390138888889,72.5917916666667
1,36.0452416666667,72.5882833333333
1,36.04605,72.5867916666667
1,36.0489222222222,72.5847361111111
1,36.0493472222222,72.583625
1,36.0498833333333,72.5777916666667
1,36.0509666666667,72.5766527777778
1,36.0515861111111,72.5741583333333
1,36.050875,72.5727777777778
1,36.0509666666667,72.5703888888889
1,36.0538388888889,72.5665888888889
1,36.0542222222222,72.5638333333333
1,36.0539305555556,72.5584444444444
1,36.05425,72.556075
1,36.0539916666667,72.5549861111111
1,36.0541555555556,72.5522
1,36.0552,72.5485694444444
1,36.0580222222222,72.5456722222222
1,36.0620305555556,72.5435888888889
1,36.0637972222222,72.5421111111111
1,36.0640833333333,72.5365972222222
1,36.0664666666667,72.5334722222222
1,36.0708833333333,72.5302555555556
1,36.073125,72.5295972222222
1,36.075375,72.5300416666667
1,36.0873805555556,72.53395
1,36.0925027777778,72.5326666666667
1,36.0940888888889,72.5328805555556
1,36.1017833333333,72.5323111111111
1,36.1039111111111,72.5325333333333
1,36.1064333333333,72.5329027777778
1,36.1116305555556,72.534625
1,36.1129916666667,72.5351305555556
1,36.1210833333333,72.5433333333333
1,36.125125,72.5453666666667
1,36.1292416666667,72.5465972222222
1,36.1352222222222,72.5510611111111
1,36.1357527777778,72.5557361111111
1,36.1385305555556,72.558125
1,36.1387833333333,72.5603333333333
1,36.1399638888889,72.5616583333333
1,36.1409166666667,72.5632777777778
1,36.1413833333333,72.5646388888889
1,36.1460305555556,72.5702555555555
1,35.8786138888889,72.8461583333333
1,35.8785833333333,72.8450472222222
1,35.8792361111111,72.8436444444444
1,35.8807555555556,72.8413944444444
1,35.880725,72.8402777777778
1,35.8815555555556,72.8377555555555
1,35.8850583333333,72.8335
1,35.885875,72.8301583333333
1,35.8858361111111,72.8287555555555
1,35.8840333333333,72.8277361111111
1,35.8781444444444,72.827125
1,35.8732944444444,72.8238055555556
1,35.8714916666667,72.8212916666667
1,35.8686,72.8139861111111
1,35.8685638888889,72.8126027777778
1,35.8685305555556,72.8109583333333
1,35.8673527777778,72.8079444444444
1,35.8672111111111,72.8019027777778
1,35.8659611111111,72.7975472222222
1,35.8639305555556,72.7967833333333
1,35.8599083333333,72.7977833333333
1,35.8542416666667,72.7965972222222
1,35.8517222222222,72.7942361111111
1,35.8514638888889,72.7931444444444
1,35.8500555555556,72.7907138888889
1,35.8482694444444,72.7822361111111
1,35.8457388888889,72.7795611111111
1,35.8457083333333,72.7784361111111
1,35.8424944444444,72.7758194444445
1,35.8420055555556,72.7744638888889
1,35.842125,72.7700416666667
1,35.8430083333333,72.7689361111111
1,35.8436055555556,72.7652916666667
1,35.8449194444444,72.7638666666667
1,35.8468694444445,72.7616111111111
1,35.8477222222222,72.7601666666667
1,35.8481527777778,72.75875
1,35.8487916666667,72.7570694444444
1,35.8516305555556,72.7539305555556
1,35.8548527777778,72.7482833333333
1,35.8554222222222,72.7444305555556
1,35.8571583333333,72.7410472222222
1,35.8572722222222,72.736075
1,35.8558055555556,72.7314027777778
1,35.8554888888889,72.7286944444444
1,35.8545611111111,72.7273666666667
1,35.8523944444444,72.7219305555556
1,35.8485833333333,72.7175333333333
1,35.845575,72.7140694444444
1,35.8443277777778,72.7117916666667
1,35.8432416666667,72.7095138888889
1,35.8398694444444,72.7061444444444
1,35.8389194444444,72.7045277777778
1,35.8366166666667,72.7021444444445
1,35.8358333333333,72.7009222222222
1,35.8349472222222,72.6993611111111
1,35.8335361111111,72.6951027777778
1,35.8326111111111,72.694325
1,35.8316694444445,72.6932416666667
1,35.83135,72.6896722222222
1,35.8319861111111,72.6877083333333
1,35.8324027777778,72.6862833333333
1,35.83305,72.6846111111111
1,35.8340722222222,72.681825
1,35.839125,72.6763805555556
1,35.840375,72.6724916666667
1,35.8427,72.6697361111111
1,35.8432277777778,72.668
1,35.8449055555556,72.6648527777778
1,35.8459472222222,72.6617555555556
1,35.8476583333333,72.6589361111111
1,35.8570444444444,72.6508527777778
1,35.8648194444444,72.6441805555556
1,35.8655777777778,72.6380888888889
1,35.864875,72.637
1,35.8640916666667,72.6326027777778
1,35.8660305555556,72.6297777777778
1,35.8669222222222,72.6289305555555
1,35.8673222222222,72.6275138888889
1,35.86795,72.6252916666667
1,35.8697833333333,72.618575
1,35.8688972222222,72.6017972222222
1,35.8695472222222,72.6001166666667
1,35.8718083333333,72.5967694444444
1,35.8543,78.8222916666667
1,35.8556277777778,78.82645
1,35.8555722222222,78.8322138888889
1,35.8575027777778,78.8394444444444
1,35.8583138888889,78.849375
1,35.8604611111111,78.8576666666667
1,35.8606444444444,78.8618194444444
1,35.8638138888889,78.8690333333333
1,35.8648083333333,78.8723527777778
1,35.8654027777778,78.8786944444444
1,35.8656138888889,78.8800694444444
1,35.8667361111111,78.8822972222222
1,35.8675277777778,78.8894861111111
1,35.8690861111111,78.8930833333333
1,35.8690694444444,78.8942138888889
1,35.8697111111111,78.8964083333333
1,35.8696972222222,78.8975194444445
1,35.8740416666667,78.9121861111111
1,35.8746694444444,78.9171527777778
1,35.8755222222222,78.9201944444444
1,35.8761166666667,78.9268388888889
1,35.8765416666667,78.929875
1,35.8780472222222,78.9384444444444
1,35.879575,78.9404027777778
1,35.8800166666667,78.9423333333333
1,35.8808777777778,78.9442777777778
1,35.8815305555556,78.9456666666667
1,35.8819638888889,78.9473194444444
1,35.8860027777778,78.9515333333333
1,35.886425,78.9526305555556
1,35.8885472222222,78.9551583333333
1,35.8901694444444,78.956825
1,35.8910611111111,78.9590333333333
1,35.8910222222222,78.9623388888889
1,35.8896472222222,78.9645333333333
1,35.8882805555556,78.96645
1,35.8882722222222,78.9675611111111
1,35.8873416666667,78.9689222222222
1,35.8827166666667,78.97225
1,35.8816194444444,78.9722
1,35.8785416666667,78.9740055555556
1,35.8769444444444,78.9759166666667
1,35.8760166666667,78.9772777777778
1,35.8755361111111,78.9792361111111
1,35.8716055555556,78.9837138888889
1,35.8714527777778,78.9849444444444
1,35.8673083333333,78.9883805555556
1,35.8659361111111,78.9886444444444
1,35.8651,78.9901166666667
1,35.8635027777778,78.9919916666667
1,35.8625916666667,78.9933888888889
1,35.8607444444444,78.9952555555556
1,35.8605277777778,78.9966583333333
1,35.8552833333333,79.0023472222222
1,35.8552638888889,79.0037277777778
1,35.8524888888889,79.007075
1,35.8516388888889,79.0095055555555
1,35.8509388888889,79.0105833333333
1,35.849975,79.0146861111111
1,35.8488472222222,79.0160416666667
1,35.8472166666667,79.0201666666667
1,35.8457972222222,79.0265
1,35.8458527777778,79.0397222222222
1,35.8446138888889,79.0523666666667
1,35.8449527777778,79.0622916666667
1,35.8432166666667,79.0719222222222
1,35.8424777777778,79.0790888888889
1,35.8426944444444,79.0802083333333
1,35.8416888888889,79.0835555555555
1,35.8396444444444,79.0903611111111
1,35.8388944444444,79.0976861111111
1,35.8379472222222,79.1027361111111
1,35.8370222222222,79.1035694444444
1,35.8360305555556,79.1140333333333
1,35.8350972222222,79.1161944444444
1,35.8344777777778,79.1294083333333
1,35.8346861111111,79.1310611111111
1,35.8370694444444,79.1380277777778
1,35.8390361111111,79.1413388888889
1,35.8403527777778,79.1437638888889
1,35.8448083333333,79.1494305555556
1,35.8456805555556,79.1510194444444
1,35.8472388888889,79.1527277777778
1,35.8485583333333,79.1542638888889
1,35.8487777777778,79.1555555555556
1,35.8603111111111,79.1679027777778
1,35.8603,79.1690194444444
1,35.8614027777778,79.1702972222222
1,35.8632277777778,79.1725194444444
1,35.8645555555556,79.1739444444445
1,35.8676138888889,79.1774027777778
1,35.8687138888889,79.1787972222222
1,35.8744944444444,79.1824777777778
1,35.8756805555556,79.1840972222222
1,35.8840444444444,79.1914083333333
1,35.8853944444444,79.192575
1,35.8970361111111,79.1963611111111
1,35.9008638888889,79.1951583333333
1,35.9076194444444,79.1932277777778
1,35.9092444444444,79.1912972222222
1,35.9258972222222,79.1866444444445
1,35.9292777777778,79.1864166666667
1,35.9412694444444,79.1875972222222
1,35.9438666666667,79.1881722222222
1,35.9456666666667,79.1883388888889
1,35.9538666666667,79.1929166666667
1,35.9599388888889,79.1965694444444
1,35.9650194444445,79.2011722222222
1,35.9705888888889,79.2069305555556
1,35.9747444444444,79.2112638888889
1,35.9753972222222,79.2121111111111
1,35.97635,79.2131388888889
1,35.9772527777778,79.2139916666667
1,35.9774444444444,79.2150888888889
1,35.9785222222222,79.217575
1,35.9801111111111,79.2190055555556
1,35.9805194444444,79.2209444444444
1,35.9807,79.2226111111111
1,35.9811444444444,79.2239916666667
1,35.983,79.2286527777778
1,35.9839611111111,79.2320333333333
1,35.9841305555556,79.2364638888889
1,35.985225,79.2403527777778
1,35.9881888888889,79.2887277777778
1,35.9879916666667,79.2986305555556
1,35.9870416666667,79.3433527777778
1,35.9884666666667,79.3527777777778
1,35.9885833333333,79.3607694444444
1,35.9892388888889,79.3619083333333
1,35.9907666666667,79.3649638888889
1,35.990975,79.3663472222222
1,35.9916555555556,79.3671722222222
1,35.9926888888889,79.3727416666667
1,35.992675,79.3741166666667
1,35.9937555555556,79.3766027777778
1,35.993725,79.3787916666667
1,35.9927583333333,79.3832
1,35.9889361111111,79.3853472222222
1,35.9763138888889,79.3870472222222
1,35.9695444444445,79.3902361111111
1,35.9682,79.390075
1,35.9647027777778,79.3906305555556
1,35.9533777777778,79.3910694444444
1,35.9411805555555,79.39525
1,35.9326,79.3981388888889
1,35.9172638888889,79.4016722222222
1,35.91185,79.404625
1,35.9087583333333,79.407625
1,35.9032027777778,79.4113944444445
1,35.8988777777778,79.4154027777778
1,35.8981805555556,79.4162277777778
1,35.8981694444444,79.4173527777778
1,35.895,79.4205972222222
1,35.8935972222222,79.4241666666667
1,35.8934861111111,79.4257
1,35.8934472222222,79.42875
1,35.8927666666667,79.4348805555556
1,35.8922972222222,79.4359916666667
1,35.8915916666667,79.4406583333333
1,35.8914222222222,79.4431166666667
1,35.8898916666667,79.447825
1,35.8896972222222,79.4522833333333
1,35.8890833333333,79.455125
1,35.8882722222222,79.4687555555556
1,35.8884388888889,79.4715055555556
1,35.8879666666667,79.4729083333333
1,35.8869027777778,79.4819916666667
1,35.8862305555556,79.4846944444444
1,35.8861027777778,79.4937777777778
1,35.8856444444444,79.4951666666667
1,35.8851944444444,79.4962833333333
1,35.8851194444444,79.5017777777778
1,35.8841833333333,79.5034305555556
1,35.8836722222222,79.5072638888889
1,35.882925,79.5111166666667
1,35.8819944444444,79.5157777777778
1,35.8819861111111,79.5169027777778
1,35.8796472222222,79.5201583333333
1,35.8782722222222,79.524
1,35.8756861111111,79.5278472222222
1,35.8743611111111,79.5294166666667
1,35.872975,79.5332638888889
1,35.8715972222222,79.5343527777778
1,29.8219388888889,80.5098527777778
1,29.8188638888889,80.5065694444445
1,29.8108805555556,80.4996444444445
1,29.7946055555556,80.4950055555556
1,29.7932805555556,80.4931861111111
1,29.7939388888889,80.489325
1,29.7937388888889,80.4882972222222
1,29.7928222222222,80.4882972222222
1,29.7928194444444,80.4858111111111
1,29.7953055555556,80.4815555555556
1,29.7995972222222,80.4688805555556
1,29.7993083333333,80.466125
1,29.7995333333333,80.4648388888889
1,29.7988888888889,80.46045
1,29.7962277777778,80.4526027777778
1,29.7968944444444,80.4495472222222
1,29.7973527777778,80.4474222222222
1,29.7978388888889,80.4465277777778
1,29.7993777777778,80.4437972222222
1,29.8025472222222,80.4422361111111
1,29.8039916666667,80.4403194444444
1,29.8037555555556,80.4366666666667
1,29.8017916666667,80.4340138888889
1,29.7975583333333,80.4319166666667
1,29.7968916666667,80.4311305555556
1,29.7945083333333,80.4231166666667
1,29.7901194444444,80.4171944444444
1,29.7887027777778,80.410075
1,29.7881972222222,80.4085833333333
1,29.7869583333333,80.4082916666667
1,29.7659027777778,80.4027833333333
1,29.7632444444444,80.4025
1,29.7582555555556,80.4007
1,29.7575694444444,80.3999083333333
1,29.7560027777778,80.397075
1,29.7562305555556,80.3960472222222
1,29.7558194444444,80.3932222222222
1,29.7553666666667,80.3919361111111
1,29.7541888888889,80.3905972222222
1,29.7506138888889,80.3898888888889
1,29.7483833333333,80.3877416666667
1,29.7469527777778,80.3857138888889
1,29.7465,80.3841722222222
1,29.74875,80.3766583333333
1,29.7478472222222,80.3731666666667
1,29.7462583333333,80.3721527777778
1,29.7424055555556,80.3700833333333
1,29.7412833333333,80.3689222222222
1,29.7386166666667,80.3686111111111
1,29.7259472222222,80.3686944444444
1,29.7234388888889,80.3689583333333
1,29.7191472222222,80.3710416666667
1,29.7177944444444,80.3728527777778
1,29.7174944444444,80.3740972222222
1,29.716675,80.3780055555555
1,29.7146388888889,80.3784027777778
1,29.7128361111111,80.3788055555555
1,29.7108,80.3785333333333
1,29.7087527777778,80.3777555555556
1,29.7049194444444,80.3781527777778
1,29.7006277777778,80.380125
1,29.6986055555556,80.3814222222222
1,29.6974611111111,80.3829722222222
1,29.6963361111111,80.3832361111111
1,29.6954444444444,80.3837416666667
1,29.6926833333333,80.3851305555556
1,29.6841444444444,80.3891861111111
1,29.6671833333333,80.3933388888889
1,29.6665611111111,80.3944361111111
1,29.6657138888889,80.3955138888889
1,29.6581666666667,80.4063388888889
1,29.6564472222222,80.4084916666667
1,29.6557527777778,80.4094305555556
1,29.654725,80.4101444444445
1,29.6479722222222,80.4192083333333
1,29.639175,80.4223111111111
1,29.6339916666667,80.4231111111111
1,29.6292388888889,80.4221944444444
1,29.6276583333333,80.4215472222222
1,29.6179388888889,80.4138194444445
1,29.6138805555556,80.4117555555556
1,29.6066,80.4116583333333
1,29.60435,80.4121944444444
1,29.59625,80.4123055555556
1,29.5945055555556,80.4102555555556
1,29.5916972222222,80.4085972222222
1,29.5910416666667,80.4078611111111
1,29.5887861111111,80.4069638888889
1,29.5876611111111,80.4063944444445
1,29.58495,80.4025194444445
1,29.5781555555556,80.4007222222222
1,29.5761333333333,80.3981305555556
1,29.5711722222222,80.3975
1,29.5695722222222,80.396625
1,29.5682583333333,80.3918194444445
1,29.5680305555556,80.3907972222222
1,36.7168777777778,73.5191444444444
1,36.7180416666667,73.520375
1,36.7190777777778,73.5225888888889
1,36.7193916666667,73.5267638888889
1,36.7192,73.5284361111111
1,36.7183333333333,73.5295972222222
1,36.7174472222222,73.5307277777778
1,36.7103944444444,73.5365194444445
1,36.7086694444444,73.5401944444444
1,36.7078277777778,73.54245
1,36.7081444444445,73.5465972222222
1,36.7090916666667,73.5498944444444
1,36.7098111111111,73.5515333333333
1,36.7111722222222,73.5526111111111
1,36.7114194444444,73.5545555555556
1,36.7146444444444,73.5588888888889
1,36.7145083333333,73.5633527777778
1,36.7116861111111,73.5678805555556
1,36.7117083333333,73.5692638888889
1,36.7113055555556,73.570375
1,36.7114472222222,73.5776305555556
1,36.7129027777778,73.5810194444444
1,36.7135694444445,73.5825555555556
1,36.7153777777778,73.5841583333333
1,36.7165555555556,73.5866388888889
1,36.7183944444444,73.5896027777778
1,36.7187972222222,73.5987555555556
1,36.7172805555556,73.6012972222222
1,36.7141472222222,73.6041388888889
1,36.7124111111111,73.6048111111111
1,36.7095305555556,73.6051583333333
1,36.7035638888889,73.6039083333333
1,36.6996722222222,73.6046861111111
1,36.6969888888889,73.6059916666667
1,36.6952527777778,73.6081388888889
1,36.694175,73.6098333333333
1,36.6935194444444,73.6115194444444
1,36.6935472222222,73.6126527777778
1,36.6927222222222,73.6160138888889
1,36.6920833333333,73.6171305555555
1,36.692425,73.6240972222222
1,36.6896,73.6275138888889
1,36.6885444444444,73.6317
1,36.6886472222222,73.6372555555556
1,36.6891277777778,73.6395611111111
1,36.6905583333333,73.6441388888889
1,36.6905861111111,73.6452694444445
1,36.6910583333333,73.6463527777778
1,36.6945,73.6501444444445
1,36.6945694444444,73.6534722222222
1,36.6928416666667,73.6562972222222
1,36.691575,73.661325
1,36.6904777777778,73.6622083333333
1,36.6902694444444,73.6715611111111
1,36.6896305555556,73.6758472222222
1,36.6887444444444,73.67725
1,36.6881555555556,73.6808805555556
1,36.6881888888889,73.6825472222222
1,36.6851,73.6866305555556
1,36.6840611111111,73.689375
1,36.6833388888889,73.6991111111111
1,36.6860583333333,73.70545
1,36.6873222222222,73.7073333333333
1,36.6891194444444,73.7089361111111
1,36.6961444444444,73.7128194444444
1,36.6970416666667,73.713375
1,36.6988416666667,73.7148472222222
1,36.7022694444444,73.7171027777778
1,36.7038277777778,73.7185833333333
1,36.7075472222222,73.7227833333333
1,36.708475,73.7236111111111
1,36.7090638888889,73.7330472222222
1,36.7082722222222,73.7372222222222
1,36.7084583333333,73.7469638888889
1,36.7069055555556,73.7489222222222
1,36.7062555555556,73.7520472222222
1,36.7063416666667,73.75425
1,36.7023472222222,73.7679583333333
1,36.7018416666667,73.7749916666667
1,36.7014305555556,73.7761166666667
1,36.7008277777778,73.7816305555556
1,36.7029777777778,73.7893611111111
1,36.7111972222222,73.7985333333333
1,34.6808333333333,79.9316666666667
1,34.6813055555556,79.9305972222222
1,34.6838055555556,79.9295694444444
1,34.6856888888889,79.9263055555556
1,34.6869638888889,79.9159916666667
1,34.6881444444444,79.9138333333333
1,34.6888083333333,79.9020888888889
1,34.6897305555555,79.8988333333333
1,34.6898805555555,79.8764444444444
1,34.687225,79.8591944444444
1,34.6859472222222,79.8558944444444
1,34.6852833333333,79.8547694444444
1,34.68175,79.8503666666667
1,34.6811194444444,79.8484083333333
1,34.6744333333333,79.8422638888889
1,34.6737527777778,79.8414222222222
1,34.6719805555555,79.8391944444444
1,34.6704583333333,79.8372416666667
1,34.6684916666667,79.8326027777778
1,34.6675833333333,79.8320277777778
1,34.6664805555556,79.8306388888889
1,34.6596027777778,79.8233666666667
1,34.65485,79.8208527777778
1,34.6526805555555,79.8202138888889
1,34.6454472222222,79.81895
1,34.6419111111111,79.815075
1,34.6408611111111,79.8106805555555
1,34.6414472222222,79.8027833333333
1,34.6410055555556,79.8016666666667
1,34.6363777777778,79.7942222222222
1,34.636175,79.792575
1,34.6326694444444,79.7869583333333
1,34.6315611111111,79.7843055555555
1,34.6308222222222,79.7825333333333
1,34.6291527777778,79.7790277777778
1,34.627175,79.7765472222222
1,34.6260638888889,79.7744444444444
1,34.6240861111111,79.7723055555556
1,34.6209472222222,79.7705055555556
1,34.6189222222222,79.7711583333333
1,34.6165888888889,79.7731944444444
1,34.6154027777778,79.7755972222222
1,34.6136555555556,79.7772972222222
1,34.61105,79.7779444444444
1,34.6093111111111,79.7789444444444
1,34.6061111111111,79.7813111111111
1,34.6045138888889,79.7829722222222
1,34.5990916666667,79.7858472222222
1,34.5910583333333,79.7910472222222
1,34.5881111111111,79.7915416666667
1,34.5856805555556,79.7868388888889
1,34.5844777777778,79.780575
1,34.5836111111111,79.7761805555556
1,34.5824638888889,79.7742694444444
1,34.5805472222222,79.7695416666667
1,34.5723083333333,79.7625555555556
1,34.5645,79.7575055555556
1,34.5588388888889,79.7565555555556
1,34.5531861111111,79.7569916666667
1,34.5518194444444,79.7580472222222
1,34.55045,79.76045
1,34.5501444444444,79.7653805555556
1,34.5509916666667,79.7681111111111
1,34.5504666666667,79.7735555555555
1,34.5494194444444,79.7748333333333
1,34.5482861111111,79.7753666666667
1,34.5428944444444,79.7810194444444
1,34.5419527777778,79.7837361111111
1,34.54055,79.7856166666667
1,34.5402722222222,79.7886027777778
1,34.5372944444444,79.7910055555555
1,34.5368388888889,79.792075
1,34.5360583333333,79.7975194444444
1,34.5344194444444,79.8012777777778
1,34.5337111111111,79.8026166666667
1,34.5328111111111,79.8042638888889
1,34.5306861111111,79.8077638888889
1,34.5297805555556,79.8088194444444
1,34.5203638888889,79.8131027777778
1,34.5186388888889,79.8137555555556
1,34.5146444444444,79.8137555555556
1,34.5068833333333,79.8135055555556
1,34.5022861111111,79.8114444444444
1,34.4985361111111,79.813075
1,34.4953833333333,79.8109305555556
1,34.4950583333333,79.8045277777778
1,34.4944111111111,79.8028805555556
1,34.4931666666667,79.8021027777778
1,34.4925361111111,79.8011444444444
1,34.4890583333333,79.7991027777778
1,34.4868972222222,79.7977555555556
1,34.4850305555556,79.7958611111111
1,34.4848361111111,79.7947833333333
1,34.4839722222222,79.7928472222222
1,34.4826388888889,79.7903611111111
1,34.4824527777778,79.78875
1,34.48205,79.7871111111111
1,34.4805416666667,79.7812555555556
1,34.480175,79.7796666666667
1,34.4799388888889,79.7783944444444
1,34.4789638888889,79.7673805555555
1,34.4785305555556,79.7660138888889
1,34.4788222222222,79.7577416666667
1,34.4794111111111,79.7539083333333
1,34.4798083333333,79.7420611111111
1,34.4794194444444,79.7374305555556
1,34.4772527777778,79.7322138888889
1,34.4771611111111,79.7234583333333
1,34.4771027777778,79.7215194444445
1,34.4770638888889,79.7153194444444
1,34.4781055555556,79.7055416666667
1,34.4769111111111,79.6967638888889
1,34.4762666666667,79.6943111111111
1,34.4769805555556,79.6924222222222
1,34.4771277777778,79.6831527777778
1,34.4781805555556,79.6802361111111
1,34.4791944444445,79.6789861111111
1,34.4801416666667,79.6767916666667
1,34.4820361111111,79.6715333333333
1,34.4821,79.6674638888889
1,34.4812166666667,79.6649861111111
1,34.4803416666667,79.6638666666667
1,34.478125,79.6616583333333
1,34.4781444444444,79.6605472222222
1,34.4786194444444,79.6594777777778
1,34.4797527777778,79.65895
1,34.4802277777778,79.6576027777778
1,34.4834611111111,79.6532916666667
1,34.4868694444444,79.6509305555556
1,34.4871166666667,79.6498527777778
1,34.4871555555556,79.6460333333333
1,34.4885972222222,79.6422361111111
1,34.488125,79.6277694444444
1,34.4893527777778,79.6226166666667
1,34.4891694444444,79.6193472222222
1,34.49045,79.6073888888889
1,34.4911666666667,79.6056583333333
1,34.4928333333333,79.6014222222222
1,34.4987916666667,79.5958388888889
1,34.4992444444444,79.5947694444444
1,34.4992944444444,79.5917833333333
1,34.4981972222222,79.5895694444444
1,34.4966416666667,79.5876305555555
1,34.4959916666667,79.5865138888889
1,34.4953222222222,79.5856583333333
1,34.4929861111111,79.5834861111111
1,34.4918777777778,79.5823805555555
1,34.4909305555556,79.5813388888889
1,34.4883972222222,79.5787416666667
1,34.4871527777778,79.5735416666667
1,34.486475,79.57245
1,34.4857972222222,79.5713333333333
1,34.4851666666667,79.5694083333333
1,34.48425,79.5660333333333
1,34.4840472222222,79.5644027777778
1,34.4833944444444,79.5631722222222
1,34.4832222222222,79.5616166666667
1,34.4825722222222,79.5604361111111
1,34.4810166666667,79.5548472222222
1,34.4804083333333,79.5526666666667
1,34.4802305555556,79.5510333333333
1,34.4783055555556,79.5441861111111
1,34.477425,79.5420138888889
1,34.4765972222222,79.5359583333333
1,34.4764638888889,79.5324361111111
1,34.4749361111111,79.5269583333333
1,34.4744361111111,79.5155194444445
1,34.4733666666667,79.5116444444444
1,34.47275,79.5070416666667
1,34.4707388888889,79.5062
1,34.4663972222222,79.5079916666667
1,34.4542777777778,79.51895
1,34.4474166666667,79.5240138888889
1,34.4440055555555,79.5258333333333
1,34.4354583333333,79.5266666666667
1,34.4265916666667,79.5268333333333
1,34.4201,79.5254583333333
1,34.4187166666667,79.525625
1,34.4164583333333,79.5266666666667
1,34.4141444444444,79.5293611111111
1,34.4136611111111,79.5304222222222
1,34.4129611111111,79.533125
1,28.4410472222222,81.0155055555556
1,28.4401416666667,81.0162972222222
1,28.4317666666667,81.0150972222222
1,28.4299277777778,81.0202
1,28.4317361111111,81.0231666666667
1,28.4348861111111,81.0268888888889
1,28.4353083333333,81.0286722222222
1,28.4305777777778,81.0350055555556
1,28.4289805555556,81.0367833333333
1,28.4282861111111,81.0383194444445
1,28.4269305555556,81.0385694444444
1,28.4237638888889,81.0385472222222
1,28.4204027777778,81.0349861111111
1,28.4179166666667,81.0321444444445
1,28.4137916666667,81.0250833333333
1,28.4121722222222,81.0216805555555
1,28.4109638888889,81.0207833333333
1,28.4089194444444,81.0209027777778
1,28.4043833333333,81.0277555555556
1,28.402775,81.0290194444444
1,28.4014166666667,81.0302833333333
1,28.3986777777778,81.0356583333333
1,28.4000277777778,81.0371944444444
1,28.4018388888889,81.0381861111111
1,28.4101944444444,81.0388805555556
1,28.4106361111111,81.0423055555556
1,28.4051638888889,81.0525138888889
1,28.4023,81.0567416666667
1,28.3905277777778,81.0740694444444
1,28.383175,81.0846722222222
1,28.3826472222222,81.0855611111111
1,28.3817138888889,81.0878611111111
1,28.376225,81.101875
1,28.3743722222222,81.1087277777778
1,28.3729472222222,81.1230055555556
1,28.3733916666667,81.125575
1,28.3706194444444,81.1372638888889
1,28.368975,81.1525194444445
1,28.3678277777778,81.1576166666667
1,28.3679305555556,81.1595888888889
1,28.3673,81.1650555555556
1,28.363825,81.1836861111111
1,28.3631805555556,81.1882138888889
1,28.3608222222222,81.1992138888889
1,28.3587027777778,81.2068111111111
1,28.3571805555556,81.2091166666667
1,28.35595,81.2142083333333
1,28.3550333333333,81.2144638888889
1,28.3516388888889,81.2180194444445
1,28.3488972222222,81.2187555555556
1,28.3484611111111,81.2197638888889
1,28.3436916666667,81.2219638888889
1,28.3396055555556,81.2252972222222
1,28.3370972222222,81.2263194444444
1,28.3348333333333,81.2291027777778
1,28.3329472222222,81.2298888888889
1,28.3321138888889,81.2303805555556
1,28.3303777777778,81.2321388888889
1,28.3294555555556,81.2328805555556
1,28.3284888888889,81.2341722222222
1,28.3230361111111,81.2359166666667
1,28.3205527777778,81.2364166666667
1,28.3189722222222,81.2358888888889
1,28.3088,81.2350472222222
1,28.2907277777778,81.2349305555556
1,28.286875,81.2352972222222
1,28.28575,81.2356805555555
1,28.2848388888889,81.2372083333333
1,28.2794138888889,81.23895
1,28.2757527777778,81.2432833333333
1,28.2743916666667,81.2442777777778
1,28.2684888888889,81.248075
1,28.2653222222222,81.2518611111111
1,28.2632805555556,81.2526166666667
1,28.2568972222222,81.2594361111111
1,28.2557638888889,81.2609583333333
1,28.2526055555556,81.2627277777778
1,28.2494111111111,81.2662777777778
1,28.2473611111111,81.2672638888889
1,28.2429944444444,81.2723666666667
1,28.2425694444444,81.2733666666667
1,28.2412138888889,81.2741111111111
1,28.2401083333333,81.2750611111111
1,28.2383888888889,81.2766027777778
1,28.2319861111111,81.2833805555556
1,28.2272027777778,81.2869305555556
1,28.22145,81.2915333333333
1,28.2191972222222,81.2950972222222
1,28.2178888888889,81.3018944444444
1,28.2121361111111,81.3068666666667
1,28.2095722222222,81.3086444444444
1,28.2044388888889,81.316125
1,28.2002833333333,81.31895
1,28.1936,81.3207
1,28.1907388888889,81.3210333333333
1,28.1831194444444,81.3191944444444
1,28.1789805555556,81.3209444444444
1,28.1764166666667,81.3227222222222
1,28.1729083333333,81.3244916666667
1,28.1694083333333,81.3258888888889
1,28.1659305555556,81.3219305555556
1,28.1625388888889,81.3058055555556
1,28.1606305555556,81.3061527777778
1,28.1593416666667,81.3090055555556
1,28.1596333333333,81.3129361111111
1,28.1583555555556,81.3147222222222
1,28.1548472222222,81.316125
1,28.1535583333333,81.3179027777778
1,28.1538694444444,81.3200555555556
1,28.1554305555556,81.3240055555556
1,28.1554055555556,81.3272277777778
1,28.1528638888889,81.3272
1,28.1458944444444,81.3242916666667
1,28.1433694444444,81.3203388888889
1,28.1405361111111,81.3167416666667
1,28.13385,81.318125
1,28.1325444444444,81.3234861111111
1,28.136175,81.329075
1,28.1370277777778,81.333375
1,28.13865,81.3525333333333
1,28.1385805555556,81.3627638888889
1,28.1402944444444,81.369375
1,28.1423027777778,81.375325
1,28.1437527777778,81.3779861111111
1,28.1463861111111,81.3796583333333
1,28.1504861111111,81.3793611111111
1,28.1546055555556,81.3783944444444
1,28.15785,81.37545
1,28.1602166666667,81.3724916666667
1,28.1637388888889,81.3718666666667
1,28.1663638888889,81.3741944444444
1,28.1698638888889,81.3765416666667
1,28.1716,81.3798527777778
1,28.1715361111111,81.3890972222222
1,28.1723888888889,81.3933888888889
1,28.1722305555556,81.4155055555556
1,28.1694944444444,81.4277
1,28.1632611111111,81.4378888888889
1,28.1588333333333,81.4421444444445
1,28.1549638888889,81.4487083333333
1,28.1479194444444,81.4499722222222
1,28.1432111111111,81.452575
1,28.1349805555556,81.4541583333333
1,28.1287861111111,81.4597222222222
1,28.1219361111111,81.4728611111111
1,28.1160111111111,81.4800694444445
1,28.112475,81.4826805555556
1,28.0902277777778,81.4778666666667
1,28.0870111111111,81.4765277777778
1,28.0826055555556,81.4768111111111
1,28.0796416666667,81.4804166666667
1,28.0769472222222,81.4873194444445
1,28.0688722222222,81.5029722222222
1,28.0665111111111,81.5083805555556
1,28.0624027777778,81.5150888888889
1,28.057675,81.5250472222222
1,28.0529583333333,81.5349916666667
1,28.0482527777778,81.543
1,28.0456916666667,81.5490611111111
1,28.0392027777778,81.5629027777778
1,28.0364583333333,81.5667916666667
1,28.0327527777778,81.5711111111111
1,28.030225,81.5732555555556
1,28.0266972222222,81.5793055555555
1,28.0243194444444,81.5860138888889
1,28.0195611111111,81.599875
1,28.0177722222222,81.6046388888889
1,28.0162027777778,81.6076666666667
1,28.0102361111111,81.6165888888889
1,28.0012027777778,81.6314027777778
1,27.9916972222222,81.6561944444445
1,27.9888861111111,81.6671111111111
1,27.9881944444444,81.6706388888889
1,27.9877944444444,81.6956111111111
1,27.9874583333333,81.69775
1,27.9872388888889,81.6988611111111
1,31.9368138888889,74.7463111111111
1,31.9385916666667,74.7521166666667
1,31.9416333333333,74.7582777777778
1,31.9457111111111,74.7582777777778
1,31.9492805555556,74.7576861111111
1,31.9518222222222,74.7584777777778
1,31.9523277777778,74.7602638888889
1,31.9501277777778,74.7626527777778
1,31.9475777777778,74.7642416666667
1,31.9470611111111,74.7676166666667
1,31.9462138888889,74.7719916666667
1,31.9482638888889,74.7754722222222
1,31.9497111111111,74.7771444444444
1,31.9506944444444,74.7784861111111
1,31.9518194444444,74.781125
1,31.9554222222222,74.7962
1,31.9571861111111,74.8008611111111
1,31.9592916666667,74.8062083333333
1,31.9617138888889,74.8139583333333
1,31.9605861111111,74.8152777777778
1,31.957425,74.8155416666667
1,31.955325,74.8188805555556
1,31.9538388888889,74.8192916666667
1,31.9550305555556,74.8217222222222
1,31.9560611111111,74.8229638888889
1,31.9620638888889,74.8247638888889
1,31.9716416666667,74.8277
1,31.9763805555556,74.8325
1,31.9780166666667,74.8325194444444
1,31.9842833333333,74.8327777777778
1,31.9937805555556,74.8303888888889
1,31.9973833333333,74.8310333333333
1,31.9978416666667,74.8327833333333
1,32.0000916666667,74.8331583333333
1,32.0007638888889,74.8340833333333
1,32.0050416666667,74.8404638888889
1,32.0068611111111,74.8511111111111
1,32.0081861111111,74.856875
1,32.0091027777778,74.8584583333333
1,32.0106805555556,74.8588666666667
1,32.0131583333333,74.8581944444444
1,32.0172555555556,74.8534361111111
1,32.0181555555556,74.8529305555555
1,32.0201694444444,74.8530694444444
1,32.0217638888889,74.8650888888889
1,32.0230833333333,74.8677638888889
1,32.0257916666667,74.8692138888889
1,32.0264777777778,74.8722555555556
1,32.0260138888889,74.8733333333333
1,32.0246611111111,74.8743527777778
1,32.0235277777778,74.8770138888889
1,32.0310083333333,74.8802833333333
1,32.0332305555556,74.8804722222222
1,32.0343555555555,74.8800972222222
1,32.0368638888889,74.8775694444444
1,32.0431861111111,74.8749166666667
1,32.0445361111111,74.8747833333333
1,32.0476944444444,74.8815416666666
1,32.0503944444444,74.8852555555556
1,32.0517305555556,74.8921583333333
1,32.0492222222222,74.9101527777778
1,32.0501111111111,74.9125555555556
1,32.0569027777778,74.9159861111111
1,32.0575861111111,74.9170555555556
1,32.0601527777778,74.9181666666667
1,32.0623055555556,74.9197361111111
1,32.0647111111111,74.92625
1,32.0654111111111,74.9388194444444
1,32.0615722222222,74.9520333333333
1,32.0567527777778,74.9609027777778
1,32.0554166666667,74.9642361111111
1,32.0523611111111,74.9746527777778
1,32.0516416666667,74.9771027777778
1,32.0506472222222,74.9790333333333
1,32.0470166666667,74.9795694444444
1,32.0445416666667,74.9769166666667
1,32.0436472222222,74.9765138888889
1,32.0416194444444,74.9811388888889
1,32.0413833333333,74.9832555555556
1,32.0418194444444,74.9851166666667
1,32.0415777777778,74.9862
1,32.0426694444444,74.9987916666667
1,32.0428972222222,75.0018055555555
1,32.0426611111111,75.0028888888889
1,32.0428888888889,75.0052555555556
1,32.0410722222222,75.0060333333333
1,32.0367916666667,75.0079027777778
1,32.0358916666667,75.0094861111111
1,32.0353194444444,75.0109916666667
1,32.0334722222222,75.0119444444444
1,32.0363888888889,75.0147277777778
1,32.0373666666667,75.0156583333333
1,32.0403666666667,75.0174444444444
1,32.0424083333333,75.0202138888889
1,32.0438694444444,75.0222138888889
1,32.04485,75.0229916666667
1,32.0484472222222,75.0352
1,32.0486722222222,75.0370555555556
1,32.0469222222222,75.0377222222222
1,32.0430194444444,75.0381166666667
1,31.4171,74.6014444444444
1,31.419375,74.6014361111111
1,31.4211944444444,74.6010416666667
1,31.4214388888889,74.6030416666667
1,31.4214194444444,74.6074777777778
1,31.4232138888889,74.6114305555555
1,31.4239027777778,74.6161722222222
1,31.4223805555556,74.6211583333333
1,31.4221138888889,74.6224777777778
1,31.4225444444444,74.6235194444444
1,31.4263777777778,74.6250972222222
1,31.4273472222222,74.6281666666667
1,31.4284777777778,74.6297777777778
1,31.4238777777778,74.6339166666667
1,31.4227277777778,74.6349638888889
1,31.4207805555556,74.6361388888889
1,31.4196027777778,74.6369444444445
1,31.4187111111111,74.6372138888889
1,31.41825,74.6387833333333
1,31.4168944444444,74.639325
1,31.4143222222222,74.6462777777778
1,31.415725,74.6505194444445
1,31.4171944444444,74.6490555555556
1,31.4196055555556,74.649075
1,31.4200611111111,74.6480055555556
1,31.4223138888889,74.6479861111111
1,31.4238916666667,74.6489083333333
1,31.4251194444444,74.6531166666667
1,31.4263777777778,74.6548527777778
1,31.4284194444444,74.6549861111111
1,31.4293111111111,74.6543111111111
1,31.4308916666667,74.6516944444444
1,31.4329166666667,74.6514222222222
1,31.4358555555556,74.6477277777778
1,31.4383527777778,74.6463888888889
1,31.4419861111111,74.6414166666667
1,31.4443083333333,74.6406388888889
1,31.4464861111111,74.6411444444444
1,31.4555277777778,74.6521861111111
1,31.4595861111111,74.6534861111111
1,31.4611722222222,74.6534777777778
1,31.4641166666667,74.6516583333333
1,31.4693055555556,74.6437361111111
1,31.4708805555556,74.6434722222222
1,31.4720083333333,74.6421666666667
1,31.4732444444444,74.6398111111111
1,31.4776805555556,74.6321805555555
1,31.478575,74.63175
1,31.4796972222222,74.6321527777778
1,31.4821111111111,74.63525
1,31.4863833333333,74.6379027777778
1,31.4867972222222,74.6334861111111
1,31.485575,74.6255694444444
1,31.485875,74.6245138888889
1,31.4869305555556,74.6205611111111
1,31.4894111111111,74.615825
1,31.4946166666667,74.6142416666667
1,31.4955194444444,74.6131944444444
1,31.4979083333333,74.6088055555555
1,31.5000333333333,74.606575
1,31.4998055555556,74.6044916666667
1,31.4982222222222,74.6015833333333
1,31.49845,74.5997555555555
1,31.4986833333333,74.5976166666667
1,31.498225,74.59395
1,31.4955083333333,74.5910694444444
1,31.4964305555556,74.5865694444445
1,31.5007222222222,74.5776305555556
1,31.5016166666667,74.5772222222222
1,31.5027638888889,74.5773527777778
1,31.5030611111111,74.5790972222222
1,31.5052166666667,74.5831583333333
1,31.509075,74.5848611111111
1,31.5102,74.5839305555555
1,31.5113277777778,74.5828611111111
1,31.5158222222222,74.5828472222222
1,31.5194583333333,74.58445
1,31.520575,74.5861583333333
1,31.5236972222222,74.5908611111111
1,31.5246666666667,74.5939166666667
1,31.5250583333333,74.5997222222222
1,36.3036027777778,72.7490055555556
1,36.3037,72.7501111111111
1,36.3046583333333,72.7517361111111
1,36.3067777777778,72.7591305555556
1,36.30745,72.7663666666667
1,36.3083527777778,72.7770833333333
1,36.3136138888889,72.7815138888889
1,36.3146166666667,72.7824861111111
1,36.3175694444444,72.7863888888889
1,36.3189861111111,72.7894027777778
1,36.319675,72.7905
1,36.3288277777778,72.7976027777778
1,36.3295138888889,72.8003805555556
1,36.3319333333333,72.8055
1,36.3321972222222,72.8068888888889
1,36.3333333333333,72.8076666666667
1,36.3345416666667,72.81125
1,36.3368416666667,72.8141944444444
1,36.3520555555556,72.8210972222222
1,36.3596138888889,72.8282555555556
1,36.3617555555556,72.8320277777778
1,36.3619861111111,72.8331444444444
1,36.3645305555556,72.8355194444444
1,36.3652388888889,72.8385611111111
1,36.3661611111111,72.8390694444444
1,36.3682861111111,72.8437083333333
1,36.3689944444444,72.8450694444444
1,36.3690416666667,72.84675
1,36.3702222222222,72.8483666666667
1,36.3711305555556,72.8494305555556
1,36.3713944444444,72.8507972222222
1,36.371475,72.8638333333333
1,36.3719361111111,72.8649083333333
1,36.3733055555556,72.86595
1,36.3776416666667,72.8691388888889
1,36.3811194444444,72.8734222222222
1,36.3813888888889,72.875075
1,36.3836805555556,72.8774638888889
1,36.3844222222222,72.8799361111111
1,36.3858138888889,72.881825
1,36.3894916666667,72.8852916666667
1,36.3963,72.888625
1,36.4107305555556,72.8852361111111
1,36.4132638888889,72.8851861111111
1,36.4232111111111,72.8887222222222
1,36.4272361111111,72.8874361111111
1,36.4283277777778,72.8865472222222
1,36.4295611111111,72.8826166666667
1,36.4326027777778,72.8786111111111
1,36.436575,72.8759777777778
1,36.4383833333333,72.8761861111111
1,36.4418055555556,72.8779916666667
1,36.4423277777778,72.8810194444444
1,36.4423555555556,72.8824027777778
1,36.4437777777778,72.8865138888889
1,36.4444888888889,72.8875888888889
1,36.4452666666667,72.8914444444445
1,36.4461722222222,72.89225
1,36.4469888888889,72.8985972222222
1,36.4479527777778,72.9010611111111
1,36.4509666666667,72.9050833333333
1,36.4530833333333,72.9099861111111
1,36.45405,72.9121805555556
1,36.4591972222222,72.9171111111111
1,36.4595777777778,72.9183666666667
1,36.46095,72.9196944444444
1,36.4614305555556,72.9208055555556
1,36.4608972222222,72.9271861111111
1,36.4569583333333,72.9311944444445
1,36.4565138888889,72.9375277777778
1,36.4569888888889,72.9420194444444
1,36.4579472222222,72.9441805555556
1,36.4609472222222,72.9474222222222
1,36.4623388888889,72.9507138888889
1,36.4633055555556,72.952875
1,36.4635722222222,72.9545333333333
1,36.4656388888889,72.9575
1,36.4659638888889,72.961375
1,36.4633638888889,72.965075
1,36.4627416666667,72.9678611111111
1,36.462925,72.9759166666667
1,36.4617416666667,72.9815055555556
1,36.4610916666667,72.9831944444444
1,36.460675,72.984875
1,36.4564666666667,72.9872638888889
1,36.4565777777778,72.9905833333333
1,36.458625,72.9924222222222
1,36.4659861111111,72.9964777777778
1,36.4697722222222,72.9997138888889
1,36.4729666666667,73.001875
1,36.47455,73.0023888888889
1,36.4776444444444,73.0014166666667
1,36.4780722222222,73.0003055555556
1,36.4774055555556,72.9908888888889
1,36.477825,72.9894638888889
1,36.4789305555556,72.9888888888889
1,36.4827,72.9895138888889
1,36.4843388888889,72.9892277777778
1,36.4881305555556,72.9890833333333
1,36.4953611111111,72.9910555555555
1,36.4978555555556,72.992625
1,36.5058277777778,72.9978805555556
1,36.5082722222222,72.9972222222222
1,36.5118,72.9940138888889
1,36.5133805555556,72.9945277777778
1,36.5132444444444,72.9981388888889
1,36.5130638888889,73.0003666666667
1,36.5145611111111,73.0058611111111
1,36.5175861111111,73.0115555555556
1,36.5187277777778,73.0126444444444
1,36.518975,73.0137416666667
1,36.5215416666667,73.0180694444444
1,36.5217861111111,73.0191805555556
1,36.5233916666667,73.0205
1,36.5248972222222,73.0244777777778
1,36.5256861111111,73.0270694444444
1,36.5270083333333,73.0322972222222
1,36.5289055555556,73.0352694444444
1,36.5293916666667,73.0386111111111
1,36.5324444444444,73.0434777777778
1,36.5330027777778,73.0492638888889
1,36.5339361111111,73.0503611111111
1,36.5342305555556,73.0531111111111
1,36.5349444444444,73.0542138888889
1,36.5353972222222,73.055575
1,36.5352027777778,73.0566861111111
1,36.5362111111111,73.0600333333333
1,36.5375777777778,73.0611111111111
1,36.5428,73.0655611111111
1,36.5534222222222,73.0687777777778
1,36.5604638888889,73.0729777777778
1,36.562575,73.0778888888889
1,36.5632805555556,73.0786805555556
1,36.5642861111111,73.0831027777778
1,36.5674027777778,73.0867638888889
1,36.5685777777778,73.0874222222222
1,36.5700472222222,73.0891527777778
1,36.57205,73.0900333333333
1,36.5735472222222,73.0897777777778
1,36.5812277777778,73.0899777777778
1,36.5850694444444,73.0914722222222
1,36.5893194444444,73.0942972222222
1,36.5956111111111,73.0995055555556
1,36.6063333333333,73.1095833333333
1,36.6085694444444,73.111
1,36.609725,73.1105888888889
1,36.6141166666667,73.1076027777778
1,36.6230555555556,73.0961861111111
1,36.6332361111111,73.0905416666667
1,36.6344027777778,73.0906944444444
1,36.6415027777778,73.0893888888889
1,36.6497083333333,73.0909722222222
1,36.6590277777778,73.0923472222222
1,36.665575,73.0929583333333
1,36.6708805555556,73.0902777777778
1,36.6759611111111,73.0861666666667
1,36.6807861111111,73.0835055555555
1,36.6872861111111,73.0829777777778
1,36.6890638888889,73.083
1,36.6908833333333,73.0829305555555
1,36.6930833333333,73.0830472222222
1,36.695425,73.0832777777778
1,36.6982,73.08395
1,36.6979111111111,73.0851861111111
1,36.6971166666667,73.0864444444445
1,36.6963694444444,73.0880277777778
1,36.6955277777778,73.0899916666667
1,36.6945638888889,73.0911944444444
1,36.6914861111111,73.0931166666667
1,36.68985,73.0946583333333
1,36.6889361111111,73.0956166666667
1,36.6861333333333,73.1013666666667
1,36.6855055555556,73.103875
1,36.686,73.1107138888889
1,36.686175,73.1133333333333
1,36.6860027777778,73.1155416666667
1,36.6847527777778,73.1197638888889
1,36.6850916666667,73.1250138888889
1,36.6867722222222,73.1296583333333
1,36.6876861111111,73.1310416666667
1,36.6888333333333,73.1324083333333
1,36.6919638888889,73.1348055555556
1,36.6932861111111,73.1370416666667
1,35.6427638888889,80.229325
1,35.6407,80.232575
1,35.6404083333333,80.2358666666667
1,35.638325,80.2397916666667
1,35.6380222222222,80.2412083333333
1,35.6371333333333,80.2420972222222
1,35.6341333333333,80.2461388888889
1,35.63295,80.2494361111111
1,35.6308777777778,80.2515888888889
1,35.6285222222222,80.258125
1,35.6278361111111,80.25895
1,35.6273194444444,80.2611805555556
1,35.6264222222222,80.2624722222222
1,35.6254472222222,80.2657361111111
1,35.6219861111111,80.2703527777778
1,35.6212694444444,80.2727833333333
1,35.6201277777778,80.2744166666667
1,35.6131583333333,80.2815277777778
1,35.6098194444444,80.2840333333333
1,35.6091166666667,80.2848611111111
1,35.6068194444444,80.288125
1,35.6058916666667,80.2900333333333
1,35.6008638888889,80.2932083333333
1,35.5990277777778,80.2938527777778
1,35.5927416666667,80.2963111111111
1,35.5909472222222,80.2969361111111
1,35.5865861111111,80.2991444444444
1,35.5795888888889,80.3005833333333
1,35.5711944444445,80.3045
1,35.5696138888889,80.3041805555555
1,35.5610472222222,80.3053527777778
1,35.5526388888889,80.309825
1,35.5474361111111,80.3107777777778
1,35.5280888888889,80.3144916666667
1,35.5246138888889,80.3153472222222
1,35.5214722222222,80.3161305555556
1,35.5031722222222,80.3186666666667
1,35.4969527777778,80.3199777777778
1,35.4753472222222,80.3256444444444
1,35.4735194444444,80.3266861111111
1,35.4710472222222,80.3271722222222
1,35.468125,80.3265416666667
1,35.4652527777778,80.3248472222222
1,35.4637305555556,80.3220416666667
1,35.4635472222222,80.319825
1,35.4626444444445,80.3179583333333
1,35.4619861111111,80.3165472222222
1,35.4612777777778,80.3079638888889
1,35.4606833333333,80.304375
1,35.4600444444444,80.3032361111111
1,35.4602916666667,80.3018666666667
1,35.4609916666667,80.2999638888889
1,35.4596805555556,80.2982777777778
1,35.4592638888889,80.2960972222222
1,35.45735,80.2940833333333
1,35.4527222222222,80.2896111111111
1,35.4512833333333,80.2881805555556
1,35.4393277777778,80.2796027777778
1,35.4379583333333,80.2792833333333
1,35.4263527777778,80.2798194444444
1,35.41645,80.2809583333333
1,35.4129611111111,80.2817138888889
1,35.4079611111111,80.2823944444444
1,35.3944444444444,80.282575
1,35.38635,80.282075
1,35.3804805555556,80.2800555555556
1,35.3617361111111,80.2735138888889
1,35.3427027777778,80.2694583333333
1,35.3328555555556,80.2650694444444
1,35.3162111111111,80.2547972222222
1,35.3127583333333,80.2530611111111
1,35.3091277777778,80.251325
1,35.2996277777778,80.2466444444444
1,35.2889611111111,80.2397916666667
1,35.2860333333333,80.2382416666667
1,35.2751,80.2342
1,35.2585138888889,80.2302
1,35.2502222222222,80.228375
1,35.248175,80.2286027777778
1,35.2357444444444,80.2273944444444
1,35.2265694444444,80.2272222222222
1,35.2196166666667,80.2245555555556
1,35.2184888888889,80.2245277777778
1,35.2125416666667,80.2208944444444
1,35.2103666666667,80.21925
1,35.2022583333333,80.2134444444444
1,35.181,80.1931583333333
1,35.1757555555556,80.1894861111111
1,35.1652027777778,80.1820694444445
1,35.1463611111111,80.1769361111111
1,35.1445611111111,80.1774305555556
1,35.1375861111111,80.1769777777778
1,35.135325,80.1763888888889
1,35.1224777777778,80.1781305555556
1,35.116075,80.1787777777778
1,35.0894916666667,80.1823666666667
1,35.0616944444444,80.1844027777778
1,35.0561138888889,80.1839305555555
1,35.0389777777778,80.1824444444444
1,35.0281722222222,80.17975
1,35.0169916666667,80.1761666666667
1,35.00945,80.1751666666667
1,35.0070916666667,80.1748111111111
1,35.0007972222222,80.1732833333333
1,34.9873333333333,80.1694222222222
1,34.9859083333333,80.168575
1,34.9810972222222,80.1657
1,34.9694916666667,80.158825
1,34.9462222222222,80.1494861111111
1,34.9440694444444,80.148325
1,34.9408472222222,80.1465472222222
1,34.9287944444444,80.1400555555556
1,34.9176055555556,80.1351111111111
1,34.9073472222222,80.1285833333333
1,34.8918972222222,80.1222
1,34.8907861111111,80.1213333333333
1,34.8876944444444,80.1179777777778
1,34.8714111111111,80.1090833333333
1,34.8660361111111,80.1045972222222
1,34.8653888888889,80.1037694444444
1,34.8550611111111,80.0916861111111
1,34.8523388888889,80.0886805555556
1,34.8521416666667,80.0870277777778
1,34.8472694444444,80.0825555555556
1,34.8269027777778,80.0716805555555
1,34.8194944444445,80.0703888888889
1,34.8075888888889,80.0681944444444
1,34.8035194444444,80.0675555555556
1,34.7946694444444,80.0665416666667
1,34.7891166666667,80.0655555555555
1,34.7832527777778,80.0661305555556
1,34.7767583333333,80.0667361111111
1,34.7744472222222,80.0673944444444
1,34.7579166666667,80.0689166666667
1,34.7570277777778,80.0686166666667
1,34.7527861111111,80.0699305555556
1,34.7445694444444,80.0713111111111
1,34.7358638888889,80.0712222222222
1,34.7340361111111,80.0708666666667
1,34.7315555555556,80.0710833333333
1,34.7217861111111,80.0697138888889
1,34.7195444444445,80.0693805555556
1,34.7181833333333,80.0695972222222
1,34.7166194444444,80.0687277777778
1,34.7132444444444,80.0675694444444
1,34.7106,80.0642361111111
1,34.710175,80.0620333333333
1,34.7095277777778,80.0611805555556
1,34.7089194444444,80.0579166666667
1,34.7075694444444,80.0565
1,34.7049805555556,80.0499222222222
1,34.7041333333333,80.0460694444444
1,34.7039527777778,80.0444305555556
1,34.7028527777778,80.0430138888889
1,34.7024861111111,80.0378194444444
1,34.7018194444444,80.03645
1,34.7011805555556,80.0350694444444
1,34.7005,80.0308611111111
1,34.6999472222222,80.0297138888889
1,34.6993222222222,80.0249305555556
1,34.6983916666667,80.0227416666667
1,34.6978138888889,80.0213472222222
1,34.6974166666667,80.0180333333333
1,34.6974472222222,80.0166722222222
1,34.6966527777778,80.0144722222222
1,34.6963611111111,80.0118805555556
1,34.6957138888889,80.0105055555556
1,34.6942666666667,80.0041722222222
1,34.6930694444444,79.9966527777778
1,34.6922416666667,79.99495
1,34.6915194444444,79.9933472222222
1,34.6912277777778,79.990125
1,34.69055,79.9853888888889
1,34.6900416666667,79.984325
1,34.6888388888889,79.9782777777778
1,34.6871444444444,79.9730472222222
1,34.6859305555556,79.9637083333333
1,34.6839805555556,79.9593055555556
1,34.6825222222222,79.9522
1,34.6805472222222,79.948575
1,34.680375,79.9447694444444
1,34.6795333333333,79.9430888888889
1,34.6801138888889,79.9349222222222
1,34.6808055555556,79.9333055555555
1,30.9997833333333,79.7559638888889
1,30.9991388888889,79.7594027777778
1,30.9941833333333,79.7643888888889
1,30.9919111111111,79.7652
1,30.9861055555556,79.7741305555556
1,30.9793916666667,79.7993194444444
1,30.977225,79.8061388888889
1,30.9707444444444,79.8187638888889
1,30.9703055555556,79.8232138888889
1,30.9705416666667,79.8245138888889
1,30.9722638888889,79.8298472222222
1,30.9731472222222,79.8318805555556
1,30.9760166666667,79.8372916666667
1,30.9769638888889,79.8441111111111
1,30.9738472222222,79.8548472222222
1,30.9743333333333,79.8606166666667
1,30.9732138888889,79.8658388888889
1,30.9718916666667,79.8687416666667
1,30.969625,79.8700694444444
1,30.9687388888889,79.871375
1,30.9680472222222,79.8724361111111
1,30.964225,79.8734777777778
1,30.9628805555556,79.8753472222222
1,30.9619638888889,79.8758611111111
1,30.9590305555556,79.8775888888889
1,30.9573555555556,79.8783111111111
1,30.9541722222222,79.87975
1,30.9513527777778,79.8806666666667
1,30.9454916666667,79.8830472222222
1,30.9427805555556,79.8838333333333
1,30.9421472222222,79.8849583333333
1,30.9339861111111,79.8873388888889
1,30.9317444444444,79.8883805555556
1,30.9231583333333,79.8889777777778
1,30.9222444444444,79.8902833333333
1,30.9193361111111,79.8913388888889
1,30.918225,79.8937138888889
1,30.9180277777778,79.8952833333333
1,30.9164583333333,79.9062638888889
1,30.9162416666667,79.9078333333333
1,30.9146972222222,79.91125
1,30.9110472222222,79.9131027777778
1,30.9086055555556,79.9157555555556
1,30.9047555555556,79.9168111111111
1,30.9025083333333,79.9197361111111
1,30.9002166666667,79.9204861111111
1,30.8961888888889,79.9218472222222
1,30.8934916666667,79.9244638888889
1,30.891675,79.9252777777778
1,30.8851527777778,79.9287138888889
1,30.8837944444444,79.9347555555556
1,30.8859194444444,79.9480555555556
1,30.8848333333333,79.9533472222222
1,30.8849305555556,79.9553333333333
1,30.88435,79.9577277777778
1,30.8832277777778,79.9601027777778
1,30.8785083333333,79.9735
1,30.8751805555556,79.981325
1,30.8662722222222,79.9945694444444
1,30.8629194444444,80.0012361111111
1,30.8617,80.0052
1,30.8603055555556,80.008375
1,30.8592388888889,80.0101583333333
1,30.857225,80.0128194444444
1,30.8547305555556,80.0151722222222
1,30.8540888888889,80.0164444444444
1,30.85295,80.01725
1,30.8491055555556,80.022
1,30.8468638888889,80.023075
1,30.8407805555556,80.03145
1,30.8394222222222,80.0317138888889
1,30.8367388888889,80.0385333333333
1,30.8362861111111,80.0414027777778
1,30.8367138888889,80.0434166666667
1,30.8358638888889,80.0518666666667
1,30.8367944444444,80.0562972222222
1,30.8369111111111,80.0577277777778
1,30.8336333333333,80.0602416666667
1,30.8323055555556,80.0613333333333
1,30.8313,80.0620833333333
1,30.8257305555556,80.06395
1,30.8169805555556,80.0778194444444
1,30.8161277777778,80.07825
1,30.8150055555556,80.0800888888889
1,30.8122388888889,80.083075
1,30.8108138888889,80.0832694444444
1,30.805175,80.0839583333333
1,30.8019388888889,80.0851944444444
1,30.7926055555556,80.0876111111111
1,30.7874888888889,80.0968611111111
1,30.7862083333333,80.0984361111111
1,30.78475,80.1001527777778
1,30.7831388888889,80.1015
1,30.7737666666667,80.1148944444444
1,30.7725555555556,80.1167
1,30.7718944444444,80.1214027777778
1,30.7737277777778,80.1266166666667
1,30.7792166666667,80.1322694444444
1,30.7803055555556,80.1339166666667
1,30.7839111111111,80.136
1,30.7868388888889,80.1396111111111
1,30.7889222222222,80.1510972222222
1,30.7896,80.1518888888889
1,30.7909472222222,80.1522833333333
1,30.7984083333333,80.1513194444445
1,30.8029333333333,80.1522361111111
1,30.8040555555556,80.1531305555556
1,30.8060888888889,80.158325
1,30.806325,80.1614583333333
1,30.8056527777778,80.170875
1,30.8049916666667,80.1729777777778
1,30.802875,80.1771527777778
1,30.8000583333333,80.1810972222222
1,30.7980166666667,80.1821666666667
1,30.7962,80.1832083333333
1,30.7948527777778,80.1845055555556
1,30.7934944444444,80.1866111111111
1,30.7910194444444,80.1881861111111
1,30.7883138888889,80.1897694444445
1,30.7877027777778,80.1905972222222
1,30.7864222222222,80.1919222222222
1,30.7822222222222,80.19475
1,30.7795222222222,80.1984166666667
1,30.7783944444444,80.198825
1,30.7732083333333,80.1989777777778
1,30.7675361111111,80.1984722222222
1,30.7630222222222,80.2000277777778
1,30.7591888888889,80.2029638888889
1,30.7577916666667,80.2036527777778
1,30.7566888888889,80.2040055555556
1,30.7539944444444,80.2089722222222
1,30.752875,80.2108111111111
1,30.7506416666667,80.2215055555556
1,30.7569583333333,80.2243472222222
1,30.7585416666667,80.2263111111111
1,30.7593333333333,80.2283194444445
1,30.7599305555556,80.2313944444444
1,30.7588055555556,80.2345277777778
1,30.7578916666667,80.2353333333333
1,30.7581194444444,80.2363666666667
1,30.7569805555556,80.2373944444444
1,30.7532416666667,80.2397138888889
1,30.7513333333333,80.2405472222222
1,30.7509055555556,80.2416111111111
1,30.7495194444444,80.2418888888889
1,30.7463833333333,80.2435611111111
1,30.7410833333333,80.2465
1,30.7378694444444,80.2485277777778
1,30.7335361111111,80.2507916666667
1,30.730575,80.2507972222222
1,30.7294305555556,80.2504027777778
1,30.7224222222222,80.2461388888889
1,30.7154388888889,80.2443333333333
1,30.7104583333333,80.2388527777778
1,30.7075138888889,80.2370333333333
1,30.6973833333333,80.2347083333333
1,30.6934111111111,80.2335055555556
1,30.6901027777778,80.2331944444444
1,30.6880638888889,80.2306111111111
1,30.6843944444444,80.2225138888889
1,30.6829777777778,80.2123888888889
1,30.6823361111111,80.2105694444444
1,30.6796888888889,80.2067555555555
1,30.6787694444444,80.206125
1,30.6751555555556,80.1989583333333
1,30.6724361111111,80.1962277777778
1,30.67095,80.1955
1,30.6676583333333,80.1945833333333
1,30.6626972222222,80.1938888888889
1,30.6581861111111,80.1965194444444
1,30.6550444444444,80.2017555555556
1,30.6541305555556,80.2017638888889
1,30.6495777777778,80.2106861111111
1,30.6478361111111,80.2142972222222
1,30.6467111111111,80.2142916666667
1,30.6445888888889,80.2165
1,30.6417444444444,80.2197972222222
1,30.6379194444444,80.2223055555556
1,30.6342833333333,80.2227138888889
1,30.6295611111111,80.2211388888889
1,30.627375,80.219
1,30.6234388888889,80.2162361111111
1,31.5253555555556,74.6049722222222
1,31.5273777777778,74.6105055555555
1,31.529425,74.6125888888889
1,31.5330972222222,74.6142138888889
1,31.5339388888889,74.615375
1,31.5357361111111,74.6158666666667
1,31.5400277777778,74.6163194444444
1,31.5416111111111,74.6172
1,31.5454444444444,74.6173333333333
1,31.5463638888889,74.616125
1,31.5501694444444,74.6164638888889
1,31.5538972222222,74.618575
1,31.5565861111111,74.6188666666667
1,31.5581166666667,74.6155833333333
1,31.5596583333333,74.6118527777778
1,31.5627277777778,74.6117
1,31.5634944444444,74.6173666666667
1,31.5650277777778,74.619
1,31.5689944444444,74.6175138888889
1,31.5697666666667,74.6145194444444
1,31.5693805555556,74.6107972222222
1,31.572575,74.6046722222222
1,31.5747777777778,74.5996583333333
1,31.5757111111111,74.5956861111111
1,31.5775277777778,74.5920138888889
1,31.5836111111111,74.5895972222222
1,31.5848083333333,74.5882222222222
1,31.5854916666667,74.5864361111111
1,31.5863833333333,74.5835611111111
1,31.5874611111111,74.5817138888889
1,31.5967111111111,74.5785138888889
1,31.6025888888889,74.5792777777778
1,31.6035083333333,74.5782638888889
1,31.6050972222222,74.5761388888889
1,31.6073361111111,74.5619222222222
1,31.6100611111111,74.5563388888889
1,31.6114194444444,74.5552916666667
1,31.6168055555556,74.5526305555556
1,31.6192833333333,74.5523611111111
1,31.6285638888889,74.5524722222222
1,31.6294777777778,74.5520694444444
1,31.6310361111111,74.5500555555556
1,31.634,74.5473388888889
1,31.6416,74.5464222222222
1,31.6439305555556,74.5457138888889
1,31.6463833333333,74.5409916666667
1,31.6473055555556,74.5405972222222
1,31.6554527777778,74.5409777777778
1,31.6579305555556,74.5401722222222
1,31.658825,74.539625
1,31.6635722222222,74.5327555555556
1,31.6649305555556,74.5320833333333
1,31.6692222222222,74.5317
1,31.672825,74.5347222222222
1,31.6744055555556,74.5353611111111
1,31.6780333333333,74.5352416666667
1,31.6793916666667,74.5346027777778
1,31.6812027777778,74.5316722222222
1,31.6823222222222,74.5307638888889
1,31.6849861111111,74.5295694444444
1,31.6865027777778,74.5277694444444
1,31.6874666666667,74.5266944444444
1,31.6881444444444,74.5253805555556
1,31.6895416666667,74.5195138888889
1,31.6915833333333,74.5158055555555
1,31.6929194444444,74.5155333333333
1,31.694725,74.5129027777778
1,31.6965361111111,74.5073472222222
1,31.6976305555556,74.5057083333333
1,31.7028638888889,74.5041944444444
1,31.7051138888889,74.5012916666667
1,31.7108194444444,74.4955138888889
1,31.7129944444444,74.4927972222222
1,31.7154916666667,74.4883111111111
1,31.7165277777778,74.4867833333333
1,31.7209083333333,74.4845694444444
1,31.7220833333333,74.4874916666667
1,31.7252083333333,74.4911861111111
1,31.7277388888889,74.49925
1,31.728825,74.5014777777778
1,31.7374527777778,74.5039722222222
1,31.7401,74.5051944444444
1,31.7409472222222,74.5071305555555
1,31.7414777777778,74.5103944444444
1,31.7394638888889,74.5164916666667
1,31.740475,74.5188888888889
1,31.7409583333333,74.5200833333333
1,31.7428638888889,74.5234583333333
1,31.7500916666667,74.5407777777778
1,31.7514666666667,74.5483944444444
1,31.7510361111111,74.5539777777778
1,31.7507861111111,74.557375
1,31.7528361111111,74.5629305555555
1,31.7535027777778,74.5637361111111
1,31.754625,74.5641388888889
1,31.7577944444444,74.5639916666667
1,31.7596111111111,74.5613611111111
1,31.7636694444444,74.5594722222222
1,31.7657111111111,74.5568388888889
1,31.7767694444444,74.5560138888889
1,31.7781527777778,74.5562833333333
1,31.7846694444444,74.5591666666667
1,31.79055,74.5665611111111
1,31.7919027777778,74.5669583333333
1,31.7948416666667,74.5668194444444
1,31.7957416666667,74.5655055555556
1,31.7968833333333,74.5615555555556
1,31.7986944444444,74.5614222222222
1,31.8081833333333,74.5696944444444
1,31.8156388888889,74.5723111111111
1,31.8190583333333,74.5716944444444
1,31.8219472222222,74.5683472222222
1,31.8228666666667,74.56795
1,31.8280555555556,74.5678333333333
1,31.8292027777778,74.5684777777778
1,31.8328083333333,74.5767972222222
1,31.8420694444444,74.5847
1,31.8438833333333,74.5926111111111
1,31.845125,74.5928055555555
1,31.8554083333333,74.5944777777778
1,31.8572138888889,74.5954916666667
1,31.8591694444444,74.5977416666667
1,31.8651194444444,74.6081861111111
1,31.867825,74.6085333333333
1,31.8775333333333,74.6081666666667
1,31.8795833333333,74.6086722222222
1,31.8838694444444,74.6102833333333
1,31.8854611111111,74.6113611111111
1,31.8863777777778,74.6125333333333
1,31.8868333333333,74.6147638888889
1,31.8856888888889,74.6160833333333
1,31.8843361111111,74.616625
1,31.8816027777778,74.6240416666667
1,31.8811888888889,74.6274777777778
1,31.8816305555556,74.634875
1,31.8832111111111,74.6388388888889
1,31.8857083333333,74.6420611111111
1,31.8873194444444,74.6431944444444
1,31.8899777777778,74.6459777777778
1,31.8947305555556,74.647825
1,31.8969805555556,74.6501944444445
1,31.8972111111111,74.6512361111111
1,31.8972111111111,74.6565611111111
1,31.8960888888889,74.6594638888889
1,31.8965222222222,74.6607777777778
1,31.8983333333333,74.6631444444444
1,31.9010416666667,74.6639444444445
1,31.9048972222222,74.6636722222222
1,31.9094222222222,74.6639305555556
1,31.9116694444444,74.6687138888889
1,31.9137111111111,74.6713472222222
1,31.9184666666667,74.6722555555556
1,31.9189027777778,74.67425
1,31.9170888888889,74.6790055555556
1,31.9168555555556,74.680325
1,31.9170861111111,74.6816444444444
1,31.9182138888889,74.6825472222222
1,31.9211666666667,74.6864222222222
1,31.9218361111111,74.6885416666667
1,31.9232805555556,74.6971166666667
1,31.9230638888889,74.6996444444445
1,31.9227222222222,74.7020055555556
1,31.9211416666667,74.70545
1,31.9202416666667,74.7067694444444
1,31.9188916666667,74.707575
1,31.9175305555556,74.7083888888889
1,31.917075,74.7094305555556
1,31.9163833333333,74.7134083333333
1,31.9195472222222,74.7216027777778
1,31.9249888888889,74.7217416666667
1,31.9277638888889,74.7193194444444
1,31.9291,74.7187555555556
1,31.932425,74.7187
1,31.9355916666667,74.7199861111111
1,31.9364861111111,74.7211722222222
1,31.9378611111111,74.7252833333333
1,31.9383222222222,74.7297694444444
1,31.9380833333333,74.7324361111111
1,31.9380861111111,74.73375
1,31.9430166666667,74.7374083333333
1,31.9408,74.7417833333333
1,36.6947277777778,73.1383805555556
1,36.6949722222222,73.1394638888889
1,36.6985166666667,73.1439916666667
1,36.6995138888889,73.1481111111111
1,36.7019222222222,73.1520694444445
1,36.7030416666667,73.1571666666667
1,36.7051888888889,73.1617972222222
1,36.7067027777778,73.1706666666667
1,36.7076861111111,73.1739583333333
1,36.7090722222222,73.1755833333333
1,36.7105,73.1796722222222
1,36.7116277777778,73.1801944444445
1,36.7118527777778,73.1812916666667
1,36.7130472222222,73.1837638888889
1,36.7196055555556,73.1860055555556
1,36.7203111111111,73.1879305555556
1,36.7192916666667,73.1924027777778
1,36.7173388888889,73.19445
1,36.7160472222222,73.1980833333333
1,36.7140972222222,73.2000972222222
1,36.7141166666667,73.2012277777778
1,36.7096972222222,73.2052916666667
1,36.7019444444445,73.2074861111111
1,36.7003916666667,73.2083805555556
1,36.699725,73.2092277777778
1,36.6997555555556,73.2103611111111
1,36.6988944444444,73.2129027777778
1,36.6979166666667,73.2242833333333
1,36.6980166666667,73.2329305555556
1,36.7008805555556,73.2411583333333
1,36.7014583333333,73.2469722222222
1,36.7028361111111,73.2483055555555
1,36.7073805555556,73.2512222222222
1,36.7074194444444,73.2539916666667
1,36.7079194444444,73.2664777777778
1,36.7070777777778,73.2687361111111
1,36.7070194444444,73.2747277777778
1,36.7065888888889,73.2758472222222
1,36.7073638888889,73.2926166666667
1,36.7071138888889,73.2960694444444
1,36.7068333333333,73.2995833333333
1,36.7055611111111,73.3018527777778
1,36.7050138888889,73.3063111111111
1,36.7048916666667,73.3132638888889
1,36.7058694444444,73.3165555555556
1,36.706975,73.3172833333333
1,36.7074611111111,73.3183944444444
1,36.7090472222222,73.3194361111111
1,36.7113527777778,73.3219361111111
1,36.7139638888889,73.3287777777778
1,36.714425,73.3398944444444
1,36.7130027777778,73.3479861111111
1,36.7132388888889,73.3536527777778
1,36.713925,73.3593666666667
1,36.7182944444444,73.3636805555556
1,36.7223777777778,73.3653111111111
1,36.7311166666667,73.3676666666667
1,36.7322694444444,73.3684444444444
1,36.7327361111111,73.3698388888889
1,36.7334083333333,73.3706305555556
1,36.734,73.3767138888889
1,36.7322722222222,73.3814361111111
1,36.7312638888889,73.3844361111111
1,36.7300055555556,73.3882638888889
1,36.7304333333333,73.3979916666667
1,36.7316583333333,73.4043333333333
1,36.7331805555556,73.4131805555556
1,36.7336694444444,73.4145694444445
1,36.7366805555556,73.42045
1,36.7367083333333,73.4215888888889
1,36.7374583333333,73.423875
1,36.7386527777778,73.4277277777778
1,36.7397833333333,73.4285138888889
1,36.74005,73.4304777777778
1,36.7430277777778,73.4348111111111
1,36.7435888888889,73.4400833333333
1,36.7429805555556,73.4422972222222
1,36.7416694444444,73.4437277777778
1,36.7352638888889,73.4489361111111
1,36.7344222222222,73.4512
1,36.7331305555556,73.4537638888889
1,36.7314861111111,73.4599361111111
1,36.7308194444444,73.4607777777778
1,36.7301611111111,73.4619083333333
1,36.7294333333333,73.4708527777778
1,36.7311166666667,73.4752277777778
1,36.7315972222222,73.4763388888889
1,36.7325055555556,73.4777
1,36.7323527777778,73.4810333333333
1,36.7284027777778,73.4850694444444
1,36.726475,73.4930055555556
1,36.7250416666667,73.4943611111111
1,36.7214777777778,73.4980611111111
1,36.7197916666667,73.5022916666667
1,36.7184638888889,73.5034444444444
1,36.7175972222222,73.5051444444444
1,36.7154083333333,73.5074361111111
1,36.7138916666667,73.5100055555556
1,36.713975,73.5139027777778
1,36.7166194444444,73.5177361111111
1,34.0418694444444,79.4285611111111
1,34.0382111111111,79.4306444444444
1,34.0354583333333,79.433575
1,34.0331583333333,79.4349083333333
1,34.0270277777778,79.4364222222222
1,34.02145,79.4322694444444
1,34.0165611111111,79.4256444444444
1,34.0158361111111,79.4243888888889
1,34.0130416666667,79.4190694444444
1,34.0133333333333,79.4128472222222
1,34.0140333333333,79.4106805555556
1,34.0186555555556,79.405575
1,34.0206972222222,79.4042694444445
1,34.0218222222222,79.4042833333333
1,34.0222972222222,79.4029361111111
1,34.0241694444444,79.3991666666667
1,34.0250777777778,79.3983888888889
1,34.02555,79.3972916666667
1,34.0265972222222,79.3914916666667
1,34.0276972222222,79.3901861111111
1,34.0296166666667,79.3808194444444
1,34.0303277777778,79.3794777777778
1,34.0318666666667,79.3741805555555
1,34.0322166666667,79.3710194444444
1,34.0333472222222,79.3651666666667
1,34.0335722222222,79.3639222222222
1,34.0349611111111,79.3548472222222
1,34.0354444444444,79.3516027777778
1,34.03625,79.34345
1,34.0369777777778,79.3402138888889
1,34.0381527777778,79.3314027777778
1,34.0387166666667,79.3236388888889
1,34.0395138888889,79.319625
1,34.0415083333333,79.3044861111111
1,34.0416277777778,79.2955194444444
1,34.0412166666667,79.2930611111111
1,34.0384111111111,79.2829777777778
1,34.0378805555556,79.2729222222222
1,34.0385694444444,79.2707638888889
1,34.0418111111111,79.2675333333333
1,34.0443277777778,79.263
1,34.0454638888889,79.2621861111111
1,34.0459361111111,79.261125
1,34.0468944444444,79.2587083333333
1,34.047125,79.2568111111111
1,34.0487583333333,79.2514861111111
1,34.0487833333333,79.2495833333333
1,34.0497694444444,79.2462638888889
1,34.0496666666667,79.2364638888889
1,34.0501333333333,79.2354027777778
1,34.0510833333333,79.2297138888889
1,34.0512305555555,79.2183194444444
1,34.0506611111111,79.2123194444444
1,34.0493277777778,79.2087972222222
1,34.0489111111111,79.2055333333333
1,34.0493777777778,79.1992555555556
1,34.0497138888889,79.1965833333333
1,34.0531722222222,79.1922555555556
1,34.0604805555556,79.1864361111111
1,34.0647777777778,79.1817361111111
1,34.0687222222222,79.1784083333333
1,34.07055,79.1773666666667
1,34.0710305555556,79.1757416666667
1,34.0713361111111,79.1697638888889
1,34.0702277777778,79.1667638888889
1,34.0666055555556,79.1656027777778
1,34.065075,79.1634222222222
1,34.0648944444444,79.1596166666667
1,34.0667777777778,79.1520333333333
1,34.0665722222222,79.1501583333333
1,34.0636527777778,79.1481722222222
1,34.0616416666667,79.147625
1,34.0437777777778,79.1457083333333
1,34.0415416666667,79.1445694444444
1,34.0336611111111,79.1422916666667
1,34.0286,79.1373527777778
1,34.0257138888889,79.1343388888889
1,34.0250472222222,79.1329444444444
1,34.0233944444444,79.1309916666667
1,34.0227388888889,79.129625
1,34.0207861111111,79.1203527777778
1,34.0201444444444,79.1187222222222
1,29.4244055555556,80.2473888888889
1,29.4182972222222,80.2474083333333
1,29.4130888888889,80.2461666666667
1,29.4083777777778,80.2467361111111
1,29.4065444444444,80.2474444444444
1,29.4031527777778,80.2549444444444
1,29.4004472222222,80.2588194444444
1,29.399325,80.2593472222222
1,29.3958694444444,80.2670194444444
1,29.3953472222222,80.2700333333333
1,29.3954861111111,80.2719777777778
1,29.3941583333333,80.2747972222222
1,29.39255,80.2760888888889
1,29.3862416666667,80.2779861111111
1,29.3817416666667,80.2786861111111
1,29.3800416666667,80.2790055555556
1,29.3722305555556,80.2796444444444
1,29.369825,80.2771444444444
1,29.3677027777778,80.2742138888889
1,29.36635,80.2735972222222
1,29.3634111111111,80.2738666666667
1,29.3600222222222,80.2790333333333
1,29.3591305555556,80.2795555555555
1,29.3575416666667,80.2815972222222
1,29.3552972222222,80.2827555555556
1,29.3441388888889,80.2834638888889
1,29.3421888888889,80.2839444444444
1,29.3390305555556,80.2898888888889
1,29.3387972222222,80.2932361111111
1,29.3320277777778,80.295575
1,29.3252527777778,80.2953333333333
1,29.3233361111111,80.3002555555556
1,29.3227805555556,80.3015194444444
1,29.3224638888889,80.30395
1,29.3238916666667,80.30975
1,29.3236833333333,80.3107916666667
1,29.32305,80.31245
1,29.3219916666667,80.31375
1,29.3209805555556,80.3151666666667
1,29.3157944444444,80.3152555555556
1,29.314575,80.3152833333333
1,29.3113111111111,80.3158194444444
1,29.3065444444444,80.3171388888889
1,29.3033472222222,80.3180333333333
1,29.2980027777778,80.3179166666667
1,29.29635,80.3175277777778
1,29.2897694444444,80.3097972222222
1,29.2814166666667,80.3064777777778
1,29.2730333333333,80.3057638888889
1,29.2626527777778,80.3032083333333
1,29.2513555555556,80.3016944444444
1,29.2491277777778,80.3016527777778
1,29.2459388888889,80.3015833333333
1,29.2441277777778,80.3026305555556
1,29.2396,80.3027638888889
1,29.2353083333333,80.298
1,29.2344083333333,80.296325
1,29.2334916666667,80.2960972222222
1,29.2197138888889,80.296625
1,29.2147388888889,80.2984361111111
1,29.2136111111111,80.2999861111111
1,29.2054888888889,80.3015472222222
1,29.2014222222222,80.3018194444444
1,29.199675,80.3014861111111
1,29.1968916666667,80.3007833333333
1,29.1932861111111,80.2969583333333
1,29.1930611111111,80.2954166666667
1,29.1941805555556,80.2902694444444
1,29.1954361111111,80.2878611111111
1,29.1976888888889,80.2868888888889
1,29.2038361111111,80.2848388888889
1,29.2048,80.2835472222222
1,29.2055166666667,80.2825277777778
1,29.2061305555556,80.2809861111111
1,29.2060777777778,80.2737
1,29.2063527777778,80.2709638888889
1,29.2090472222222,80.26325
1,29.2099722222222,80.2629861111111
1,29.2169666666667,80.2601388888889
1,29.2174055555556,80.2590972222222
1,29.2183194444444,80.2562416666667
1,29.2176194444444,80.2526722222222
1,29.2156,80.251375
1,29.2009305555556,80.2489777777778
1,29.1997527777778,80.2497138888889
1,29.1956972222222,80.2541944444444
1,29.1948083333333,80.2557361111111
1,29.1918972222222,80.2578611111111
1,29.1900611111111,80.2601944444445
1,29.1891666666667,80.2604583333333
1,29.1857694444444,80.2625472222222
1,29.1837527777778,80.2632916666667
1,29.1781,80.2643333333333
1,29.1742694444444,80.2643388888889
1,29.1697388888889,80.2623194444444
1,29.1632,80.2619361111111
1,29.1606972222222,80.2644083333333
1,29.1579916666667,80.2651666666667
1,32.3344666666667,75.3104027777778
1,32.3362638888889,75.30795
1,32.3360194444444,75.3069027777778
1,32.3366527777778,75.3031388888889
1,32.337575,75.3025833333333
1,32.3421138888889,75.3016944444444
1,32.3445777777778,75.2989777777778
1,32.3457,75.2973611111111
1,32.3461305555556,75.2956805555555
1,32.3474777777778,75.2909166666667
1,32.3492527777778,75.2885972222222
1,32.3501416666667,75.2876388888889
1,32.3527416666667,75.2881666666667
1,32.3576805555556,75.2901944444444
1,32.3617555555556,75.2887972222222
1,32.364675,75.2855416666667
1,32.3653333333333,75.2839305555555
1,32.3650083333333,75.2750888888889
1,32.3656805555556,75.2732083333333
1,32.3656611111111,75.2715972222222
1,32.362225,75.2636861111111
1,32.3623388888889,75.2590694444444
1,32.3632444444444,75.25745
1,32.3648361111111,75.2566305555556
1,32.3698277777778,75.2549444444444
1,32.3712,75.2557361111111
1,32.3716555555556,75.2567833333333
1,32.3750611111111,75.2556666666667
1,32.376125,75.2555972222222
1,32.3801138888889,75.2558527777778
1,32.3817972222222,75.2551666666667
1,32.3834888888889,75.2535416666667
1,32.3838111111111,75.2513805555556
1,32.382675,75.2472222222222
1,32.3822027777778,75.2458944444444
1,32.378975,75.2424361111111
1,32.3787305555556,75.241375
1,32.3782666666667,75.2381861111111
1,32.3791527777778,75.237375
1,32.3798361111111,75.2363055555556
1,32.3816305555556,75.2338472222222
1,32.3820611111111,75.23275
1,32.385,75.2308611111111
1,32.3856805555556,75.2292416666667
1,32.3851833333333,75.2246861111111
1,32.3853666666667,75.2222555555556
1,32.3862805555556,75.2214583333333
1,32.3912416666667,75.2189444444444
1,32.3925861111111,75.2168055555556
1,32.3937,75.2151722222222
1,32.3938888888889,75.2116944444444
1,32.3927388888889,75.2101111111111
1,32.3918277777778,75.2087638888889
1,32.3913361111111,75.2058333333333
1,32.3895,75.2050555555556
1,32.3890472222222,75.2039916666667
1,32.3895694444444,75.1989861111111
1,32.3900833333333,75.1972916666667
1,32.3914388888889,75.1951111111111
1,32.3956888888889,75.1910138888889
1,32.3970555555556,75.1904722222222
1,32.4014027777778,75.1914583333333
1,32.4027833333333,75.1925194444445
1,32.4032583333333,75.1941166666667
1,32.4042027777778,75.1975833333333
1,32.4064861111111,75.1999638888889
1,32.4094722222222,75.1998888888889
1,32.4128416666667,75.1979777777778
1,32.4137416666667,75.1976944444445
1,32.4148527777778,75.1936444444444
1,32.4184194444444,75.1882277777778
1,32.4185611111111,75.1801944444445
1,32.4164166666667,75.1727138888889
1,32.4168277777778,75.1681722222222
1,32.4174861111111,75.1670972222222
1,32.4174666666667,75.1657638888889
1,32.4145083333333,75.1631166666667
1,32.4130972222222,75.16045
1,32.4112361111111,75.1559444444444
1,32.4114027777778,75.1500333333333
1,32.4088555555556,75.1452972222222
1,32.4083833333333,75.1442416666667
1,36.8858972222222,73.8891527777778
1,36.88505,73.8911388888889
1,36.8789194444444,73.8977916666667
1,36.8745,73.9014916666667
1,36.8708472222222,73.909375
1,36.8708638888889,73.9105
1,36.8702083333333,73.9116166666667
1,36.8698,73.9147222222222
1,36.8705222222222,73.9169305555556
1,36.8762027777778,73.9214861111111
1,36.8765361111111,73.927575
1,36.8751583333333,73.9295694444444
1,36.8749777777778,73.9307138888889
1,36.8732694444444,73.9329638888889
1,36.8724194444444,73.9363333333333
1,36.8708666666667,73.9374777777778
1,36.8668472222222,73.9416583333333
1,36.8634222222222,73.9463611111111
1,36.8611388888889,73.9491527777778
1,36.8604666666667,73.9499916666667
1,36.8590916666667,73.9516805555556
1,36.8553361111111,73.9563388888889
1,36.8495138888889,73.9605833333333
1,36.8493777777778,73.9617638888889
1,36.8470833333333,73.9633333333333
1,36.8427416666667,73.9658611111111
1,36.8385583333333,73.9698888888889
1,36.8352805555556,73.9747083333333
1,36.8344944444444,73.9769583333333
1,36.8337111111111,73.9790194444444
1,36.831375,73.9817972222222
1,36.8309444444444,73.9831666666667
1,36.8301,73.9857416666667
1,36.8281055555556,73.9874305555556
1,36.8270444444445,73.9905194444444
1,36.8250611111111,73.9928111111111
1,36.8248694444445,73.9947694444444
1,36.8227083333333,73.9984444444444
1,36.8232444444444,74.0031527777778
1,36.823675,74.0045277777778
1,36.8255833333333,74.0095
1,36.8262027777778,74.0192277777778
1,36.8255638888889,74.0203472222222
1,36.8247388888889,74.0237083333333
1,36.8240777777778,74.0251111111111
1,36.8228555555556,74.0282555555556
1,36.8212305555556,74.0301861111111
1,36.8199222222222,74.0321805555556
1,36.8197416666667,74.0332833333333
1,36.8177527777778,74.0353194444444
1,36.8175444444444,74.0364305555556
1,36.8169166666667,74.0384027777778
1,36.8140333333333,74.040125
1,36.80505,74.0506944444444
1,36.8048833333333,74.0543194444444
1,36.8053611111111,74.0556944444444
1,36.8062666666667,74.0565055555556
1,36.8071666666667,74.0575833333333
1,36.8074222222222,74.0592361111111
1,36.8087972222222,74.0608666666667
1,36.811875,74.0640888888889
1,36.8163194444444,74.0687416666667
1,36.8270194444445,74.080075
1,36.8293,74.0821388888889
1,36.8326888888889,74.0862694444444
1,36.8336444444444,74.0873527777778
1,36.8345583333333,74.0887083333333
1,36.8370583333333,74.0912138888889
1,36.8370777777778,74.0928805555556
1,36.8365277777778,74.0993111111111
1,36.836075,74.1007083333333
1,36.8355333333333,74.1079638888889
1,36.8341861111111,74.1128527777778
1,36.8335333333333,74.1145416666667
1,36.8325777777778,74.1171944444444
1,36.8316388888889,74.1182416666666
1,36.8308138888889,74.1194861111111
1,36.8311694444444,74.1267138888889
1,36.8320916666667,74.1289083333333
1,36.8332694444444,74.1327777777778
1,36.8343805555556,74.1339444444445
1,36.8346277777778,74.1350277777778
1,36.8367166666667,74.1376805555556
1,36.838575,74.1412555555556
1,36.8455638888889,74.1449583333333
1,36.8467,74.1463194444444
1,36.8502944444444,74.1462694444444
1,36.8584472222222,74.1482833333333
1,36.8606027777778,74.1481666666667
1,36.8621888888889,74.1489722222222
1,36.8704194444444,74.150375
1,36.8806666666667,74.1529222222222
1,36.8842361111111,74.154125
1,36.8872138888889,74.1553666666667
1,36.8909638888889,74.157075
1,36.8964027777778,74.1611583333333
1,36.8968833333333,74.1627361111111
1,36.8989083333333,74.1640694444445
1,36.8993833333333,74.1654638888889
1,36.8998555555556,74.1668388888889
1,36.9010138888889,74.1676305555556
1,36.9024027777778,74.1720555555556
1,36.9024888888889,74.1775972222222
1,36.9025166666667,74.1789777777778
1,36.9021166666667,74.1823333333333
1,36.9019166666667,74.1840333333333
1,36.9008555555556,74.1860138888889
1,36.9007944444444,74.1920333333333
1,36.9003611111111,74.1931805555556
1,36.9003083333333,74.1944027777778
1,36.8996555555556,74.1960888888889
1,36.8993777777778,74.2029444444445
1,36.8986944444444,74.2052777777778
1,36.8978888888889,74.2105888888889
1,36.8973694444444,74.2163055555556
1,36.8971,74.2178472222222
1,36.89625,74.2201027777778
1,36.895625,74.2223527777778
1,36.8956527777778,74.2239916666667
1,36.8944333333333,74.2262555555556
1,36.8936972222222,74.2286583333333
1,36.89275,74.2317416666667
1,36.8912944444444,74.2332972222222
1,36.8902638888889,74.2369444444444
1,36.8873805555556,74.240075
1,36.8869777777778,74.2417555555556
1,36.8860861111111,74.2426305555556
1,36.8858805555556,74.2440555555556
1,36.8858944444444,74.2454361111111
1,36.8850472222222,74.2465333333333
1,36.8846472222222,74.2496305555556
1,36.8851027777778,74.2510277777778
1,36.8847138888889,74.2538111111111
1,36.8850361111111,74.2599027777778
1,36.8866472222222,74.2626666666667
1,36.893675,74.2699722222222
1,36.8943777777778,74.2707972222222
1,36.8949583333333,74.2717361111111
1,36.8953194444444,74.2730055555556
1,36.8982583333333,74.2765472222222
1,36.8996861111111,74.2804166666667
1,36.9014888888889,74.2820055555556
1,36.903375,74.2878388888889
1,36.9046944444444,74.2892694444444
1,36.9060166666667,74.2924638888889
1,36.9074777777778,74.2959361111111
1,36.9085083333333,74.2967416666667
1,36.9107722222222,74.3032
1,36.9116666666667,74.3037416666667
1,36.9140166666667,74.3100888888889
1,36.9142666666667,74.3114722222222
1,36.9165333333333,74.3141861111111
1,36.9174888888889,74.3169305555556
1,36.9201888888889,74.3196305555555
1,36.9208972222222,74.3212777777778
1,36.9211444444444,74.3224083333333
1,36.9220694444444,74.3234861111111
1,36.9245305555555,74.3256527777778
1,36.9247805555556,74.3270694444444
1,36.9277555555555,74.3311722222222
1,36.9288944444444,74.3328194444444
1,36.9348277777778,74.3387694444444
1,36.9389944444444,74.3448527777778
1,36.9401805555555,74.3465194444444
1,36.941225,74.3480833333333
1,36.941675,74.3491666666667
1,36.9489944444444,74.3571583333333
1,36.9497,74.3585
1,36.9552555555556,74.3638388888889
1,36.9557111111111,74.3652138888889
1,36.9565194444444,74.3660972222222
1,36.9573944444445,74.3668666666667
1,36.9599638888889,74.3740416666667
1,36.9617555555556,74.3756388888889
1,36.962225,74.3767555555555
1,36.9664361111111,74.3872277777778
1,36.9664722222222,74.3897555555556
1,36.9673833333333,74.3913666666667
1,36.9680194444444,74.4050194444444
1,36.96945,74.4094222222222
1,36.9694722222222,74.4105611111111
1,36.9715166666667,74.4141305555556
1,34.019975,79.1151861111111
1,34.0181861111111,79.1111111111111
1,34.0182916666667,79.1008805555555
1,34.0187527777778,79.0987
1,34.0188527777778,79.0940277777778
1,34.0203111111111,79.0877833333333
1,34.0203666666667,79.082625
1,34.0212916666667,79.0810138888889
1,34.0226972222222,79.0769777777778
1,34.0227111111111,79.0756111111111
1,34.0239027777778,79.0701861111111
1,34.0267027777778,79.0642777777778
1,34.0271666666667,79.0604777777778
1,34.0288111111111,79.0577777777778
1,34.0293833333333,79.0558472222222
1,34.029825,79.0547777777778
1,34.0299583333333,79.0534638888889
1,34.0311194444444,79.0526722222222
1,34.0323055555556,79.0499638888889
1,34.0332277777778,79.045375
1,34.0341722222222,79.0429583333333
1,34.0366861111111,79.0410694444444
1,34.0371694444444,79.0386444444444
1,34.0396833333333,79.0359777777778
1,34.0401555555556,79.0346111111111
1,34.0406416666667,79.0332361111111
1,34.0424388888889,79.0322138888889
1,34.0431527777778,79.030325
1,34.0436277777778,79.0287
1,34.0468222222222,79.0265694444444
1,34.0475305555556,79.0236027777778
1,34.0484444444444,79.0219916666667
1,34.0493777777778,79.0209027777778
1,34.0487722222222,79.0133055555555
1,34.0456722222222,79.007
1,34.0452833333333,79.0034583333333
1,34.0446527777778,79.0020416666667
1,34.0430694444444,78.9975277777778
1,34.0423944444444,78.9967138888889
1,34.0421166666667,78.9952555555556
1,34.0404388888889,78.9906444444444
1,34.0389361111111,78.9854722222222
1,34.0384916666667,78.9843888888889
1,34.0365027777778,78.9794777777778
1,34.0353916666667,78.9780833333333
1,34.0344861111111,78.9769638888889
1,34.0340638888889,78.9732361111111
1,34.0338777777778,78.9718055555555
1,34.0328611111111,78.9685888888889
1,34.0318944444444,78.9663611111111
1,34.0314611111111,78.9639027777778
1,34.0314666666667,78.9628055555555
1,34.0308138888889,78.9617138888889
1,34.0306027777778,78.9603611111111
1,34.0288194444444,78.9573611111111
1,34.0288388888889,78.956
1,34.0279777777778,78.9524638888889
1,34.0273388888889,78.9505472222222
1,34.0253277777778,78.9475138888889
1,34.0233416666667,78.9418111111111
1,34.0226694444444,78.9401805555556
1,34.0224777777778,78.9390972222222
1,34.0189888888889,78.9363666666667
1,34.0105722222222,78.9310416666667
1,33.9975277777778,78.9257
1,33.9921444444444,78.9219583333333
1,33.9876305555556,78.9182277777778
1,33.9793833333333,78.9094361111111
1,33.9787277777778,78.9067222222222
1,33.9760305555556,78.9047833333333
1,33.9746805555556,78.9042083333333
1,33.9703833333333,78.9036305555556
1,33.9674083333333,78.9052138888889
1,33.9656027777778,78.9065333333333
1,33.9626194444444,78.9097416666667
1,33.9619472222222,78.9105694444444
1,33.9610027777778,78.9124305555556
1,33.9601055555556,78.9129638888889
1,33.9587027777778,78.9164777777778
1,33.9577777777778,78.9172972222222
1,33.9573083333333,78.9183611111111
1,33.9557277777778,78.9196861111111
1,33.9523055555556,78.9212638888889
1,33.9319666666667,78.9328388888889
1,33.9256583333333,78.9355194444445
1,33.9231444444444,78.9387361111111
1,33.9223916666667,78.9441861111111
1,33.9191888888889,78.9468388888889
1,33.9151055555556,78.9478888888889
1,33.9142166666667,78.947325
1,33.9135472222222,78.9454083333333
1,33.9070277777778,78.9423194444445
1,33.9017694444444,78.9482222222222
1,33.9008361111111,78.9512138888889
1,33.8974083333333,78.9530277777778
1,33.8919805555555,78.9537777777778
1,33.8876944444444,78.9520694444444
1,33.8694777777778,78.9602361111111
1,33.8581027777778,78.9662972222222
1,33.8505638888889,78.9713472222222
1,33.849725,78.9724861111111
1,33.8482805555556,78.9737638888889
1,33.8409916666667,78.9780055555556
1,33.8389583333333,78.9787777777778
1,33.8131388888889,78.9934861111111
1,33.8017972222222,78.9993527777778
1,33.7970194444444,79.003075
1,33.7960833333333,79.0049916666667
1,33.7965166666667,79.0068666666667
1,33.7968888888889,79.0141944444444
1,33.7975444444444,79.015825
1,33.7972861111111,79.0177222222222
1,33.7945722222222,79.0179638888889
1,33.7867027777778,79.0116305555556
1,33.7853527777778,79.0110611111111
1,33.7819638888889,79.012075
1,33.7771666666667,79.0152833333333
1,33.7742,79.0187277777778
1,33.7737277777778,79.019825
1,33.7736861111111,79.023075
1,33.7756722222222,79.0271444444444
1,33.7804222222222,79.0294222222222
1,33.7819805555555,79.0304916666667
1,33.7821833333333,79.0326666666667
1,33.7814805555556,79.0334583333333
1,33.7812388888889,79.0345611111111
1,33.7803416666667,79.0350888888889
1,33.7751,79.0363888888889
1,33.7722916666667,79.0374861111111
1,33.7691694444444,79.0392916666667
1,33.7659055555556,79.0417555555556
1,33.7649027777778,79.0434361111111
1,33.7645888888889,79.0457833333333
1,33.7651305555556,79.0481444444444
1,33.7661027777778,79.0493472222222
1,33.7683333333333,79.0503888888889
1,33.7736694444444,79.0514777777778
1,33.7768916666667,79.0523666666667
1,33.7782861111111,79.0539027777778
1,33.7793888888889,79.0557777777778
1,33.7796444444444,79.0574638888889
1,33.7787916666667,79.0587972222222
1,33.77695,79.0597777777778
1,33.7748361111111,79.060075
1,33.7701972222222,79.0596722222222
1,33.768225,79.0598194444444
1,33.7665305555556,79.0608055555555
1,33.7639583333333,79.0639638888889
1,33.7618194444444,79.066125
1,33.7591333333333,79.0670888888889
1,33.7563138888889,79.0675472222222
1,33.7549111111111,79.0670194444444
1,33.7536722222222,79.0649916666667
1,33.7531333333333,79.0627916666667
1,33.7528777777778,79.0605972222222
1,33.7521833333333,79.0597416666667
1,33.7512138888889,79.0582138888889
1,33.7508333333333,79.0550055555556
1,33.7506,79.0509638888889
1,33.7502083333333,79.0487694444444
1,33.7493916666667,79.0462277777778
1,33.7490055555556,79.0433666666667
1,33.748175,79.0415
1,33.7466416666667,79.0407972222222
1,33.7452416666667,79.0399444444444
1,33.7434166666667,79.04025
1,33.7412916666667,79.0410611111111
1,33.7388888888889,79.0418611111111
1,33.736925,79.0416722222222
1,33.7352444444444,79.0404722222222
1,33.7335916666667,79.0375833333333
1,33.7317944444444,79.0348611111111
1,33.7301944444445,79.0324722222222
1,33.7297222222222,79.0313111111111
1,33.721125,79.02475
1,33.7146055555556,79.0216305555556
1,33.7042111111111,79.0190472222222
1,33.6964527777778,79.0227361111111
1,33.6902833333333,79.0275138888889
1,33.6829222222222,79.0366111111111
1,33.6817777777778,79.0401166666667
1,33.681075,79.0409305555555
1,30.6203666666667,80.2125333333333
1,30.6194472222222,80.2120055555555
1,30.6159527777778,80.2118111111111
1,30.6116861111111,80.2128611111111
1,30.6092138888889,80.2191527777778
1,30.6085305555556,80.2225416666667
1,30.6083083333333,80.2246027777778
1,30.6073916666667,80.2254027777778
1,30.6062638888889,80.2258111111111
1,30.6017638888889,80.2255555555556
1,30.6006444444444,80.2251583333333
1,30.5951944444444,80.2197083333333
1,30.5940638888889,80.2192
1,30.5902083333333,80.2192138888889
1,30.5751166666667,80.2241944444444
1,30.5726888888889,80.2280194444444
1,30.5718416666667,80.2289722222222
1,30.5685861111111,80.2346666666667
1,30.5677694444444,80.2375833333333
1,30.5654166666667,80.2430277777778
1,30.5638333333333,80.2453611111111
1,30.5622527777778,80.2456305555556
1,30.5606611111111,80.2474583333333
1,30.5590416666667,80.2503055555556
1,30.5584722222222,80.2518611111111
1,30.5581972222222,80.25345
1,30.5595722222222,80.2572777777778
1,30.5602972222222,80.2592694444445
1,30.561375,80.2610138888889
1,30.565325,80.2629916666667
1,30.5665916666667,80.2643611111111
1,30.5677277777778,80.2654361111111
1,30.567975,80.2679166666667
1,30.5676194444444,80.2697
1,30.5638638888889,80.2698472222222
1,30.5611611111111,80.2701166666667
1,30.5602138888889,80.2712638888889
1,30.5593472222222,80.2737777777778
1,30.5602638888889,80.2742833333333
1,30.560725,80.2753111111111
1,30.5616194444444,80.2755694444444
1,30.562975,80.2757
1,30.5639194444444,80.2767833333333
1,30.5665694444444,80.2808527777778
1,30.5668694444444,80.2854583333333
1,30.5672861111111,80.2912277777778
1,30.5667138888889,80.293825
1,30.5661416666667,80.2952277777778
1,30.5652638888889,80.2968055555556
1,30.5645361111111,80.2999583333333
1,30.5638055555556,80.3025611111111
1,30.5627861111111,80.3056583333333
1,30.5622972222222,80.3069027777778
1,30.5624444444444,80.3084777777778
1,30.5626027777778,80.3099916666667
1,30.5625611111111,80.3120833333333
1,30.5612083333333,80.3146805555556
1,30.5603111111111,80.3188388888889
1,30.5596305555556,80.3204027777778
1,30.5576972222222,80.3205888888889
1,30.5561416666667,80.3221805555555
1,30.5526277777778,80.3245972222222
1,30.5501555555556,80.3259083333333
1,30.5492555555556,80.3274722222222
1,30.5467777777778,80.3287972222222
1,30.5440055555556,80.3331944444444
1,30.5395583333333,80.3415472222222
1,30.5359444444444,80.35095
1,30.5341527777778,80.3537833333333
1,30.5330888888889,80.3546111111111
1,30.5306666666667,80.3587694444444
1,30.5214916666667,80.3783472222222
1,30.519675,80.3814722222222
1,30.5163138888889,80.3945055555556
1,30.5208083333333,80.4007361111111
1,30.5226277777778,80.4046166666667
1,30.5239777777778,80.41375
1,30.5232722222222,80.4154222222222
1,30.5221444444444,80.4159222222222
1,30.5192555555556,80.4195
1,30.5115444444444,80.4226388888889
1,30.5086305555556,80.4257416666667
1,30.5079333333333,80.4265277777778
1,30.504125,80.4287638888889
1,30.502975,80.4299305555556
1,30.4984611111111,80.4367
1,30.4891805555556,80.4612138888889
1,30.4867027777778,80.4700472222222
1,30.4851583333333,80.4847916666667
1,30.4848388888889,80.4866944444444
1,30.4846694444444,80.4883055555556
1,30.4832916666667,80.4984444444444
1,30.4819527777778,80.5028611111111
1,30.4787666666667,80.5072972222222
1,30.4776416666667,80.5073055555556
1,30.4762833333333,80.5085972222222
1,30.4746972222222,80.5101666666667
1,30.4726805555556,80.5114583333333
1,30.4631722222222,80.5174444444444
1,30.4615861111111,80.5187694444444
1,29.1565611111111,80.2660194444444
1,29.1550777777778,80.2667916666667
1,29.1544361111111,80.2675611111111
1,29.1531694444444,80.2683888888889
1,29.1522777777778,80.2689722222222
1,29.1513805555556,80.2700416666667
1,29.1476,80.2727972222222
1,29.1435361111111,80.2726722222222
1,29.1419472222222,80.2706166666667
1,29.1405027777778,80.2656583333333
1,29.138725,80.2615888888889
1,29.1371333333333,80.2592972222222
1,29.134375,80.2542222222222
1,29.1333416666667,80.2530472222222
1,29.1322138888889,80.2512555555556
1,29.1300333333333,80.2486944444445
1,29.1190916666667,80.2413944444445
1,29.1175027777778,80.2393472222222
1,29.1181833333333,80.2314083333333
1,29.1186388888889,80.2293472222222
1,29.1180833333333,80.2245972222222
1,29.1183083333333,80.2235833333333
1,29.1177083333333,80.2180277777778
1,29.1183888888889,80.2167416666667
1,29.1202666666667,80.2124583333333
1,29.1204944444444,80.2113888888889
1,29.1217583333333,80.2087916666667
1,29.1240222222222,80.2080055555556
1,29.126725,80.2048888888889
1,29.1280722222222,80.1997694444444
1,29.1278638888889,80.1984916666667
1,29.1289916666667,80.1966944444444
1,29.1312277777778,80.1902277777778
1,29.1316583333333,80.1886861111111
1,29.1305472222222,80.1844638888889
1,29.1289638888889,80.1829027777778
1,29.1280444444444,80.1825472222222
1,29.1235166666667,80.1771527777778
1,29.1188138888889,80.1681722222222
1,29.1167666666667,80.1653666666667
1,29.1128472222222,80.1616305555556
1,29.1113083333333,80.1603944444444
1,29.108,80.1569166666667
1,29.1052638888889,80.1534305555556
1,29.1039055555556,80.1517694444445
1,29.103125,80.1507777777778
1,29.1013083333333,80.1498944444444
1,29.0981361111111,80.14745
1,29.0911194444444,80.1431305555556
1,29.0765722222222,80.1366583333333
1,29.0709194444444,80.1347
1,29.0672472222222,80.1340833333333
1,29.0637861111111,80.1343666666667
1,29.0624333333333,80.1355472222222
1,29.0574583333333,80.1422416666667
1,29.054525,80.142125
1,29.0481944444444,80.136875
1,29.0404722222222,80.1327138888889
1,29.0330277777778,80.1287277777778
1,29.0321388888889,80.1310555555555
1,29.0285305555556,80.1323388888889
1,29.0237638888889,80.1321027777778
1,29.0151833333333,80.1291944444444
1,29.0126888888889,80.129075
1,29.0111166666667,80.1357555555556
1,29.008875,80.1393527777778
1,29.0048055555556,80.139375
1,29.0027555555556,80.1365694444445
1,29.0020638888889,80.1321861111111
1,29.0025194444444,80.1311722222222
1,29.002975,80.1286166666667
1,29.0009416666667,80.1239861111111
1,28.9995861111111,80.1232361111111
1,28.9915527777778,80.1223527777778
1,28.9849527777778,80.1201722222222
1,28.9837555555556,80.1197
1,28.9823777777778,80.1164083333333
1,28.9819027777778,80.10945
1,28.9807666666667,80.1047083333333
1,32.1144166666667,75.2750555555556
1,32.1179666666667,75.2814305555555
1,32.1222805555556,75.2817
1,32.1238361111111,75.2827916666667
1,32.126325,75.2857083333333
1,32.1303916666667,75.2860055555555
1,32.1321944444444,75.2836444444444
1,32.1344583333333,75.2799361111111
1,32.1380861111111,75.2799583333333
1,32.14125,75.2815694444444
1,32.1428611111111,75.2837833333333
1,32.1473138888889,75.2886305555556
1,32.1477527777778,75.2895833333333
1,32.1497805555556,75.2930333333333
1,32.1506333333333,75.3001861111111
1,32.15175,75.3017833333333
1,32.1598638888889,75.3041527777778
1,32.1664361111111,75.3071805555555
1,32.1682222222222,75.3082694444444
1,32.1726944444444,75.3138472222222
1,32.1731416666667,75.3170277777778
1,32.1726722222222,75.3191527777778
1,32.173125,75.3202083333333
1,32.1781027777778,75.3207777777778
1,32.1794583333333,75.3203805555556
1,32.1817166666667,75.3190472222222
1,32.1900972222222,75.3184777777778
1,32.1907638888889,75.3176722222222
1,32.1903833333333,75.3156805555555
1,32.1900916666667,75.3145888888889
1,32.1908,75.3122277777778
1,32.1943972222222,75.3123888888889
1,32.1977916666667,75.3145055555556
1,32.1984666666667,75.31545
1,32.2125777777778,75.3262416666667
1,32.2139305555556,75.3277
1,32.2147,75.3284361111111
1,32.2160916666667,75.3297972222222
1,32.2171444444444,75.3312416666667
1,32.2178944444444,75.3367138888889
1,32.2177388888889,75.3435611111111
1,32.2180916666667,75.3469305555556
1,32.2165611111111,75.3536666666667
1,32.2174638888889,75.3568527777778
1,32.2172305555556,75.3579027777778
1,32.2169888888889,75.3597638888889
1,32.2185305555556,75.3632222222222
1,32.2216805555556,75.3661583333333
1,32.2248194444444,75.3714916666667
1,32.2259666666667,75.3728472222222
1,32.2306888888889,75.3740416666667
1,32.2327111111111,75.3763388888889
1,32.2336111111111,75.3767277777778
1,32.2372138888889,75.3772555555555
1,32.2381277777778,75.3771305555555
1,32.2387972222222,75.3760888888889
1,32.2431027777778,75.3739861111111
1,32.2438,75.3729361111111
1,32.244725,75.3718888888889
1,32.2478972222222,75.3705694444444
1,32.2508138888889,75.3705888888889
1,32.257575,75.37225
1,32.2584888888889,75.3731722222222
1,32.2607444444444,75.3767694444444
1,32.2614027777778,75.3786444444444
1,32.2629805555556,75.3795972222222
1,32.2639861111111,75.3798388888889
1,32.267725,75.3806527777778
1,32.2707805555556,75.3778055555555
1,32.2733805555556,75.3747277777778
1,32.2774916666667,75.3699777777778
1,32.2770583333333,75.3657138888889
1,32.2744055555556,75.3561444444444
1,32.2746416666667,75.3542833333333
1,32.2764722222222,75.3476527777778
1,32.2852694444444,75.3506305555555
1,32.2861944444444,75.3495833333333
1,32.2900777777778,75.3405888888889
1,32.2921722222222,75.3307555555556
1,32.2944444444444,75.3265333333333
1,32.2958,75.3259027777778
1,32.2986027777778,75.3257777777778
1,32.3000916666667,75.3265694444444
1,32.3032388888889,75.3303111111111
1,32.3092361111111,75.3330972222222
1,32.3100416666667,75.3338055555556
1,32.3131416666667,75.3375277777778
1,32.3142694444444,75.3379361111111
1,32.3165055555556,75.339
1,32.3171888888889,75.33995
1,32.3185444444444,75.3400694444444
1,32.3217361111111,75.33625
1,32.3226333333333,75.3359861111111
1,32.3238083333333,75.3348194444444
1,32.3249166666667,75.3333611111111
1,32.3262777777778,75.332375
1,32.3266277777778,75.3313333333333
1,32.34085,75.3381583333333
1,32.3397555555556,75.3232416666667
1,32.3329583333333,75.3165694444444
1,32.3329333333333,75.3144305555556
1,32.0418611111111,75.0415611111111
1,32.0423611111111,75.0428805555556
1,32.0475138888889,75.048325
1,32.0484055555556,75.0497833333333
1,32.04945,75.0527555555555
1,32.051075,75.0603666666667
1,32.0541444444444,75.0636166666667
1,32.0616416666667,75.070825
1,32.0600611111111,75.0725472222222
1,32.0603083333333,75.0746944444444
1,32.0587166666667,75.076575
1,32.0573472222222,75.0810611111111
1,32.0589611111111,75.0855972222222
1,32.0591555555556,75.0874444444444
1,32.0598416666667,75.0882277777778
1,32.0605361111111,75.0904305555555
1,32.0609361111111,75.0916805555556
1,32.0622388888889,75.0988527777778
1,32.0592861111111,75.1030694444444
1,32.0588194444444,75.1051666666667
1,32.0601944444444,75.1072916666667
1,32.0658361111111,75.1083888888889
1,32.0696611111111,75.1105
1,32.07055,75.1116944444444
1,32.0741694444445,75.1211027777778
1,32.0753111111111,75.1224583333333
1,32.0759472222222,75.1235333333333
1,32.0805055555556,75.1265972222222
1,32.0821055555556,75.1293527777778
1,32.082325,75.1309305555556
1,32.0824611111111,75.1330888888889
1,32.0813194444444,75.1362916666667
1,32.0799444444444,75.1429083333333
1,32.0806194444444,75.1445
1,32.0821805555556,75.151375
1,32.0825361111111,75.1549083333333
1,32.0821305555556,75.1574861111111
1,32.0796722222222,75.1650194444445
1,32.0783111111111,75.1658111111111
1,32.0751333333333,75.1672777777778
1,32.0714777777778,75.1701388888889
1,32.0676416666667,75.1714444444445
1,32.0669333333333,75.1759361111111
1,32.0671277777778,75.1775277777778
1,32.0694166666667,75.1797972222222
1,32.0705333333333,75.1812555555556
1,32.0781888888889,75.1847361111111
1,32.0804444444444,75.1879305555556
1,32.0813138888889,75.1940472222222
1,32.0817638888889,75.1967083333333
1,32.0828833333333,75.1982694444444
1,32.0863,75.1986444444445
1,32.0944083333333,75.1983388888889
1,32.0984611111111,75.2008611111111
1,32.09935,75.2023388888889
1,32.0997944444444,75.2047416666667
1,32.0993333333333,75.206325
1,32.1137916666667,75.2064027777778
1,32.1158,75.2085416666667
1,32.1164722222222,75.2122277777778
1,32.115125,75.2177972222222
1,32.114425,75.218575
1,32.1022,75.2222361111111
1,32.1010583333333,75.2248944444444
1,32.1017416666667,75.2270833333333
1,32.1003916666667,75.2259361111111
1,32.10145,75.2295833333333
1,32.1000888888889,75.2321305555556
1,32.0919527777778,75.2331944444444
1,32.0894083333333,75.2381861111111
1,32.0950861111111,75.2457916666667
1,32.0973527777778,75.246875
1,32.0983111111111,75.2486583333333
1,32.0996833333333,75.25095
1,32.1002694444444,75.2521944444444
1,32.1009388888889,75.2572083333333
1,32.1004861111111,75.2599222222222
1,32.1011472222222,75.2610055555556
1,32.0986666666667,75.2640055555556
1,32.1060611111111,75.2650472222222
1,32.1068111111111,75.2664722222222
1,32.11275,75.2732416666667
1,36.711675,73.7999083333333
1,36.7139777777778,73.80345
1,36.7151833333333,73.8075888888889
1,36.7153,73.8137138888889
1,36.7129638888889,73.8201666666667
1,36.7123777777778,73.8254722222222
1,36.7114472222222,73.827075
1,36.710675,73.8282555555556
1,36.7100194444444,73.8311027777778
1,36.7091305555556,73.8322277777778
1,36.7082416666667,73.8333611111111
1,36.7077222222222,73.8371861111111
1,36.7070694444444,73.8386166666667
1,36.7057805555556,73.8453944444444
1,36.7051388888889,73.8462416666667
1,36.7045055555556,73.8479305555555
1,36.7043,73.8493111111111
1,36.7029722222222,73.8507694444444
1,36.7030055555556,73.8526861111111
1,36.7010444444444,73.8552555555555
1,36.7004027777778,73.8575055555555
1,36.6992527777778,73.863075
1,36.6989805555556,73.8642083333333
1,36.6977388888889,73.8825972222222
1,36.7001611111111,73.8930888888889
1,36.7006444444444,73.8947361111111
1,36.7013361111111,73.8960888888889
1,36.7051888888889,73.8993388888889
1,36.7091166666667,73.8990555555556
1,36.7147666666667,73.8957
1,36.7194861111111,73.8972222222222
1,36.7208472222222,73.8982833333333
1,36.7213388888889,73.90025
1,36.7240888888889,73.9037694444444
1,36.7290277777778,73.903875
1,36.7299583333333,73.9049777777778
1,36.7317083333333,73.9038333333333
1,36.7328666666667,73.9038472222222
1,36.7344611111111,73.9037972222222
1,36.7428694444445,73.9007
1,36.7481722222222,73.8985972222222
1,36.7526333333333,73.8936027777778
1,36.7609388888889,73.8859861111111
1,36.7627166666667,73.8851111111111
1,36.7633833333333,73.8837555555556
1,36.7697277777778,73.8762555555555
1,36.7721555555556,73.8747972222222
1,36.7779055555556,73.8707277777778
1,36.7806805555555,73.8682972222222
1,36.7822,73.8667083333333
1,36.7867166666667,73.8621305555555
1,36.7871444444444,73.8607277777778
1,36.7881194444444,73.8533527777778
1,36.7882138888889,73.847075
1,36.786325,73.8409777777778
1,36.7865916666667,73.8380888888889
1,36.7863972222222,73.8323888888889
1,36.7877722222222,73.8279722222222
1,36.7913,73.8194361111111
1,36.7969055555556,73.8135888888889
1,36.7978916666667,73.8129916666667
1,36.8020972222222,73.8104916666667
1,36.8106972222222,73.8081666666667
1,36.8129888888889,73.8065333333333
1,36.8134194444444,73.8051444444444
1,36.8147166666667,73.8014583333333
1,36.8146305555556,73.7967638888889
1,36.8139111111111,73.7948472222222
1,36.8131944444444,73.7929083333333
1,36.8125833333333,73.7848527777778
1,36.8137972222222,73.7767361111111
1,36.8165861111111,73.7700055555556
1,36.8207555555556,73.7654083333333
1,36.8213916666667,73.764
1,36.8227027777778,73.762575
1,36.823575,73.7619861111111
1,36.8250083333333,73.7536027777778
1,36.8267583333333,73.7507777777778
1,36.8318555555556,73.7426805555556
1,36.8328055555556,73.7397138888889
1,36.831425,73.730875
1,36.8312416666667,73.7294722222222
1,36.8311583333333,73.7250333333333
1,36.8320555555556,73.7244444444444
1,36.8324638888889,73.7230416666667
1,36.8344611111111,73.7218472222222
1,36.8387361111111,73.7227083333333
1,36.8418944444444,73.7227416666667
1,36.8425333333333,73.721625
1,36.8449611111111,73.719875
1,36.8460777777778,73.7203805555556
1,36.85185,73.7187361111111
1,36.8556694444444,73.7175972222222
1,36.8565277777778,73.7161805555556
1,36.857175,73.7153111111111
1,36.8589583333333,73.7133055555556
1,36.8593388888889,73.7108055555556
1,36.85975,73.709375
1,36.8625583333333,73.7081305555556
1,36.8644527777778,73.7058888888889
1,36.8659444444444,73.7042638888889
1,36.86855,73.701325
1,36.8692138888889,73.7001722222222
1,36.8696388888889,73.6987694444445
1,36.8708055555556,73.696875
1,36.8720166666667,73.6947972222222
1,36.8722111111111,73.6928388888889
1,36.8757138888889,73.6893888888889
1,36.8761138888889,73.6879916666667
1,36.8767694444444,73.6862972222222
1,36.8840361111111,73.6799583333333
1,36.8879472222222,73.6811111111111
1,36.8944055555556,73.6837972222222
1,36.8973083333333,73.6831583333333
1,36.8990861111111,73.6833888888889
1,36.9022388888889,73.6842277777778
1,36.9042777777778,73.6848666666667
1,36.9105972222222,73.6888472222222
1,36.9120277777778,73.6921388888889
1,36.9126194444444,73.6993611111111
1,36.9121611111111,73.7050333333333
1,36.9112277777778,73.7097277777778
1,36.9105861111111,73.7105694444444
1,36.9090861111111,73.7145
1,36.9088944444444,73.7161666666667
1,36.9075638888889,73.7170555555556
1,36.9071694444444,73.7187361111111
1,36.9045611111111,73.7227222222222
1,36.9039361111111,73.7257916666667
1,36.9023694444444,73.7272361111111
1,36.9020166666667,73.7308944444444
1,36.9000833333333,73.7359361111111
1,36.896375,73.7407972222222
1,36.8955222222222,73.7425
1,36.8948694444444,73.7438944444445
1,36.8951694444444,73.7475138888889
1,36.8963333333333,73.7494305555556
1,36.8972416666667,73.7502222222222
1,36.8997722222222,73.754325
1,36.9009027777778,73.7553944444444
1,36.9011527777778,73.7565138888889
1,36.9020444444444,73.7570277777778
1,36.9025277777778,73.7581444444444
1,36.9023333333333,73.7601027777778
1,36.9030361111111,73.7611805555556
1,36.9031277777778,73.7661861111111
1,36.9024027777778,73.7672777777778
1,36.9022305555556,73.7692416666667
1,36.8990333333333,73.7746527777778
1,36.8987305555556,73.78275
1,36.8930277777778,73.7887777777778
1,36.8921944444444,73.7918666666667
1,36.8920638888889,73.7971527777778
1,36.8927444444444,73.7985138888889
1,36.8939333333333,73.8012833333333
1,36.8944194444444,73.8026583333333
1,36.8949472222222,73.8082
1,36.8945472222222,73.8096027777778
1,36.8927638888889,73.811325
1,36.8867694444444,73.8131805555555
1,36.884125,73.8165972222222
1,36.8837027777778,73.828575
1,36.8843388888889,73.8296861111111
1,36.8853638888889,73.8343666666667
1,36.8862972222222,73.8357555555556
1,36.8880888888889,73.8370611111111
1,36.8910166666667,73.8367222222222
1,36.8921416666667,73.8372138888889
1,36.8968833333333,73.8406944444444
1,36.8983805555556,73.8476111111111
1,36.8984305555556,73.850375
1,36.8975888888889,73.8543055555555
1,36.8976166666667,73.8556944444444
1,36.89695,73.8565555555556
1,36.8957277777778,73.8619083333333
1,36.8957555555556,73.8632916666667
1,36.8942388888889,73.8675
1,36.892875,73.8772972222222
1,36.8917555555556,73.8787222222222
1,36.8913222222222,73.8798333333333
1,36.8911166666667,73.8812222222222
1,36.8905194444444,73.8831944444444
1,36.8870055555556,73.8874583333333
1,34.4101055555556,79.5370555555556
1,34.4094944444444,79.53795
1,34.4085638888889,79.5404083333333
1,34.4083083333333,79.5420277777778
1,34.4086333333333,79.5491527777778
1,34.4096527777778,79.5581305555556
1,34.4084805555556,79.5597361111111
1,34.4037444444444,79.56045
1,34.3978888888889,79.5592638888889
1,34.3900722222222,79.5534027777778
1,34.3864333333333,79.5525055555556
1,34.3698527777778,79.559
1,34.3629916666667,79.5604916666667
1,34.3619305555556,79.5607222222222
1,34.3567138888889,79.5608944444444
1,34.3413694444444,79.5597833333333
1,34.3334916666667,79.5583666666667
1,34.3324777777778,79.5583472222222
1,34.3309027777778,79.5580972222222
1,34.3228194444444,79.5613388888889
1,34.3154916666667,79.568825
1,34.3022777777778,79.5742555555555
1,34.2846555555556,79.588625
1,34.2812527777778,79.5904444444444
1,34.280125,79.5906944444444
1,34.2761444444444,79.5894222222222
1,34.2716555555556,79.5885555555555
1,34.2623194444444,79.5865277777778
1,34.2564472222222,79.5857416666666
1,34.2548555555556,79.5859638888889
1,34.2429194444444,79.5842694444444
1,34.2368277777778,79.5827638888889
1,34.2276277777778,79.5777222222222
1,34.2213416666667,79.5709166666667
1,34.2189527777778,79.5677416666667
1,34.2183194444444,79.5655555555555
1,34.2163055555556,79.5633527777778
1,34.2158833333333,79.5611583333333
1,34.2152416666667,79.55925
1,34.2145916666667,79.5581583333333
1,34.2140861111111,79.5505472222222
1,34.2135861111111,79.5486111111111
1,34.2129361111111,79.5474916666667
1,34.2070916666667,79.5449444444444
1,34.2057583333333,79.5430138888889
1,34.2053194444444,79.5419027777778
1,34.2040138888889,79.5386166666667
1,34.2042861111111,79.5356388888889
1,34.2051555555556,79.5343333333333
1,34.2062166666667,79.5327416666667
1,34.2082111111111,79.5297138888889
1,34.2084583333333,79.5286444444444
1,34.2087027777778,79.527575
1,34.2098555555556,79.5267638888889
1,34.2102638888889,79.5246722222222
1,34.211325,79.5181166666667
1,34.2106805555556,79.5167277777778
1,34.2096055555556,79.512625
1,34.2094055555556,79.5107083333333
1,34.2089638888889,79.5096166666667
1,34.2042666666667,79.5057555555556
1,34.1784444444444,79.4933055555556
1,34.1651527777778,79.4903472222222
1,34.1642305555556,79.4905833333333
1,34.1604361111111,79.4895972222222
1,34.1556722222222,79.4882416666667
1,34.1495916666667,79.4875694444444
1,34.1473138888889,79.4877972222222
1,34.139575,79.4925694444445
1,34.1343472222222,79.4932694444445
1,34.1322972222222,79.4917972222222
1,34.1247361111111,79.4857833333333
1,34.1151972222222,79.4762138888889
1,34.1100083333333,79.4710888888889
1,34.1060055555556,79.4666666666667
1,34.1058888888889,79.4654166666667
1,34.1047444444444,79.4646444444445
1,34.1004527777778,79.4597638888889
1,34.1000777777778,79.4583805555556
1,34.0982361111111,79.4553611111111
1,34.0954111111111,79.4487972222222
1,34.0950138888889,79.4447361111111
1,34.0930472222222,79.4403388888889
1,34.0917833333333,79.4327361111111
1,34.0911333333333,79.4310888888889
1,34.0893694444445,79.4288805555556
1,34.0884388888889,79.4282555555556
1,34.0810694444445,79.4232833333333
1,34.0766027777778,79.4188805555556
1,34.0746055555556,79.4180972222222
1,34.0660138888889,79.4148805555556
1,34.061675,79.41295
1,34.0542944444444,79.4127555555556
1,34.0533777777778,79.4130194444444
1,34.0522388888889,79.4138055555556
1,34.0508388888889,79.4164777777778
1,34.0465138888889,79.4188527777778
1,34.0462666666667,79.41995
1,34.0460194444444,79.4210194444444
1,34.0441972222222,79.4231722222222
1,32.79455,74.6886444444444
1,32.7977861111111,74.6920694444444
1,32.7996305555556,74.6939166666667
1,32.8009805555556,74.6945972222222
1,32.809,74.6985611111111
1,32.8197277777778,74.7015555555556
1,32.8274444444444,74.7021861111111
1,32.8313083333333,74.7012972222222
1,32.8335472222222,74.6998888888889
1,32.8315555555556,74.6875694444444
1,32.8301583333333,74.6854638888889
1,32.8296305555556,74.6839777777778
1,32.8286972222222,74.6782361111111
1,32.8277555555556,74.6752777777778
1,32.8269083333333,74.6744222222222
1,32.8261527777778,74.6731583333333
1,32.8259055555556,74.6720694444444
1,32.8239638888889,74.6697138888889
1,32.8231972222222,74.6677694444444
1,32.8224666666667,74.667125
1,32.820075,74.6628333333333
1,32.8202694444444,74.6604222222222
1,32.8209333333333,74.6593194444444
1,32.8256472222222,74.65545
1,32.8258277777778,74.6517083333333
1,32.8248833333333,74.6501166666667
1,32.8239611111111,74.6485277777778
1,32.8237388888889,74.6474444444444
1,32.8124527777778,74.6366861111111
1,32.8122166666667,74.6356027777778
1,32.8119666666667,74.6345194444445
1,32.8105861111111,74.6334861111111
1,32.8059916666667,74.6317
1,32.8000722222222,74.6309027777778
1,32.7982805555556,74.6313611111111
1,32.7940083333333,74.6343888888889
1,32.7897722222222,74.6395972222222
1,32.7872527777778,74.6462277777778
1,32.7858972222222,74.6481111111111
1,32.7819888888889,74.6518527777778
1,32.7797277777778,74.6524222222222
1,32.7778972222222,74.6519444444445
1,32.7771972222222,74.6511527777778
1,32.7753638888889,74.6485138888889
1,32.7753,74.6444722222222
1,32.7766027777778,74.6401305555556
1,32.7765194444444,74.6347833333333
1,32.7757972222222,74.6326444444444
1,32.7728083333333,74.6300416666667
1,32.7705305555556,74.62875
1,32.764375,74.6277916666667
1,32.7566694444444,74.6309916666667
1,32.7544305555556,74.6323805555555
1,32.74925,74.6337833333333
1,32.7481,74.6324722222222
1,32.7467222222222,74.6311722222222
1,32.7458138888889,74.6306444444444
1,32.7453416666667,74.6295888888889
1,32.745725,74.6260833333333
1,32.7477444444445,74.6238805555555
1,32.7479638888889,74.6228111111111
1,32.7495027777778,74.6203611111111
1,32.7506305555556,74.6187138888889
1,32.7537583333333,74.6151583333333
1,32.7539583333333,74.6124444444444
1,32.7534722222222,74.6111305555555
1,32.7532166666667,74.6095194444444
1,32.7497277777778,74.6045
1,32.7498194444444,74.6012416666667
1,32.7498805555556,74.5991527777778
1,32.7505361111111,74.5966944444444
1,32.7509472222222,74.5934722222222
1,32.7484055555556,74.5913666666667
1,32.7449583333333,74.5874361111111
1,32.7444805555556,74.5863611111111
1,32.7452861111111,74.5801444444444
1,32.7435027777778,74.5781166666667
1,32.7435055555556,74.5741111111111
1,32.7449583333333,74.5703333333333
1,32.7487777777778,74.569625
1,32.7505722222222,74.5693055555555
1,32.752825,74.5673805555555
1,32.7537111111111,74.5659861111111
1,36.9552,74.9817416666667
1,36.9556472222222,74.9831388888889
1,36.9589166666667,74.9866666666667
1,36.9612861111111,74.9896805555556
1,36.9626972222222,74.993575
1,36.9631833333333,74.9963527777778
1,36.9628527777778,75.0071944444444
1,36.9644361111111,75.0105
1,36.9662944444444,75.0132555555556
1,36.9748388888889,75.0172694444444
1,36.9748555555556,75.0195138888889
1,36.9742138888889,75.0220138888889
1,36.9722388888889,75.024825
1,36.9720638888889,75.0293055555556
1,36.9696333333333,75.0350555555556
1,36.9692527777778,75.0371583333333
1,36.9688,75.03825
1,36.9679305555556,75.0410694444444
1,36.9661722222222,75.0422277777778
1,36.9656611111111,75.043575
1,36.9635361111111,75.0464444444444
1,36.9628638888889,75.0475555555556
1,36.9616666666667,75.0534916666667
1,36.9607916666667,75.0549305555556
1,36.9605138888889,75.0565416666667
1,36.9593944444444,75.0576722222222
1,36.95835,75.0616027777778
1,36.9559333333333,75.0658055555555
1,36.9544388888889,75.068125
1,36.9529055555556,75.0707555555556
1,36.9502,75.0725972222222
1,36.9466583333333,75.0771305555555
1,36.9462111111111,75.0785194444444
1,36.9421416666667,75.0838611111111
1,36.9413833333333,75.0856027777778
1,36.9412583333333,75.0944916666667
1,36.9424194444444,75.0989083333333
1,36.9451805555555,75.1041722222222
1,36.9472861111111,75.1136111111111
1,36.9490722222222,75.1167972222222
1,36.9493361111111,75.1182916666667
1,36.9507138888889,75.119625
1,36.9518527777778,75.1235416666667
1,36.9536694444445,75.1257083333333
1,36.95495,75.1303527777778
1,36.9558361111111,75.134375
1,36.9589638888889,75.1381388888889
1,36.9607861111111,75.1425694444445
1,36.9630611111111,75.1450416666667
1,36.9632722222222,75.1461444444444
1,36.9655694444444,75.1496166666667
1,36.9773361111111,75.162325
1,36.9793944444445,75.1652833333333
1,36.9845972222222,75.1719083333333
1,36.9881888888889,75.174
1,36.9989916666667,75.1794638888889
1,37.0063555555556,75.1859777777778
1,37.0073,75.1869722222222
1,37.0126694444444,75.1919083333333
1,37.0161694444444,75.1966861111111
1,37.0195777777778,75.2008194444444
1,37.0212388888889,75.2015194444444
1,37.0338083333333,75.2065194444445
1,37.0352805555556,75.2074916666667
1,37.0368361111111,75.2134638888889
1,37.037375,75.2144166666667
1,37.0373833333333,75.2160833333333
1,37.0358638888889,75.2202694444444
1,37.0359055555556,75.2241805555555
1,37.0368277777778,75.2258333333333
1,37.0377416666667,75.2285972222222
1,37.0410361111111,75.2373944444444
1,37.041875,75.2394222222222
1,37.0427916666667,75.2399361111111
1,37.0437,75.242125
1,37.0439388888889,75.2435416666667
1,37.0453194444444,75.2474222222222
1,37.0462527777778,75.249325
1,37.0469194444444,75.2501666666667
1,37.0483972222222,75.255375
1,37.0493,75.2571805555555
1,37.0503944444444,75.2634916666667
1,37.0477777777778,75.2699361111111
1,37.04685,75.2726444444444
1,37.0465222222222,75.2743805555556
1,37.0453972222222,75.2777694444444
1,37.0458833333333,75.2808472222222
1,37.0472277777778,75.2830333333333
1,37.0472388888889,75.2844166666667
1,37.0478055555556,75.286875
1,37.0495694444444,75.2921861111111
1,37.0500861111111,75.3008388888889
1,37.0512527777778,75.30445
1,37.0512722222222,75.306125
1,37.0517555555556,75.3097
1,37.0524166666667,75.3140194444444
1,37.0537444444444,75.3314166666667
1,37.0533055555556,75.3325277777778
1,37.0529083333333,75.3364722222222
1,37.0522638888889,75.3375833333333
1,37.0513888888889,75.3412
1,37.0509472222222,75.3423333333333
1,37.0498416666667,75.3434583333333
1,37.0422666666667,75.3444444444444
1,37.0390583333333,75.343875
1,37.0310416666667,75.3424222222222
1,37.0226611111111,75.3425694444445
1,37.0181,75.3426527777778
1,37.0096194444444,75.3441583333333
1,37.0015416666667,75.3437277777778
1,36.9990916666667,75.3440472222222
1,36.9931805555556,75.3452277777778
1,36.9911611111111,75.3461166666667
1,36.9899333333333,75.3460416666667
1,36.9883277777778,75.3465472222222
1,36.9794777777778,75.3505194444444
1,36.9762805555556,75.3531861111111
1,36.9756055555556,75.3540194444444
1,36.9737138888889,75.3559166666667
1,36.9721694444444,75.3581527777778
1,36.9692861111111,75.3612833333333
1,36.9657666666667,75.3655277777778
1,36.9642083333333,75.3669361111111
1,36.9597861111111,75.3728472222222
1,36.9595722222222,75.3739777777778
1,36.9589222222222,75.3748055555556
1,36.9589388888889,75.3764777777778
1,36.9580916666667,75.3831944444444
1,36.9578777777778,75.3851527777778
1,36.9599111111111,75.3884583333333
1,36.9612916666667,75.3903888888889
1,36.9635722222222,75.3928333333333
1,36.9646972222222,75.3944861111111
1,36.9662805555556,75.3986444444445
1,36.9665166666667,75.39975
1,36.965975,75.4120277777778
1,36.9648888888889,75.4148333333333
1,36.9638944444444,75.4160055555556
1,36.9615833333333,75.4186388888889
1,36.9591305555556,75.4215972222222
1,36.9542222222222,75.42445
1,36.9528916666667,75.4247638888889
1,36.950425,75.4264638888889
1,36.9490861111111,75.4267694444445
1,36.9451027777778,75.4257277777778
1,36.93835,75.4250277777778
1,36.9374638888889,75.425325
1,36.93475,75.4240972222222
1,36.9300361111111,75.4209777777778
1,36.9275583333333,75.4182416666667
1,36.9268638888889,75.417125
1,36.92505,75.4149166666667
1,36.9216055555556,75.4120055555556
1,36.9200472222222,75.4100888888889
1,36.9151583333333,75.4073055555556
1,36.91405,75.4076111111111
1,36.9112527777778,75.4102
1,36.9080194444444,75.4121166666667
1,36.9017861111111,75.4136388888889
1,36.8903611111111,75.4127222222222
1,36.8865638888889,75.4144583333333
1,36.8856833333333,75.4155694444444
1,36.885075,75.420875
1,36.8857777777778,75.4228055555556
1,36.889625,75.428875
1,36.8899222222222,75.4363666666667
1,36.8894805555556,75.4380416666667
1,36.8856972222222,75.442
1,36.8788333333333,75.4465833333333
1,36.8757027777778,75.4477361111111
1,36.8691805555556,75.4496527777778
1,36.8662722222222,75.4505416666667
1,36.8649805555556,75.4509861111111
1,36.8615027777778,75.4514638888889
1,36.8598222222222,75.4515277777778
1,36.8578277777778,75.4519222222222
1,36.8533472222222,75.4511444444445
1,36.8442222222222,75.4552
1,36.8290333333333,75.4585194444444
1,36.8237,75.4613805555556
1,36.8161194444444,75.46845
1,36.809225,75.4727416666667
1,36.8052444444444,75.4775194444445
1,36.8040972222222,75.4818666666667
1,33.2891111111111,79.1657361111111
1,33.2894583333333,79.1675416666667
1,33.2894388888889,79.1691583333333
1,33.2930027777778,79.1754083333333
1,33.2924166666667,79.1848527777778
1,33.2910305555556,79.1883472222222
1,33.29075,79.1926666666667
1,33.2906194444444,79.202375
1,33.2908361111111,79.2071111111111
1,33.291925,79.2120694444444
1,33.2921861111111,79.2152138888889
1,33.2934722222222,79.2208944444444
1,33.2947916666667,79.2294083333333
1,33.29635,79.2331861111111
1,33.2958388888889,79.2369583333333
1,33.2962777777778,79.2391527777778
1,33.2943,79.248825
1,33.2912805555556,79.2544222222222
1,33.2898777777778,79.260075
1,33.2877833333333,79.2629916666667
1,33.2873055555556,79.2659777777778
1,33.2837944444444,79.273875
1,33.2826277777778,79.2763944444444
1,33.282325,79.2779583333333
1,33.2791722222222,79.2954916666667
1,33.2754444444444,79.3051583333333
1,33.2730916666667,79.3085972222222
1,33.2728472222222,79.3118333333333
1,33.2716861111111,79.3142416666667
1,33.2710583333333,79.3260972222222
1,33.2719527777778,79.3282833333333
1,33.2719055555556,79.3315138888889
1,33.2736333333333,79.3363944444445
1,33.2736277777778,79.3374916666667
1,33.2736027777778,79.3388333333333
1,33.2742833333333,79.3399444444444
1,33.2756,79.3429305555555
1,33.2768638888889,79.3482916666667
1,33.2772944444444,79.3502361111111
1,33.2800583333333,79.35695
1,33.2802388888889,79.3590833333333
1,33.2811833333333,79.3643194444444
1,33.281125,79.3685833333333
1,33.2801694444444,79.3742972222222
1,33.2782777777778,79.3780138888889
1,33.2777916666667,79.3812694444444
1,33.2756416666667,79.3883055555556
1,33.2756194444444,79.3893944444444
1,33.2734638888889,79.3959083333333
1,33.271125,79.4048611111111
1,33.2708277777778,79.4097277777778
1,33.2699583333333,79.4122638888889
1,33.2686583333333,79.4161305555556
1,33.2679361111111,79.4217916666667
1,33.2665055555556,79.425
1,33.2664583333333,79.4288055555556
1,33.2649222222222,79.4340888888889
1,33.2632583333333,79.4459861111111
1,33.262325,79.4478527777778
1,33.2588611111111,79.4519583333333
1,33.2570194444444,79.4534361111111
1,33.2538277777778,79.4541666666667
1,33.2488694444444,79.454625
1,33.2409611111111,79.4517694444445
1,33.2389305555556,79.452
1,33.2292388888889,79.4509027777778
1,33.2237944444444,79.4497361111111
1,33.2158055555556,79.4491722222222
1,33.2042916666667,79.4451861111111
1,33.1902916666667,79.4378888888889
1,33.1883055555556,79.4368055555556
1,33.1830888888889,79.4335972222222
1,33.1816305555556,79.432575
1,33.1756444444444,79.4292777777778
1,33.1749638888889,79.4281666666667
1,33.1709805555556,79.4259861111111
1,33.1584361111111,79.417125
1,33.1499111111111,79.4101027777778
1,33.1424805555556,79.4039222222222
1,33.1320083333333,79.3978805555556
1,33.1229194444444,79.3919722222222
1,33.1126555555556,79.3875472222222
1,33.1091194444444,79.3861166666667
1,33.0963,79.3799222222222
1,33.0832111111111,79.3759222222222
1,33.0803277777778,79.3757916666667
1,33.0775277777778,79.3766388888889
1,33.0727083333333,79.380325
1,33.0696388888889,79.3820194444444
1,33.0680638888889,79.3836944444445
1,33.0668472222222,79.3840277777778
1,33.0557777777778,79.3905055555556
1,33.0525777777778,79.3920611111111
1,33.0446055555556,79.3932916666667
1,33.0415,79.3938888888889
1,33.0346555555556,79.3922916666667
1,33.031725,79.3889083333333
1,33.0305166666667,79.3865611111111
1,33.02685,79.3816527777778
1,33.0261944444444,79.3808472222222
1,33.0259888888889,79.3786805555555
1,33.0233472222222,79.3730055555556
1,33.0233694444444,79.3716666666667
1,33.0219027777778,79.3660833333333
1,33.02105,79.3640194444444
1,33.0203277777778,79.3613527777778
1,33.0195972222222,79.3528111111111
1,33.0186972222222,79.3489361111111
1,33.0178388888889,79.3446305555555
1,33.0169333333333,79.3435555555556
1,33.0165277777778,79.3392222222222
1,33.0154361111111,79.3362555555556
1,33.0148,79.3340833333333
1,33.0138888888889,79.3332416666667
1,33.0123527777778,79.3308055555555
1,33.0105416666667,79.3305
1,33.008925,79.3318388888889
1,33.006125,79.3377555555555
1,33.0049472222222,79.3392972222222
1,33.0039944444444,79.3432916666667
1,33.0035166666667,79.3462694444444
1,33.0030138888889,79.3494583333333
1,33.002075,79.3505333333333
1,33.0013638888889,79.3537777777778
1,32.9997527777778,79.3548111111111
1,32.9992972222222,79.3558805555555
1,32.9983777777778,79.3561305555556
1,32.9949305555556,79.3582277777778
1,32.9937944444444,79.3592777777778
1,32.9919083333333,79.3617916666667
1,32.9915166666667,79.3635
1,32.9905305555556,79.3648805555555
1,32.9900583333333,79.3659722222222
1,32.9893694444444,79.36675
1,32.9888555555556,79.3710333333333
1,32.9881694444444,79.3718333333333
1,32.98795,79.3763194444444
1,32.98745,79.3787138888889
1,32.9873694444444,79.3798888888889
1,32.9875583333333,79.3826027777778
1,32.9807361111111,79.3843388888889
1,32.9791694444445,79.3840416666667
1,32.9707805555556,79.382
1,32.9680472222222,79.3827777777778
1,32.9664333333333,79.3840833333333
1,32.9659055555556,79.3891861111111
1,32.9677722222222,79.39545
1,32.9686944444445,79.4008194444445
1,32.9685916666667,79.4077972222222
1,32.9660333333333,79.4125833333333
1,32.9655555555556,79.4139166666667
1,32.9614194444444,79.4178888888889
1,32.9607027777778,79.4192416666667
1,32.9595472222222,79.420825
1,32.9572694444444,79.4226722222222
1,32.9554916666667,79.4241166666667
1,32.9542833333333,79.4247555555556
1,32.9526472222222,79.4276805555556
1,32.9485138888889,79.4316444444444
1,32.9471305555556,79.4327138888889
1,32.9440166666667,79.4364027777778
1,32.942975,79.4382638888889
1,32.9369666666667,79.4435416666667
1,32.9242916666667,79.4575694444444
1,32.9203805555556,79.4610055555556
1,32.9185444444444,79.462575
1,32.9107583333333,79.4680611111111
1,32.9074305555556,79.4696166666667
1,32.8894527777778,79.4800472222222
1,32.8864583333333,79.4826666666667
1,32.8855416666667,79.4837416666667
1,32.8798138888889,79.4873805555556
1,32.8759083333333,79.4910694444444
1,32.8747222222222,79.4948194444444
1,32.8731027777778,79.4966027777778
1,32.8706888888889,79.4992
1,32.8697777777778,79.5002777777778
1,32.8657166666667,79.5047
1,32.8633805555556,79.5064083333333
1,32.8620333333333,79.5073611111111
1,32.8542166666667,79.5146027777778
1,32.8342277777778,79.5292916666667
1,32.8206722222222,79.5405833333333
1,28.9798611111111,80.1026527777778
1,28.9798333333333,80.1011388888889
1,28.97825,80.1006305555555
1,28.97485,80.0977
1,28.9738833333333,80.0965555555556
1,28.9721333333333,80.0956805555555
1,28.9692111111111,80.092825
1,28.9642416666667,80.0905555555556
1,28.9606361111111,80.0873527777778
1,28.9426333333333,80.0800694444444
1,28.9417194444444,80.0795
1,28.9400138888889,80.0787833333333
1,28.9293916666667,80.0722361111111
1,28.9248611111111,80.0683944444444
1,28.9171833333333,80.0651305555556
1,28.9022555555556,80.061875
1,28.8875555555556,80.0626666666667
1,28.8829888888889,80.0626583333333
1,28.8437277777778,80.0621388888889
1,28.8383111111111,80.0631805555555
1,28.8276972222222,80.0688805555556
1,28.8243333333333,80.0742638888889
1,28.8220805555556,80.0806944444444
1,28.8224861111111,80.0878333333333
1,28.8219861111111,80.0990972222222
1,28.8223666666667,80.1055472222222
1,28.8237305555556,80.1101166666667
1,28.8244166666667,80.1175611111111
1,28.8234888888889,80.1221722222222
1,28.8206138888889,80.1319166666667
1,28.8197166666667,80.1329305555555
1,28.8183638888889,80.1334638888889
1,28.8160361111111,80.13725
1,28.8150444444444,80.1388333333333
1,28.8110222222222,80.1437694444444
1,28.8057444444444,80.1499083333333
1,28.8048277777778,80.1499083333333
1,28.8014583333333,80.1535138888889
1,28.7996472222222,80.1555694444445
1,28.7937861111111,80.1632638888889
1,28.7923694444444,80.1639722222222
1,28.7915388888889,80.1650138888889
1,28.7909027777778,80.1663805555556
1,28.7874666666667,80.1707083333333
1,28.7858777777778,80.1712
1,28.7843,80.1735277777778
1,28.7832027777778,80.1737916666667
1,28.7797944444444,80.1797138888889
1,28.7759194444444,80.1840694444444
1,28.7658361111111,80.1969222222222
1,28.7649222222222,80.1979361111111
1,28.7583916666667,80.2092222222222
1,28.7565861111111,80.2136527777778
1,28.7543472222222,80.2214861111111
1,28.7541222222222,80.2227833333333
1,28.7543527777778,80.2279083333333
1,28.7566333333333,80.2460833333333
1,28.7552888888889,80.2529777777778
1,28.7519166666667,80.2606861111111
1,28.7482305555556,80.2650416666667
1,28.7469194444444,80.2668388888889
1,28.7455638888889,80.267875
1,28.7419833333333,80.2692694444444
1,28.7338138888889,80.266875
1,28.7326833333333,80.2659916666667
1,28.7279583333333,80.263825
1,28.7263638888889,80.2625472222222
1,28.7243444444444,80.260625
1,28.7232,80.2607694444444
1,28.7227166666667,80.26175
1,28.7214055555556,80.2643611111111
1,28.7180166666667,80.2692277777778
1,28.7164333333333,80.2712916666667
1,28.7107888888889,80.2733333333333
1,28.7080805555556,80.2782222222222
1,28.7074027777778,80.2807694444444
1,28.7067166666667,80.2920333333333
1,28.7053944444444,80.2989166666667
1,28.69675,80.3185138888889
1,28.6957916666667,80.3198111111111
1,28.6950111111111,80.3214583333333
1,28.693425,80.3223666666667
1,28.6898,80.3231527777778
1,28.6875472222222,80.3226388888889
1,28.6866527777778,80.322
1,28.6832527777778,80.3233055555555
1,28.6769222222222,80.32495
1,28.6740722222222,80.326825
1,28.6723638888889,80.3266722222222
1,28.6645,80.3315
1,28.6602111111111,80.3389444444445
1,28.6550277777778,80.3530138888889
1,28.6500472222222,80.3604166666667
1,28.6491527777778,80.3608111111111
1,28.6398833333333,80.3602083333333
1,28.6383388888889,80.3626166666667
1,28.6370805555556,80.36525
1,30.4582111111111,80.5226861111111
1,30.4561166666667,80.5247694444444
1,30.4541416666667,80.5267
1,30.4503055555556,80.5328111111111
1,30.4493916666667,80.5330833333333
1,30.4482388888889,80.5371027777778
1,30.4471277777778,80.5395833333333
1,30.4480305555556,80.5411444444444
1,30.4521055555556,80.5423111111111
1,30.4528805555556,80.5429222222222
1,30.4539027777778,80.5437083333333
1,30.456375,80.5481805555555
1,30.4574916666667,80.552625
1,30.4561611111111,80.5572694444444
1,30.4574805555556,80.5648388888889
1,30.4599861111111,80.5687277777778
1,30.4685611111111,80.5743388888889
1,30.4814333333333,80.5795472222222
1,30.4821194444444,80.5819027777778
1,30.4825472222222,80.5898388888889
1,30.4800611111111,80.5973666666667
1,30.4750694444444,80.6067361111111
1,30.4526583333333,80.641875
1,30.4504027777778,80.6442
1,30.4483277777778,80.6468111111111
1,30.4451833333333,80.6499583333333
1,30.4438694444444,80.6505611111111
1,30.4403472222222,80.6566166666667
1,30.4399083333333,80.6578527777778
1,30.4390833333333,80.6597638888889
1,30.4381611111111,80.6621722222222
1,30.4386138888889,80.6637277777778
1,30.4381527777778,80.6665833333333
1,30.4385972222222,80.673875
1,30.4362416666667,80.6790611111111
1,30.4354222222222,80.6803611111111
1,30.4340361111111,80.6808805555556
1,30.433375,80.68245
1,30.4326833333333,80.6832361111111
1,30.4279111111111,80.69
1,30.4111805555556,80.7129027777778
1,30.4007416666667,80.7327
1,30.3950611111111,80.7443527777778
1,30.3909861111111,80.7505555555556
1,30.3843972222222,80.7583611111111
1,30.3807916666667,80.7622361111111
1,30.3783,80.7645833333333
1,30.3769194444444,80.765375
1,30.3728,80.7688055555556
1,30.3721611111111,80.76975
1,30.3698416666667,80.7704027777778
1,30.3687555555556,80.7715138888889
1,30.3681111111111,80.7723805555556
1,30.3583638888889,80.7770472222222
1,30.3540638888889,80.7793527777778
1,30.3527083333333,80.7801166666667
1,30.3518111111111,80.7811722222222
1,30.3409444444444,80.7854305555555
1,30.3384583333333,80.7868472222222
1,30.3359944444444,80.7889861111111
1,30.3312305555556,80.7951861111111
1,30.3231138888889,80.8067361111111
1,30.3128277777778,80.8242361111111
1,30.3096388888889,80.8309916666667
1,30.3085777777778,80.8336805555556
1,30.3063277777778,80.839825
1,30.3000694444444,80.8587361111111
1,30.298825,80.8664722222222
1,30.296975,80.8779222222222
1,30.2956972222222,80.8834166666667
1,30.2924861111111,80.8964222222222
1,30.2867916666667,80.9093888888889
1,30.2839805555556,80.9183611111111
1,30.2808361111111,80.9296444444444
1,30.2785555555556,80.9428666666667
1,30.278125,80.9471666666667
1,30.2780027777778,80.9492972222222
1,30.2773416666667,80.9535194444444
1,30.2769055555556,80.9551583333333
1,30.2754361111111,80.9601666666667
1,32.4078972222222,75.1423805555556
1,32.4042527777778,75.1388527777778
1,32.4026138888889,75.137325
1,32.4021444444444,75.1362972222222
1,32.4016583333333,75.1347083333334
1,32.401175,75.1309638888889
1,32.4045583333333,75.1290194444444
1,32.4150027777778,75.1272277777778
1,32.4193222222222,75.1277
1,32.4200777777778,75.1330138888889
1,32.4213388888889,75.1340277777778
1,32.4234527777778,75.1355694444444
1,32.42705,75.1289916666667
1,32.4281888888889,75.1269916666667
1,32.4292944444444,75.1250972222222
1,32.4338111111111,75.1218055555555
1,32.4381027777778,75.1201166666667
1,32.4440222222222,75.1205555555556
1,32.4467388888889,75.1197416666667
1,32.4498833333333,75.1180555555555
1,32.4505694444444,75.11695
1,32.4516111111111,75.1137555555556
1,32.4523277777778,75.1115555555556
1,32.4536805555556,75.11075
1,32.4554777777778,75.1104444444444
1,32.4586583333333,75.1095694444444
1,32.4611194444444,75.1090055555556
1,32.4623916666667,75.1086805555556
1,32.46775,75.1083111111111
1,32.4686527777778,75.108575
1,32.4716277777778,75.1065888888889
1,32.4725083333333,75.1045472222222
1,32.4719916666667,75.1004222222222
1,32.4650777777778,75.0936305555555
1,32.4630916666667,75.0893944444444
1,32.4627555555556,75.0883472222222
1,32.4633944444444,75.0859083333333
1,32.4645166666667,75.085075
1,32.4647361111111,75.0840055555555
1,32.4651805555556,75.0826722222222
1,32.46855,75.078575
1,32.4696694444444,75.0772222222222
1,32.4705444444444,75.0750555555556
1,32.4714527777778,75.0737
1,32.4720972222222,75.0720833333333
1,32.4732416666667,75.0674638888889
1,32.4742555555556,75.0632083333333
1,32.4737388888889,75.0562416666667
1,32.4748222222222,75.0524916666667
1,32.4759722222222,75.0519222222222
1,32.4808833333333,75.0472638888889
1,32.482625,75.0402833333333
1,32.4840638888889,75.0377277777778
1,32.4871277777778,75.0345611111111
1,32.4882527777778,75.0340277777778
1,32.4911555555556,75.031825
1,32.4913527777778,75.0291305555556
1,32.4901527777778,75.0269638888889
1,32.4892416666667,75.0259222222222
1,32.4828388888889,75.0204638888889
1,32.4809166666667,75.019325
1,32.4784055555556,75.0183111111111
1,32.4727972222222,75.016625
1,32.4694638888889,75.0163888888889
1,32.4655194444444,75.0167694444444
1,32.4641472222222,75.01625
1,32.4568,75.0102361111111
1,32.4526527777778,75.0049222222222
1,32.4505416666667,75.0022972222222
1,32.4482277777778,74.9967083333333
1,32.447075,74.9951305555556
1,32.4467972222222,74.9911305555556
1,32.4458611111111,74.9900555555556
1,32.4457583333333,74.9820416666667
1,32.4457,74.9772222222222
1,32.4470472222222,74.9739861111111
1,32.4472,74.9694305555556
1,32.4476472222222,74.9683388888889
1,32.4480916666667,74.9669916666667
1,32.4480138888889,74.9610888888889
1,32.4470638888889,74.9587083333333
1,32.4456972222222,74.9582
1,32.4405416666667,74.9540555555556
1,32.4392694444444,74.9527138888889
1,32.4389944444444,74.9489722222222
1,32.4418833333333,74.9451583333333
1,32.4509361111111,74.9415
1,32.4611055555556,74.9346027777778
1,32.4615194444444,74.9332222222222
1,32.4616861111111,74.9281666666667
1,32.4586611111111,74.9223194444445
1,32.4581472222222,74.9167222222222
1,32.4574361111111,74.9153944444445
1,32.4576527777778,74.9140333333333
1,32.4585444444444,74.9129583333333
1,32.46395,74.9096388888889
1,32.4643916666667,74.9082916666667
1,32.4641138888889,74.9047833333333
1,32.4602305555556,74.90275
1,32.4592916666667,74.9014305555555
1,32.4598916666667,74.8941722222222
1,32.4614333333333,74.89145
1,32.4621055555556,74.8903805555556
1,32.4625472222222,74.8890333333333
1,32.4661583333333,74.8857416666667
1,32.4672666666667,74.884125
1,32.4679027777778,74.8808944444444
1,32.4705638888889,74.8767916666667
1,32.4721472222222,74.8757
1,32.474675,74.8764583333333
1,32.4781111111111,74.8774777777778
1,32.4796555555556,74.8774027777778
1,32.4810083333333,74.8750277777778
1,32.4791055555556,74.869075
1,32.4797111111111,74.8624166666667
1,32.4826138888889,74.8583333333333
1,32.4825611111111,74.854575
1,32.4820833333333,74.8527138888889
1,32.4804388888889,74.8492916666667
1,32.4804222222222,74.8478194444444
1,32.4803916666667,74.8457972222222
1,32.4841527777778,74.8379638888889
1,32.4845861111111,74.8360472222222
1,32.4844722222222,74.8272361111111
1,32.4848972222222,74.8253472222222
1,32.4869111111111,74.8234222222222
1,32.4873555555556,74.8223527777778
1,32.4872694444444,74.8159027777778
1,32.4867944444444,74.8146111111111
1,32.4821027777778,74.8131305555555
1,32.4769861111111,74.8120972222222
1,32.4751444444444,74.8108194444444
1,32.4748916666667,74.8086722222222
1,32.4730444444444,74.8057777777778
1,32.4732444444444,74.8030833333333
1,32.4743416666667,74.8008944444444
1,32.4743222222222,74.7995694444444
1,32.4731694444444,74.7979916666667
1,32.4679027777778,74.7940972222222
1,32.4674083333333,74.7922277777778
1,32.4680555555556,74.7881944444444
1,32.4684722222222,74.7868472222222
1,32.4686388888889,74.7822916666667
1,32.4690277777778,74.7785277777778
1,32.4696944444444,74.7766388888889
1,32.4709027777778,74.7734305555555
1,32.4715555555556,74.772325
1,32.4732111111111,74.7668944444444
1,32.4731472222222,74.7623055555556
1,32.4723805555556,74.7570416666667
1,32.4712222222222,74.7546388888889
1,32.4711972222222,74.7532777777778
1,32.4695777777778,74.7514305555555
1,32.4682027777778,74.7504083333333
1,32.4681694444444,74.7477138888889
1,32.4694527777778,74.7423472222222
1,32.4711972222222,74.7380055555556
1,32.4716416666667,74.7369444444444
1,32.4723055555556,74.7347916666667
1,32.4727555555556,74.7337
1,32.4721972222222,74.7267416666667
1,32.4714805555556,74.7251527777778
1,32.4703277777778,74.7238194444444
1,32.4696138888889,74.7222277777778
1,32.4695833333333,74.7201027777778
1,32.4695888888889,74.7190138888889
1,32.4690638888889,74.7144777777778
1,32.4706,74.7104444444444
1,32.4717138888889,74.7090888888889
1,32.4800972222222,74.7072777777778
1,32.4823388888889,74.7058888888889
1,32.4830138888889,74.7042694444444
1,32.4839194444444,74.7029166666667
1,32.4842777777778,74.6975416666667
1,32.4817388888889,74.6941166666667
1,32.4803222222222,74.6906583333333
1,32.4796027777778,74.6888055555556
1,32.4797833333333,74.6850416666667
1,32.4804611111111,74.6836861111111
1,32.4831416666667,74.6806861111111
1,32.48495,74.6795694444444
1,32.4936138888889,74.6812833333333
1,32.5021833333333,74.6781527777778
1,36.9735888888889,74.4171305555556
1,36.980875,74.425575
1,36.9853527777778,74.42575
1,36.9882694444444,74.4279083333333
1,36.9895027777778,74.4342694444445
1,36.9896194444444,74.4424722222222
1,36.9896722222222,74.4457
1,36.9906194444444,74.4481722222222
1,36.9903916666667,74.4497638888889
1,36.9903833333333,74.4570555555556
1,36.9908972222222,74.4673805555556
1,36.9900611111111,74.472125
1,36.9905694444444,74.4760138888889
1,36.9878666666667,74.4902916666667
1,36.9876833333333,74.4930972222222
1,36.9870222222222,74.4994861111111
1,36.9871055555556,74.5083611111111
1,36.9876027777778,74.5189916666667
1,36.9871805555556,74.5212361111111
1,36.9867388888889,74.52345
1,36.9853194444444,74.5307416666667
1,36.9845694444444,74.53225
1,36.9763388888889,74.5402
1,36.9749527777778,74.5415694444444
1,36.9696833333333,74.5438805555555
1,36.9675555555556,74.5439305555555
1,36.9647,74.5448805555556
1,36.9610833333333,74.5472277777778
1,36.9557,74.5507
1,36.9541388888889,74.5512916666667
1,36.9520972222222,74.5529916666667
1,36.9511666666667,74.555
1,36.9501111111111,74.5560888888889
1,36.9490361111111,74.5586305555556
1,36.9484861111111,74.5739305555555
1,36.948075,74.5751166666667
1,36.9474861111111,74.5764027777778
1,36.9481138888889,74.5772694444444
1,36.9615138888889,74.5777083333333
1,36.9685055555556,74.57925
1,36.9759722222222,74.5816722222222
1,36.9769194444444,74.5813666666667
1,36.9844638888889,74.5811861111111
1,36.9947916666667,74.5831444444444
1,36.9986055555556,74.5836166666667
1,37.0064638888889,74.5848194444444
1,37.0102666666667,74.5851722222222
1,37.02705,74.5879722222222
1,37.0306055555556,74.587325
1,37.035475,74.5830138888889
1,37.0363222222222,74.5799444444444
1,37.0372166666667,74.5790694444444
1,37.0405694444444,74.580125
1,37.0419111111111,74.5803666666667
1,37.0437777777778,74.5850611111111
1,37.0438416666667,74.5898111111111
1,37.0443138888889,74.5914777777778
1,37.045475,74.5945055555555
1,37.0468638888889,74.5964305555555
1,37.0475777777778,74.6017
1,37.0489805555556,74.6050055555556
1,37.0493777777778,74.6103527777778
1,37.0499472222222,74.6120416666667
1,37.0502722222222,74.6180888888889
1,37.0533916666667,74.6328472222222
1,37.0538888888889,74.6378611111111
1,37.0546055555556,74.64025
1,37.0551444444444,74.6483611111111
1,37.0562,74.6577916666667
1,37.059625,74.6655277777778
1,37.0632694444444,74.6698611111111
1,37.0644083333333,74.6701111111111
1,37.0644305555556,74.67125
1,37.0689611111111,74.6769777777778
1,37.0694305555556,74.6783805555556
1,37.0733194444444,74.6835833333333
1,37.0741138888889,74.6867138888889
1,37.0750416666667,74.6883527777778
1,37.0763222222222,74.6924444444444
1,37.0766194444444,74.6944722222222
1,37.0767388888889,74.6981527777778
1,37.0760861111111,74.7072277777778
1,37.0727833333333,74.7114638888889
1,37.07055,74.713125
1,37.0612277777778,74.7170277777778
1,37.0594944444444,74.7171527777778
1,37.0531861111111,74.7174916666667
1,37.0520694444444,74.7166666666667
1,37.0507305555556,74.7172694444444
1,37.0480555555556,74.7170416666667
1,37.0431166666667,74.7183388888889
1,37.0370555555556,74.7205194444444
1,37.0244583333333,74.7267694444445
1,37.0224638888889,74.7287777777778
1,37.0191555555556,74.7330333333333
1,37.0178388888889,74.735
1,37.0178555555555,74.736125
1,37.0147722222222,74.7384361111111
1,37.0130472222222,74.7434861111111
1,37.0121861111111,74.7451722222222
1,37.0106472222222,74.7474166666667
1,37.0102,74.7485611111111
1,37.0100083333333,74.751075
1,37.0116666666667,74.7560194444444
1,37.013225,74.757125
1,37.013925,74.7582416666667
1,37.0235833333333,74.7619222222222
1,37.0254055555556,74.7646583333333
1,37.0258527777778,74.7657555555556
1,37.0272388888889,74.7693472222222
1,37.0273972222222,74.772375
1,37.0282583333333,74.7773888888889
1,37.0283194444444,74.7821444444445
1,37.0278916666667,74.7843666666667
1,37.0266166666667,74.7897972222222
1,37.0261861111111,74.7917
1,37.0236,74.7969916666667
1,37.0224861111111,74.7984444444444
1,37.0220888888889,74.8031805555556
1,37.0215861111111,74.8151583333333
1,37.021175,74.8174083333333
1,37.0216972222222,74.8185555555555
1,37.0217138888889,74.8205138888889
1,37.0232972222222,74.8268472222222
1,37.0233638888889,74.8323944444444
1,37.0222722222222,74.8338055555556
1,37.0207527777778,74.8377416666667
1,37.0154055555556,74.8406527777778
1,37.0136555555556,74.8405277777778
1,37.0083083333333,74.8401861111111
1,37.0042916666667,74.8404777777778
1,36.9979666666667,74.8399305555556
1,36.9946861111111,74.8411944444444
1,36.9884111111111,74.844575
1,36.9863277777778,74.8466666666667
1,36.9782444444444,74.8545333333333
1,36.9751666666667,74.8587833333333
1,36.9749583333333,74.8604583333333
1,36.9656388888889,74.86595
1,36.9634111111111,74.8676666666667
1,36.9605361111111,74.8708194444445
1,36.9596694444445,74.8719361111111
1,36.95925,74.873075
1,36.9581444444445,74.8736388888889
1,36.9572416666667,74.8739083333333
1,36.9525833333333,74.8779166666666
1,36.9510083333333,74.8795055555555
1,36.9497083333333,74.8805472222222
1,36.9476,74.8829638888889
1,36.9466722222222,74.8835055555556
1,36.9446333333333,74.8856305555556
1,36.9355194444444,74.8911166666667
1,36.9313472222222,74.8953666666667
1,36.9290027777778,74.8970555555556
1,36.9261111111111,74.8989027777778
1,36.9232777777778,74.9010194444444
1,36.919125,74.9034027777778
1,36.91535,74.9073888888889
1,36.9109166666667,74.9094305555556
1,36.9102777777778,74.9122361111111
1,36.9087138888889,74.9125611111111
1,36.9075916666667,74.9125833333333
1,36.9069194444444,74.9134166666667
1,36.9067222222222,74.915375
1,36.9045611111111,74.9207
1,36.9048138888889,74.9232138888889
1,36.907325,74.9259361111111
1,36.9198777777778,74.9300555555556
1,36.9239361111111,74.9311583333333
1,36.9311472222222,74.9377638888889
1,36.9318694444444,74.9390277777778
1,36.9331972222222,74.9398666666667
1,36.933675,74.9417916666667
1,36.9366333333333,74.9456305555556
1,36.9407138888889,74.9559027777778
1,36.9441611111111,74.9596722222222
1,36.9460888888889,74.9647916666667
1,36.9469861111111,74.9658944444444
1,36.9473972222222,74.9677
1,36.949675,74.9707083333333
1,36.9512388888889,74.9756527777778
1,36.9524888888889,74.9773888888889
1,36.9532277777778,74.9785833333333
1,36.9547722222222,74.9804722222222
1,33.6800277777778,79.0425416666667
1,33.6796583333333,79.0438805555555
1,33.6766111111111,79.0524916666667
1,33.6762777777778,79.0593944444445
1,33.6760472222222,79.0632916666667
1,33.6775583333333,79.0703527777778
1,33.6813666666667,79.0747638888889
1,33.682875,79.079125
1,33.6837861111111,79.0799361111111
1,33.6856888888889,79.0825472222222
1,33.6869083333333,79.084825
1,33.6863972222222,79.0883611111111
1,33.6854666666667,79.0896944444444
1,33.678,79.0906527777778
1,33.674375,79.0900833333333
1,33.6569611111111,79.0890138888889
1,33.6555833333333,79.0889916666667
1,33.6512666666667,79.09
1,33.6362388888889,79.0949083333333
1,33.6209638888889,79.1038472222222
1,33.614825,79.105375
1,33.6125555555556,79.1050972222222
1,33.6121277777778,79.1039916666667
1,33.6121972222222,79.0980277777778
1,33.6127222222222,79.0968527777778
1,33.6149944444444,79.0910333333333
1,33.6157,79.09025
1,33.6159583333333,79.0861861111111
1,33.6178388888889,79.08245
1,33.6199805555556,79.0727277777778
1,33.621575,79.0708805555555
1,33.6223,79.0678944444444
1,33.6243694444444,79.0660333333333
1,33.6252972222222,79.0639083333333
1,33.6256138888889,79.0586305555556
1,33.6261944444445,79.046325
1,33.6259944444444,79.0433333333333
1,33.624875,79.0414083333333
1,33.6244611111111,79.0395138888889
1,33.6249916666667,79.0336111111111
1,33.6241527777778,79.0281527777778
1,33.6239472222222,79.0262638888889
1,33.6226277777778,79.0229861111111
1,33.6219472222222,79.0219083333333
1,33.6219888888889,79.0186388888889
1,33.620875,79.0175472222222
1,33.6191138888889,79.0123944444444
1,33.6174583333333,79.0088666666667
1,33.6153694444444,79.0042277777778
1,33.610675,78.9982277777778
1,33.6100138888889,78.9955277777778
1,33.6096583333333,78.9884444444444
1,33.6106138888889,78.9830472222222
1,33.611075,78.9814305555555
1,33.6122583333333,78.9782138888889
1,33.6129666666667,78.976875
1,33.612975,78.9757694444445
1,33.6148472222222,78.9698666666667
1,33.6166944444444,78.9592277777778
1,33.6186722222222,78.9523611111111
1,33.6191805555556,78.9483055555555
1,33.6198638888889,78.9475138888889
1,33.6212555555556,78.9442916666667
1,33.6228916666667,78.9399722222222
1,33.6261277777778,78.9345416666667
1,33.6272972222222,78.9310972222222
1,33.6298361111111,78.9265472222222
1,33.6303388888889,78.9227638888889
1,33.6317166666667,78.9208805555556
1,33.63205,78.9177777777778
1,33.6308083333333,78.9152416666667
1,33.6263416666667,78.9130055555556
1,33.6246333333333,78.9138333333333
1,33.6208888888889,78.9155972222222
1,33.6147666666667,78.9155972222222
1,33.6009861111111,78.9144916666667
1,33.5950611111111,78.9157
1,33.5920611111111,78.9163194444445
1,33.5855416666667,78.9167277777778
1,33.5789916666667,78.9155694444444
1,33.5780833333333,78.9150055555556
1,33.5744527777778,78.9138527777778
1,33.5728194444444,78.9136944444445
1,33.5710611111111,78.9143527777778
1,33.5697305555556,78.916375
1,33.5682916666667,78.9194861111111
1,33.5671583333333,78.9199916666667
1,33.5634861111111,78.9234583333333
1,33.5594777777778,78.9254583333333
1,33.558225,78.926375
1,33.5554944444444,78.927325
1,33.5478472222222,78.9299361111111
1,33.5250222222222,78.9391166666667
1,33.5197833333333,78.940125
1,33.5077694444444,78.9413194444444
1,33.49895,78.9400972222222
1,33.49805,78.9403611111111
1,33.4927694444444,78.9383388888889
1,33.4918805555556,78.9377833333333
1,33.489475,78.9367277777778
1,33.4890305555556,78.9356444444444
1,33.48745,78.9345611111111
1,33.4766027777778,78.9310333333333
1,33.4723277777778,78.9300055555556
1,33.4639305555556,78.9293388888889
1,33.4468277777778,78.93075
1,33.4427416666667,78.9314361111111
1,33.4382305555555,78.9313194444445
1,33.4312666666667,78.931875
1,33.4195472222222,78.9354777777778
1,33.4108111111111,78.9388666666667
1,33.4092,78.9407361111111
1,33.4084916666667,78.942075
1,33.4068333333333,78.9485555555556
1,33.4020472222222,78.9499861111111
1,33.3893527777778,78.9501944444444
1,33.3795888888889,78.9521944444444
1,33.3786472222222,78.9532777777778
1,33.378425,78.9546166666667
1,33.3768,78.9575888888889
1,33.3761055555556,78.9586444444444
1,33.3749027777778,78.9648333333333
1,33.373975,78.9672555555556
1,33.3726027777778,78.96825
1,33.3671277777778,78.9703944444445
1,33.3634222222222,78.9708111111111
1,33.36145,78.9705888888889
1,33.3589638888889,78.9710972222222
1,33.357375,78.9729444444445
1,33.3543555555556,78.9788194444444
1,33.3445555555556,78.9816722222222
1,33.3384444444444,78.9844361111111
1,33.332,78.9877138888889
1,33.3313222222222,78.9885
1,33.3301694444445,78.9909305555556
1,33.3292527777778,78.9919777777778
1,33.3294222222222,78.9954861111111
1,33.3303388888889,78.9995888888889
1,33.3306888888889,79.0054861111111
1,33.3331027777778,79.012
1,33.3339638888889,79.0149916666667
1,33.33395,79.0163333333333
1,33.3313333333333,79.0195888888889
1,33.3307388888889,79.0208666666667
1,33.3302583333333,79.0224777777778
1,33.32775,79.0243388888889
1,33.3258472222222,79.0294305555556
1,33.3249083333333,79.0308388888889
1,33.3226138888889,79.0339638888889
1,33.3223777777778,79.036125
1,33.3193777777778,79.0404166666667
1,33.3184638888889,79.0420138888889
1,33.3179805555556,79.043625
1,33.3173194444445,79.0451444444444
1,33.3170444444444,79.0465694444444
1,33.3144638888889,79.0524777777778
1,33.3082416666667,79.0604722222222
1,33.3063777777778,79.0658472222222
1,33.305425,79.0685194444444
1,33.3047444444444,79.0695833333333
1,33.3042972222222,79.0720694444444
1,33.3036444444444,79.0731527777778
1,33.3026805555555,79.0750055555556
1,33.3023777777778,79.0768611111111
1,33.3014666666667,79.0773388888889
1,33.298425,79.0851305555556
1,33.2961416666667,79.0877777777778
1,33.2956527777778,79.0899444444444
1,33.2937777777778,79.0947972222222
1,33.2930694444444,79.0958527777778
1,33.2925888888889,79.1012416666667
1,33.2904166666667,79.1092916666667
1,33.2901611111111,79.11145
1,33.2905444444444,79.1173805555555
1,33.2893555555556,79.1222083333333
1,33.2886722222222,79.1235694444444
1,33.2884166666667,79.1254305555555
1,33.2885583333333,79.1327555555555
1,33.2904638888889,79.13875
1,33.2911527777778,79.1427638888889
1,33.29105,79.1469305555556
1,33.2910277777778,79.1487416666667
1,33.2902111111111,79.1568111111111
1,33.2886444444444,79.1624027777778
1,27.9855166666667,81.7009027777778
1,27.9846194444444,81.7014083333333
1,27.9822027777778,81.7045055555556
1,27.9808555555556,81.7064027777778
1,27.9799305555556,81.7069166666667
1,27.9732416666667,81.7152833333333
1,27.9728138888889,81.7163611111111
1,27.9715638888889,81.7176944444444
1,27.9697972222222,81.7195833333333
1,27.9654722222222,81.7252916666667
1,27.9645666666667,81.7263194444444
1,27.9543361111111,81.737125
1,27.9527805555556,81.7392
1,27.9510388888889,81.7408055555556
1,27.9482916666667,81.7453388888889
1,27.9424194444444,81.7535055555555
1,27.9394305555556,81.7570055555556
1,27.9374777777778,81.7587694444444
1,27.9367805555556,81.7595333333333
1,27.9346527777778,81.7610611111111
1,27.9319777777778,81.7652638888889
1,27.9309527777778,81.7666527777778
1,27.9283416666667,81.7702833333333
1,27.9212638888889,81.7777083333333
1,27.9188777777778,81.7799361111111
1,27.9084472222222,81.7945694444444
1,27.9047916666667,81.7999722222222
1,27.9033888888889,81.8020555555556
1,27.9005555555556,81.8053472222222
1,27.8982111111111,81.8121805555555
1,27.9004305555556,81.8170555555556
1,27.90085,81.820825
1,27.8975916666667,81.8300194444444
1,27.8957388888889,81.8337416666667
1,27.8912638888889,81.8394777777778
1,27.8906861111111,81.8402916666667
1,27.8888694444444,81.8407638888889
1,27.8785277777778,81.8571444444444
1,27.87615,81.8596666666667
1,27.8696,81.8689777777778
1,27.8636055555556,81.8803055555556
1,27.8604027777778,81.8838527777778
1,27.8590361111111,81.8848388888889
1,27.8560444444444,81.8891111111111
1,27.8528972222222,81.908875
1,27.8534638888889,81.9197972222222
1,27.8572055555556,81.9267083333333
1,27.8581138888889,81.9274916666667
1,27.8608138888889,81.9276027777778
1,27.8658,81.9273194444444
1,27.8676,81.926575
1,27.8714472222222,81.9255888888889
1,27.873925,81.9256527777778
1,27.8753055555556,81.9259027777778
1,27.8789444444444,81.9312833333333
1,27.8828555555556,81.93845
1,27.8844,81.9397361111111
1,27.8866777777778,81.9398944444444
1,27.8907277777778,81.940825
1,27.8920777777778,81.9415888888889
1,27.8933555555556,81.9425833333333
1,27.8972944444444,81.9469222222222
1,27.8984166666667,81.9475555555556
1,27.9004083333333,81.9501388888889
1,27.9019611111111,81.9512083333333
1,27.9050472222222,81.954375
1,27.9068361111111,81.9561444444444
1,27.9114194444444,81.9593333333333
1,27.9172888888889,81.9642638888889
1,27.920475,81.9662361111111
1,27.9258027777778,81.9688388888889
1,27.927925,81.969875
1,27.9276111111111,81.9711527777778
1,27.9273083333333,81.9795194444444
1,27.925375,81.9938527777778
1,27.9245361111111,82.0066527777778
1,27.9228,82.0234583333333
1,27.9223416666667,82.0279638888889
1,27.9204333333333,82.0511944444444
1,27.9198055555556,82.0656861111111
1,27.9204555555556,82.0687361111111
1,27.9222083333333,82.0716527777778
1,27.9221888888889,82.0730472222222
1,27.91835,82.0752833333333
1,27.91675,82.0767833333333
1,27.91,82.080325
1,27.9081166666667,82.0821305555556
1,27.9062694444444,82.0832416666667
1,27.9028888888889,82.0853666666667
1,27.9000777777778,82.0885
1,27.8978083333333,82.0895
1,27.8964138888889,82.0910972222222
1,27.895375,82.0919638888889
1,27.892775,82.0942277777778
1,27.8915722222222,82.0949083333333
1,27.8877777777778,82.0969444444444
1,27.8870805555556,82.0979305555555
1,27.8839027777778,82.1001805555556
1,27.8822916666667,82.1024583333333
1,27.8787777777778,82.1115333333333
1,27.8780972222222,82.1127972222222
1,27.8728333333333,82.119325
1,27.8641583333333,82.1245333333333
1,27.8615916666667,82.1311027777778
1,27.8603472222222,82.1392138888889
1,27.8567361111111,82.1485888888889
1,27.8566138888889,82.1508111111111
1,27.8629138888889,82.15245
1,27.8635555555556,82.1541027777778
1,27.8639527777778,82.1585472222222
1,27.8560416666667,82.1727777777778
1,27.8543555555556,82.1766722222222
1,27.8522222222222,82.1802555555556
1,27.8509805555556,82.1823666666667
1,27.8489277777778,82.1865888888889
1,27.8465777777778,82.1923111111111
1,27.8460277777778,82.1996444444445
1,27.8441555555556,82.2057416666667
1,27.8425638888889,82.2077916666667
1,27.8331527777778,82.2200055555556
1,27.8315555555556,82.2213805555556
1,27.8285388888889,82.2237833333333
1,27.8262583333333,82.2255055555556
1,27.8251277777778,82.2265138888889
1,27.8220388888889,82.2286027777778
1,27.82055,82.23075
1,27.8163583333333,82.2382833333333
1,27.8123916666667,82.2501666666667
1,27.8088722222222,82.2569444444444
1,27.8029,82.2646583333333
1,27.7984638888889,82.2695611111111
1,27.7934944444444,82.2752361111111
1,27.7894055555556,82.2774305555556
1,27.7852722222222,82.2821944444444
1,27.7836666666667,82.2826805555556
1,27.7827444444444,82.2841805555556
1,27.7802222222222,82.2874361111111
1,27.7794388888889,82.2891583333333
1,27.7781388888889,82.2924861111111
1,27.7771972222222,82.2935055555556
1,27.7757916666667,82.2942
1,27.7752944444444,82.2953055555555
1,27.7737166666667,82.2981111111111
1,27.7664861111111,82.3151111111111
1,27.7593555555556,82.3303527777778
1,27.7518416666667,82.347625
1,27.7455166666667,82.3580333333333
1,27.7395083333333,82.3671027777778
1,27.7375166666667,82.3699583333333
1,27.7329138888889,82.3754444444444
1,27.7308416666667,82.3776805555556
1,27.7299111111111,82.3781722222222
1,27.7240111111111,82.3801111111111
1,27.7183472222222,82.3830555555555
1,27.7149277777778,82.3840277777778
1,27.7135555555556,82.3856527777778
1,27.712425,82.38625
1,27.7089388888889,82.3917833333334
1,27.6985416666667,82.4094861111111
1,27.6977388888889,82.4108611111111
1,27.6931888888889,82.4191527777778
1,27.6899666666667,82.4227
1,27.6862777777778,82.4284027777778
1,27.6824527777778,82.4420194444444
1,27.6756138888889,82.4545972222222
1,27.67465,82.4570972222222
1,27.6742527777778,82.4603888888889
1,27.6736972222222,82.4684861111111
1,27.6740777777778,82.4741583333333
1,27.6745138888889,82.4755333333333
1,27.6778,82.4814916666667
1,27.6802583333333,82.4829222222222
1,27.681125,82.4845888888889
1,27.6811027777778,82.4861027777778
1,27.6794388888889,82.4901111111111
1,27.6790138888889,82.4911111111111
1,27.6839138888889,82.4951305555556
1,27.6842555555556,82.5028944444445
1,32.5050222222222,74.6781722222222
1,32.5101694444444,74.6798333333333
1,32.5115583333333,74.6811388888889
1,32.5115694444444,74.6822222222222
1,32.5159472222222,74.6861305555556
1,32.5193833333333,74.6876861111111
1,32.5241527777778,74.6867694444445
1,32.5245555555556,74.6843388888889
1,32.5247666666667,74.6827222222222
1,32.5261138888889,74.6816305555556
1,32.5271694444444,74.6762416666667
1,32.5284472222222,74.6738472222222
1,32.5289361111111,74.6721805555556
1,32.5307111111111,74.6702833333333
1,32.5311527777778,74.6686666666667
1,32.5315888888889,74.6670472222222
1,32.53295,74.6659361111111
1,32.5344611111111,74.6615972222222
1,32.5362916666667,74.6603333333333
1,32.5397833333333,74.6588055555556
1,32.5452972222222,74.6632083333333
1,32.546325,74.6640416666667
1,32.5475083333333,74.6677694444444
1,32.5486583333333,74.6688055555556
1,32.5511527777778,74.6690194444444
1,32.5579527777778,74.66675
1,32.5590694444444,74.6653611111111
1,32.5588777777778,74.6601944444445
1,32.5582972222222,74.6584083333333
1,32.5572305555556,74.6567416666667
1,32.555875,74.6557277777778
1,32.5564361111111,74.6546305555556
1,32.5570472222222,74.652
1,32.557725,74.650625
1,32.5650555555556,74.6481722222222
1,32.5697222222222,74.6465972222222
1,32.5764944444444,74.6458055555556
1,32.5781138888889,74.6459305555556
1,32.5854333333333,74.6492222222222
1,32.5895055555556,74.648075
1,32.5904194444444,74.6475055555556
1,32.5908472222222,74.6464361111111
1,32.5907916666667,74.6429444444445
1,32.5921,74.6393944444444
1,32.5927638888889,74.638325
1,32.5938666666667,74.6369638888889
1,32.6010888888889,74.6333111111111
1,32.6072527777778,74.6345472222222
1,32.6090916666667,74.6355611111111
1,32.6085694444444,74.6407777777778
1,32.6087666666667,74.6454916666667
1,32.6113,74.6478611111111
1,32.625175,74.6495416666667
1,32.6261027777778,74.6496583333333
1,32.6281694444444,74.6507
1,32.628625,74.65175
1,32.6286527777778,74.6533666666667
1,32.628225,74.6544638888889
1,32.6278361111111,74.6579638888889
1,32.6287777777778,74.6621861111111
1,32.6335166666667,74.6643805555556
1,32.6348,74.6655
1,32.6383138888889,74.6677638888889
1,32.639575,74.6684444444444
1,32.6413138888889,74.6724166666667
1,32.6428638888889,74.6769361111111
1,32.6433638888889,74.6817416666667
1,32.6503111111111,74.6896388888889
1,32.6532944444444,74.6912083333333
1,32.6582305555556,74.6884305555556
1,32.6588777777778,74.6848888888889
1,32.6605694444444,74.6821583333333
1,32.6664805555556,74.6775055555556
1,32.6671861111111,74.6751444444445
1,32.6679361111111,74.6656666666667
1,32.6690027777778,74.6634861111111
1,32.6708388888889,74.6623611111111
1,32.6712527777778,74.6607638888889
1,32.6827361111111,74.6551388888889
1,32.69675,74.6489166666667
1,32.7002722222222,74.6499583333333
1,32.7034916666667,74.6517694444445
1,32.7095722222222,74.654
1,32.711375,74.6542138888889
1,32.7161861111111,74.6570833333333
1,32.7173527777778,74.6572972222222
1,32.7205055555556,74.65695
1,32.7225583333333,74.6566666666667
1,32.7252944444444,74.6573888888889
1,32.7262666666667,74.6578055555556
1,32.7362027777778,74.662125
1,32.7375833333333,74.6632361111111
1,32.7392305555556,74.6639361111111
1,32.7415472222222,74.6663194444445
1,32.7447555555556,74.6690833333333
1,32.7459111111111,74.6695694444444
1,32.759575,74.6725194444444
1,32.771925,74.6781444444444
1,32.7803611111111,74.6806305555556
1,32.7873361111111,74.6842972222222
1,28.6357694444444,80.3662083333333
1,28.6347583333333,80.3678055555555
1,28.6336388888889,80.3677972222222
1,28.6317527777778,80.3706944444444
1,28.6286138888889,80.3814222222222
1,28.6292527777778,80.3921722222222
1,28.6327944444444,80.4076027777778
1,28.6346805555556,80.4138805555556
1,28.6369722222222,80.4248944444444
1,28.6374055555556,80.4315416666667
1,28.635825,80.4368944444444
1,28.6324222222222,80.4425333333333
1,28.6315277777778,80.4427916666667
1,28.6308388888889,80.4438111111111
1,28.62735,80.4462777777778
1,28.6249888888889,80.4524916666667
1,28.6247583333333,80.4542833333333
1,28.6233694444444,80.4578944444444
1,28.6225027777778,80.4584166666667
1,28.6227277777778,80.4607
1,28.621125,80.4609638888889
1,28.6186416666667,80.4642694444445
1,28.6055361111111,80.4671027777778
1,28.6032361111111,80.4704583333333
1,28.6021055555556,80.4709777777778
1,28.6014611111111,80.4719638888889
1,28.5998805555556,80.4724861111111
1,28.5967305555556,80.4723055555556
1,28.5944666666667,80.4722277777778
1,28.5885861111111,80.4703111111111
1,28.5865416666667,80.4704444444445
1,28.5833638888889,80.4788805555555
1,28.5832777777778,80.4813527777778
1,28.5834305555556,80.4838666666667
1,28.5831333333333,80.4865416666667
1,28.5822388888889,80.4880833333333
1,28.5777138888889,80.4944638888889
1,28.5716,80.4967833333333
1,28.5692777777778,80.5014583333333
1,28.5668638888889,80.5044361111111
1,28.5650472222222,80.5054583333333
1,28.5645861111111,80.5072416666667
1,28.5628,80.5103055555555
1,28.561675,80.510825
1,28.55965,80.5128805555556
1,28.5585,80.5134027777778
1,28.55625,80.5202777777778
1,28.5560222222222,80.5212916666667
1,28.5578027777778,80.5264305555555
1,28.5592944444444,80.5280694444444
1,28.5599805555556,80.5288194444444
1,28.5616555555556,80.5305
1,28.5648222222222,80.5315138888889
1,28.5670777777778,80.5316444444444
1,28.5683166666667,80.5306111111111
1,28.5731833333333,80.5279305555555
1,28.5738722222222,80.5271722222222
1,28.5776888888889,80.5202694444444
1,28.5781555555556,80.5192555555555
1,28.580175,80.5193611111111
1,28.5967083333333,80.5175611111111
1,28.6052944444444,80.5166805555556
1,28.6091277777778,80.5154083333333
1,28.6229305555556,80.5121027777778
1,28.64055,80.5079916666667
1,28.6508333333333,80.5069722222222
1,28.657125,80.5067833333333
1,28.6642638888889,80.5072
1,28.6665138888889,80.5093333333333
1,28.6684638888889,80.5120055555555
1,28.6693611111111,80.5130138888889
1,28.6769055555556,80.5222972222222
1,28.6845888888889,80.5358527777778
1,28.6879805555556,80.5445611111111
1,28.6897527777778,80.5563111111111
1,28.6893416666667,80.5584638888889
1,28.6879583333333,80.5645
1,28.6850611111111,80.5718472222222
1,28.6820611111111,80.5811305555556
1,28.6777611111111,80.5895694444444
1,32.7554611111111,74.5613888888889
1,32.7556055555556,74.5555
1,32.7551138888889,74.553625
1,32.7544583333333,74.5527361111111
1,32.7477222222222,74.5472416666667
1,32.7456333333333,74.5449222222222
1,32.7417916666667,74.5423805555556
1,32.74175,74.5394444444444
1,32.7430305555556,74.5359222222222
1,32.7429916666667,74.5335
1,32.74205,74.5321444444445
1,32.7418277777778,74.5310972222222
1,32.7402166666667,74.5298194444444
1,32.7390611111111,74.5282277777778
1,32.7388805555556,74.5252361111111
1,32.7420583333333,74.5171444444445
1,32.7419944444444,74.5131111111111
1,32.7408416666667,74.5115277777778
1,32.7371833333333,74.5078805555556
1,32.7423944444445,74.5058194444445
1,32.7466888888889,74.5073527777778
1,32.7494194444444,74.5065277777778
1,32.7574861111111,74.5009361111111
1,32.7583888888889,74.4998194444444
1,32.7606,74.4949444444444
1,32.7605,74.4929222222222
1,32.7599916666667,74.4852972222222
1,32.7606194444444,74.4815138888889
1,32.7690972222222,74.4724777777778
1,32.7707555555556,74.4709305555556
1,32.7710888888889,74.4686305555556
1,32.7712388888889,74.4635277777778
1,32.7709722222222,74.4614027777778
1,32.7716416666667,74.4595055555556
1,32.773875,74.4575694444444
1,32.7752222222222,74.4570194444444
1,32.7777166666667,74.4574722222222
1,32.7786138888889,74.4571805555556
1,32.7813222222222,74.4560472222222
1,32.7820027777778,74.4552222222222
1,32.7828944444444,74.4530416666667
1,32.7816611111111,74.4482694444444
1,32.7812111111111,74.4471861111111
1,32.7795694444444,74.4442777777778
1,32.7783805555556,74.4421527777778
1,32.7782277777778,74.4384361111111
1,32.7780194444444,74.4322222222222
1,32.7784083333333,74.4287222222222
1,32.7793083333333,74.4273388888889
1,32.7795055555556,74.42545
1,32.7810222222222,74.4222138888889
1,32.7816333333333,74.4198333333333
1,32.7825166666667,74.4143944444445
1,32.7821388888889,74.4116861111111
1,32.7817416666667,74.4087694444444
1,32.7812138888889,74.4050194444444
1,32.7803,74.40395
1,32.7784361111111,74.4015888888889
1,32.7648222222222,74.3957833333333
1,32.7663416666667,74.389575
1,32.767075,74.3865555555556
1,32.7665888888889,74.3852277777778
1,32.7634027777778,74.3847694444444
1,32.7588611111111,74.3854222222222
1,32.7572527777778,74.3840972222222
1,32.7563388888889,74.3822361111111
1,32.7574777777778,74.369325
1,32.7592111111111,74.3636305555556
1,32.7598638888889,74.3625555555556
1,32.7598361111111,74.3609444444444
1,32.7600277777778,74.3587833333333
1,32.7617111111111,74.3542416666667
1,32.7617861111111,74.3530972222222
1,32.7637805555556,74.3509166666667
1,32.7646722222222,74.3487416666667
1,32.7648611111111,74.3476722222222
1,32.7684333333333,74.3432694444444
1,32.7724388888889,74.3383388888889
1,32.7745694444444,74.3302416666667
1,32.7750083333333,74.3291388888889
1,32.7768083333333,74.3270472222222
1,32.7794472222222,74.32395
1,32.7869027777778,74.3207833333333
1,32.790475,74.31775
1,32.7906583333333,74.3150472222222
1,32.7899388888889,74.3105
1,32.7910055555556,74.3077694444444
1,32.7937277777778,74.3064027777778
1,32.7980444444444,74.3062638888889
1,32.7996166666667,74.3054222222222
1,32.8011805555555,74.3045694444444
1,32.8031694444444,74.3007555555556
1,32.8049805555556,74.3004361111111
1,32.8070055555555,74.3001111111111
1,32.8138944444444,74.3034638888889
1,32.8199805555556,74.3016722222222
1,32.8217833333333,74.3002833333333
1,32.8219944444444,74.2992138888889
1,32.8222,74.297875
1,32.8237305555556,74.2937972222222
1,32.8250638888889,74.2921527777778
1,32.8261138888889,74.2872972222222
1,32.8280694444444,74.2829361111111
1,32.8281666666667,74.2745972222222
1,32.8290694444444,74.2732638888889
1,32.8288,74.2716666666667
1,32.8286666666667,74.2630416666667
1,32.8293138888889,74.2616861111111
1,32.834875,74.254825
1,32.8364388888889,74.2537222222222
1,32.8408333333333,74.2428472222222
1,32.8411583333333,74.2363666666667
1,32.8418,74.2347416666667
1,32.8423916666667,74.2314222222222
1,32.8418638888889,74.2245472222222
1,32.8425222222222,74.2229222222222
1,32.8430138888889,74.2205611111111
1,32.8437416666667,74.2159027777778
1,32.8446472222222,74.2147833333333
1,32.8485416666667,74.2132361111111
1,32.8496027777778,74.2127972222222
1,32.8524583333333,74.2125416666667
1,32.853825,74.2127694444444
1,32.8570972222222,74.2115138888889
1,32.8577027777778,74.208
1,32.8601472222222,74.2049916666667
1,32.86435,74.203575
1,32.865475,74.2032777777778
1,32.8691694444444,74.2009861111111
1,32.8695888888889,74.1996388888889
1,32.8701166666667,74.1899583333333
1,32.8707833333333,74.1888472222222
1,32.8716666666667,74.185875
1,32.8782527777778,74.179825
1,32.8792027777778,74.1787916666667
1,32.8801305555556,74.1777833333333
1,32.881475,74.1767416666667
1,32.8823916666667,74.1726722222222
1,32.8831944444444,74.1707638888889
1,32.8828111111111,74.1622083333333
1,32.8845416666667,74.15795
1,32.8856444444444,74.1551305555556
1,32.88655,74.1543111111111
1,32.8876583333333,74.1526805555556
1,32.8880611111111,74.1507833333333
1,32.8883694444444,74.1421388888889
1,32.8897,74.1402138888889
1,32.891575,74.131325
1,32.8920055555555,74.1297
1,32.8935555555556,74.1272222222222
1,32.89435,74.1212694444444
1,32.8939611111111,74.1118805555556
1,32.8941722222222,74.1108111111111
1,32.894825,74.1086444444444
1,32.8961861111111,74.1072361111111
1,32.8965888888889,74.1053472222222
1,32.8968388888889,74.1038805555555
1,32.8977111111111,74.1021444444444
1,32.9002944444444,74.0969166666667
1,32.9004805555556,74.0947777777778
1,32.9006805555556,74.0926027777778
1,32.9015916666667,74.0920694444444
1,32.9032527777778,74.0844861111111
1,32.9044722222222,74.0802916666667
1,32.9047694444444,74.0685611111111
1,32.9063555555556,74.0669083333333
1,32.906325,74.0652972222222
1,32.9077944444444,74.0596027777778
1,32.9077777777778,74.0585138888889
1,32.9102138888889,74.0538805555556
1,32.9144777777778,74.0513333333333
1,32.9231,74.051125
1,32.9248888888889,74.0515972222222
1,32.9291666666667,74.0508527777778
1,32.930825,74.0470888888889
1,32.9306388888889,74.0416305555556
1,32.9306055555556,74.0398888888889
1,32.929925,74.0391111111111
1,32.9292388888889,74.0380555555556
1,32.9279722222222,74.0318944444444
1,32.9281166666667,74.0260194444444
1,32.9282861111111,74.023825
1,32.9286027777778,74.0160277777778
1,36.8026388888889,75.4867416666667
1,36.8008805555556,75.4886944444444
1,36.8004444444444,75.490375
1,36.7986944444444,75.4956805555556
1,36.7973666666667,75.4973666666667
1,36.7973833333333,75.4990611111111
1,36.7965027777778,75.4996388888889
1,36.7958555555556,75.5018472222222
1,36.7947388888889,75.5035611111111
1,36.7938694444444,75.5060694444444
1,36.7929722222222,75.5072083333333
1,36.7916666666667,75.5113888888889
1,36.7905416666667,75.5125
1,36.7905583333333,75.51445
1,36.7877305555556,75.5211305555556
1,36.7873111111111,75.5233388888889
1,36.785975,75.5264722222222
1,36.7859888888889,75.5278527777778
1,36.7854222222222,75.5309722222222
1,36.7847777777778,75.5321111111111
1,36.7842805555556,75.5354166666667
1,36.7822777777778,75.5407083333333
1,36.7822944444444,75.5421166666667
1,36.7803361111111,75.547125
1,36.77905,75.553825
1,36.7788638888889,75.556325
1,36.7781861111111,75.5571805555555
1,36.7748888888889,75.565
1,36.7744722222222,75.5694722222222
1,36.7733972222222,75.5710694444444
1,36.7714055555556,75.5773111111111
1,36.7705222222222,75.5784222222222
1,36.7696472222222,75.5795416666667
1,36.768125,75.5848666666667
1,36.7639222222222,75.5918805555556
1,36.7635027777778,75.5960333333333
1,36.7628527777778,75.5974583333333
1,36.7622083333333,75.5988527777778
1,36.7624611111111,75.6019027777778
1,36.7622805555556,75.608
1,36.7602777777778,75.6133333333333
1,36.7600722222222,75.6150055555556
1,36.7558638888889,75.6186861111111
1,36.748725,75.6220888888889
1,36.7469388888889,75.6235
1,36.7431388888889,75.6276805555556
1,36.7404722222222,75.6305194444444
1,36.7340638888889,75.637325
1,36.7324111111111,75.6377972222222
1,36.7302833333333,75.6393888888889
1,36.7282861111111,75.6401805555556
1,36.72495,75.6438472222222
1,36.7242083333333,75.6449583333333
1,36.7207527777778,75.6500277777778
1,36.710975,75.6590611111111
1,36.7083138888889,75.6624305555556
1,36.7047138888889,75.6649916666667
1,36.6945027777778,75.6737138888889
1,36.6702305555555,75.6890694444445
1,36.6651194444444,75.6930972222222
1,36.6557583333333,75.7003944444445
1,36.6462638888889,75.7065055555556
1,36.6407916666667,75.7107
1,36.6369638888889,75.7127777777778
1,36.6294722222222,75.71825
1,36.6118666666667,75.7281027777778
1,36.6055888888889,75.7319083333333
1,36.599825,75.7367916666667
1,36.5956194444444,75.7409083333333
1,36.5940138888889,75.7423388888889
1,36.5868805555556,75.7468611111111
1,36.5824333333333,75.7524777777778
1,36.5777916666667,75.7591861111111
1,36.5766833333333,75.7625333333333
1,36.5718055555556,75.7678944444445
1,36.5711388888889,75.769825
1,36.5685083333333,75.7748527777778
1,36.5676333333333,75.7765194444444
1,36.5660694444444,75.7804361111111
1,36.5647361111111,75.7815555555556
1,36.5627416666667,75.7865694444445
1,36.5583222222222,75.7924583333333
1,36.5579305555556,75.7942416666667
1,36.5574861111111,75.7956527777778
1,36.555925,75.8005194444444
1,36.55525,75.80195
1,36.5528083333333,75.8047416666667
1,36.5514638888889,75.8080833333333
1,36.550825,75.8100333333333
1,36.5501805555555,75.8131166666667
1,36.5495777777778,75.8146166666667
1,36.5493055555556,75.8172972222222
1,36.5471166666667,75.8228611111111
1,36.5468333333333,75.8257638888889
1,36.545375,75.8320055555556
1,36.5452138888889,75.838125
1,36.5427944444444,75.8475972222222
1,36.5404361111111,75.8512361111111
1,36.538825,75.8551527777778
1,36.5371527777778,75.8573111111111
1,36.5361833333333,75.8583388888889
1,36.5348138888889,75.8618472222222
1,36.5326,75.8643805555556
1,36.5241888888889,75.8763527777778
1,36.5237444444444,75.8777694444444
1,36.5217361111111,75.8808611111111
1,36.5215138888889,75.8819583333333
1,36.5199583333333,75.8839222222222
1,36.5195138888889,75.8853472222222
1,36.5175305555556,75.8878805555556
1,36.5164194444444,75.8892694444445
1,36.5148527777778,75.8942694444445
1,36.5108888888889,75.9001305555556
1,36.5102305555556,75.90375
1,36.509125,75.9051444444444
1,36.50825,75.9068333333333
1,36.5060277777778,75.9121111111111
1,36.5046944444444,75.9135277777778
1,36.5040305555556,75.9163333333333
1,36.5033777777778,75.9177138888889
1,36.5009194444444,75.9218888888889
1,36.499425,75.9302416666667
1,36.4987444444444,75.9310694444444
1,36.4961833333333,75.9392416666667
1,36.4954527777778,75.9433055555556
1,36.4925833333333,75.9502694444444
1,36.49175,75.9541722222222
1,36.4908416666667,75.9550194444444
1,36.4906277777778,75.9575333333333
1,36.4901805555556,75.9589222222222
1,36.4884305555556,75.9633333333333
1,36.4883361111111,75.9701861111111
1,36.4878888888889,75.9713194444444
1,36.48785,75.9724638888889
1,36.4878222222222,75.9752916666667
1,36.4871027777778,75.9771527777778
1,36.4868638888889,75.9787361111111
1,36.4856277777778,75.9814222222222
1,36.4856388888889,75.9828111111111
1,36.4849861111111,75.9880833333333
1,36.4843138888889,75.9894722222222
1,36.4843194444444,75.991125
1,36.4838916666667,75.9922638888889
1,36.4828,75.995575
1,36.4830361111111,75.9967
1,36.4839305555556,75.9975055555556
1,36.4850638888889,76.0005611111111
1,36.4847166666667,76.0196944444444
1,36.4842722222222,76.0219222222222
1,36.4845194444444,76.0243944444444
1,36.4829916666667,76.029125
1,36.4819166666667,76.0385694444444
1,36.4803777777778,76.0410972222222
1,36.4793388888889,76.0467083333333
1,36.4786388888889,76.0516444444444
1,36.478425,76.05275
1,36.4775361111111,76.0546722222222
1,36.4775638888889,76.0591166666667
1,36.476225,76.0630194444444
1,36.4760194444444,76.0677555555556
1,36.4742666666667,76.0711027777778
1,36.4727444444445,76.0758194444444
1,36.47005,76.0794583333333
1,36.4680472222222,76.0825194444444
1,36.4640444444444,76.0872638888889
1,36.4640444444444,76.0883944444444
1,36.4608277777778,76.0920277777778
1,36.4600444444444,76.0937833333333
1,36.4581111111111,76.0957694444444
1,36.4556472222222,76.0988666666667
1,36.4494777777778,76.1053888888889
1,36.4470166666667,76.1087833333333
1,36.44405,76.1121861111111
1,36.4408555555556,76.1177555555555
1,36.4386416666667,76.1205333333333
1,36.4359305555556,76.1236305555556
1,36.4300027777778,76.1289166666667
1,36.4250583333333,76.1335555555556
1,36.4221027777778,76.1366666666667
1,36.4164194444444,76.1422416666667
1,36.4117361111111,76.1462833333333
1,36.4085166666667,76.1493805555556
1,36.4040722222222,76.1530972222222
1,32.8114888888889,79.5452361111111
1,32.8030277777778,79.55125
1,32.8013972222222,79.5536444444444
1,32.7923972222222,79.562625
1,32.7852833333333,79.5665277777778
1,32.7809055555556,79.5717916666667
1,32.7806583333333,79.5728472222222
1,32.7810611111111,79.5768944444444
1,32.7796111111111,79.580875
1,32.774575,79.5832
1,32.7731888888889,79.5847916666667
1,32.7725055555556,79.5858666666667
1,32.7722444444444,79.5888111111111
1,32.7730833333333,79.5900333333333
1,32.7740138888889,79.5910055555555
1,32.7753083333333,79.5955833333333
1,32.7759583333333,79.5966583333333
1,32.7759055555556,79.6004222222222
1,32.7754388888889,79.6017555555555
1,32.7635055555556,79.6124444444444
1,32.7627638888889,79.6130833333333
1,32.7511138888889,79.6184638888889
1,32.7488333333333,79.6197916666667
1,32.7456305555556,79.6207916666667
1,32.744475,79.6212916666667
1,32.7433138888889,79.6229027777778
1,32.7414888888889,79.62475
1,32.7378194444444,79.6257361111111
1,32.7360055555556,79.6254222222222
1,32.7227388888889,79.6160555555555
1,32.7196166666667,79.6119583333333
1,32.7061666666667,79.5994305555556
1,32.7013111111111,79.5957
1,32.6967944444444,79.5920138888889
1,32.6851527777778,79.5834166666667
1,32.6771972222222,79.57695
1,32.6767083333333,79.5758333333333
1,32.6749666666667,79.5744916666667
1,32.6738888888889,79.5727
1,32.6712527777778,79.5653111111111
1,32.6690444444444,79.5635888888889
1,32.6606833333333,79.5574777777778
1,32.6467944444444,79.5460694444444
1,32.6361166666667,79.5376944444444
1,32.6065888888889,79.5142694444445
1,32.5946138888889,79.5001444444444
1,32.59295,79.4984861111111
1,32.5923083333333,79.4963194444444
1,32.5887527777778,79.4919444444444
1,32.5870777777778,79.4890833333333
1,32.5863055555556,79.4884166666667
1,32.5842388888889,79.482825
1,32.5833611111111,79.48175
1,32.5827833333333,79.4797694444444
1,32.5764916666667,79.4726527777778
1,32.5756944444445,79.470375
1,32.5750333333333,79.4695694444444
1,32.5747805555556,79.4683388888889
1,32.5699472222222,79.4657277777778
1,32.5680583333333,79.4653055555556
1,32.5611861111111,79.4643666666667
1,32.5514583333333,79.4601805555556
1,32.5408972222222,79.454325
1,32.5309861111111,79.4466583333333
1,32.5301055555556,79.4450333333333
1,32.5279194444444,79.4382916666667
1,32.5269638888889,79.4275472222222
1,32.5256527777778,79.4227
1,32.5262638888889,79.4117361111111
1,32.5281555555556,79.4053472222222
1,32.5328138888889,79.3992222222222
1,32.5355333333333,79.3979638888889
1,32.5546833333333,79.3948194444445
1,32.5605777777778,79.3959777777778
1,32.569075,79.3939027777778
1,32.5707805555556,79.3930611111111
1,32.5723777777778,79.3876111111111
1,32.5730166666667,79.3864777777778
1,32.5733,79.3844083333333
1,32.5739861111111,79.3833527777778
1,32.5749194444444,79.3780055555555
1,32.5772277777778,79.3745416666667
1,32.5781722222222,79.3727
1,32.5793527777778,79.3708388888889
1,32.5798666666667,79.3676305555556
1,32.5805555555556,79.3662833333333
1,32.5812388888889,79.3652361111111
1,32.5820222222222,79.3585694444444
1,32.5864611111111,79.3481583333333
1,32.5867138888889,79.3465555555556
1,32.5881111111111,79.3421944444444
1,32.5885888888889,79.340875
1,32.5893277777778,79.3393805555556
1,32.5904805555556,79.3380333333333
1,32.5910277777778,79.3318888888889
1,32.5919666666667,79.3286861111111
1,32.5918416666667,79.3214444444445
1,32.5907388888889,79.3189916666667
1,32.5887166666667,79.3165694444444
1,32.5848388888889,79.3147
1,32.5702444444444,79.3096583333333
1,32.5672527777778,79.307375
1,32.5672722222222,79.3062916666667
1,32.5609583333333,79.3032416666667
1,32.548575,79.2936305555556
1,32.5387277777778,79.2824916666667
1,32.5369638888889,79.27925
1,32.5324666666667,79.2756861111111
1,32.53225,79.2745888888889
1,32.5309194444444,79.2721722222222
1,32.52985,79.26625
1,32.5298777777778,79.2635555555556
1,32.5313138888889,79.2598472222222
1,32.5313527777778,79.2566388888889
1,32.5320472222222,79.255575
1,32.5327277777778,79.2545
1,32.5325888888889,79.2494166666667
1,32.5237805555556,79.2447222222222
1,32.5144861111111,79.2424083333333
1,32.5129305555556,79.2412972222222
1,32.5077083333333,79.2396027777778
1,32.5043333333333,79.2363333333333
1,32.5023527777778,79.2317638888889
1,32.5014472222222,79.2306805555556
1,32.5002361111111,79.2279166666667
1,32.499975,79.2264916666667
1,32.4990694444444,79.2251444444445
1,32.4977027777778,79.2217694444444
1,32.4970555555556,79.2204027777778
1,32.4968361111111,79.2193333333333
1,32.4954888888889,79.2182277777778
1,32.4946166666667,79.2160888888889
1,32.4943972222222,79.2150194444445
1,32.4916055555556,79.2117361111111
1,32.4903083333333,79.2103333333333
1,32.4883805555556,79.2055333333333
1,32.4845611111111,79.2006527777778
1,32.4821555555556,79.1944638888889
1,32.4814666666667,79.1936666666667
1,32.4795888888889,79.1815472222222
1,32.4795833333333,79.1464638888889
1,32.4770916666667,79.1403333333333
1,32.4768333333333,79.1388527777778
1,32.4758527777778,79.1375833333333
1,32.4754166666667,79.13595
1,32.4731555555556,79.1340277777778
1,32.4693361111111,79.1304916666667
1,32.4645694444444,79.1298666666667
1,32.4572555555556,79.1326944444444
1,32.4542583333333,79.1356166666667
1,32.4533333333333,79.1361444444445
1,32.4519527777778,79.1390611111111
1,32.4510222222222,79.1398666666667
1,32.4414111111111,79.145075
1,32.4354916666667,79.1457777777778
1,32.4336694444444,79.1454777777778
1,32.4298361111111,79.1438111111111
1,32.4222944444444,79.1426805555556
1,32.4212027777778,79.1428611111111
1,32.4189583333333,79.1417638888889
1,32.4178472222222,79.1401388888889
1,32.4160305555556,79.1371805555556
1,32.4152111111111,79.1328666666667
1,32.4145194444444,79.1313055555556
1,32.412725,79.1269722222222
1,32.4121027777778,79.12425
1,32.408075,79.1217638888889
1,32.3985277777778,79.1200416666667
1,32.3971694444444,79.1197416666667
1,32.3923944444444,79.1193944444444
1,32.3907166666667,79.1187694444444
1,32.3874027777778,79.1174777777778
1,32.3826944444444,79.113625
1,32.3817916666667,79.1120055555555
1,32.3814027777778,79.1074583333333
1,32.3827833333333,79.1066805555555
1,32.3827944444444,79.1053527777778
1,32.3832777777778,79.10375
1,32.3840555555556,79.1009166666667
1,32.3842361111111,79.0971666666667
1,32.3847083333333,79.0961027777778
1,32.3850166666667,79.0898333333333
1,32.3862083333333,79.0871861111111
1,30.2686527777778,80.98025
1,30.2672777777778,80.9854444444445
1,30.2659861111111,80.9912222222222
1,30.26335,81.0069722222222
1,30.255675,81.0238805555556
1,30.2548694444444,81.0249583333333
1,30.2525083333333,81.0279777777778
1,30.2503638888889,81.0300333333333
1,30.2460694444444,81.0319638888889
1,30.243575,81.032875
1,30.22685,81.0315
1,30.2193833333333,81.0340472222222
1,30.2182972222222,81.0357083333333
1,30.2116944444444,81.0387638888889
1,30.2103361111111,81.0396027777778
1,30.2084472222222,81.0403527777778
1,30.204225,81.0408611111111
1,30.1987305555556,81.0414777777778
1,30.1970083333333,81.0414916666667
1,30.1968805555556,81.0395138888889
1,30.1965277777778,81.0321722222222
1,30.1961611111111,81.0264305555555
1,30.1910444444444,81.0092833333333
1,30.1866111111111,80.9958611111111
1,30.18525,80.9918194444444
1,30.1854861111111,80.9900277777778
1,30.1872972222222,80.9843194444444
1,30.1893222222222,80.9832972222222
1,30.1897861111111,80.9819777777778
1,30.1893388888889,80.9788666666667
1,30.1879944444444,80.9761388888889
1,30.1875694444444,80.9749777777778
1,30.1830583333333,80.9718527777778
1,30.1814861111111,80.9692361111111
1,30.1835333333333,80.9617222222222
1,30.1828888888889,80.9567916666667
1,30.1808972222222,80.9502972222222
1,30.177075,80.9404166666667
1,30.1752777777778,80.9367638888889
1,30.1750555555556,80.9352083333333
1,30.1773638888889,80.9261444444444
1,30.1782666666667,80.9243388888889
1,30.1799916666667,80.9235194444444
1,30.1812555555556,80.9223611111111
1,30.1843916666667,80.9196944444444
1,30.1874472222222,80.9182416666667
1,30.1891194444444,80.9184638888889
1,30.1916166666667,80.91945
1,30.1943972222222,80.9194916666667
1,30.2033694444444,80.9197277777778
1,30.2058527777778,80.9202638888889
1,30.2117388888889,80.9179361111111
1,30.2137833333333,80.9163888888889
1,30.2169722222222,80.9112361111111
1,30.216075,80.9047416666667
1,30.2145055555556,80.9013527777778
1,30.2102416666667,80.8983388888889
1,30.2094222222222,80.8973611111111
1,30.2041305555556,80.8953333333333
1,30.2024527777778,80.8935
1,30.1945083333333,80.8874166666667
1,30.193325,80.8864861111111
1,30.1827138888889,80.8815194444444
1,30.1766472222222,80.8744916666667
1,30.1746194444444,80.8709722222222
1,30.1739611111111,80.8693888888889
1,30.1704083333333,80.8664305555555
1,30.1683,80.8660194444444
1,30.1682944444444,80.8673111111111
1,30.1488527777778,80.8749027777778
1,30.1423055555556,80.8761944444444
1,30.1346111111111,80.8761722222222
1,30.128975,80.8733055555555
1,30.1240194444444,80.8659444444444
1,30.120375,80.8587083333333
1,30.1190972222222,80.8553805555556
1,30.1154805555556,80.8499222222222
1,30.1047138888889,80.8446166666667
1,30.1037777777778,80.8441944444444
1,30.1001555555556,80.8405194444444
1,30.0985833333333,80.8369083333333
1,30.0976833333333,80.8314444444444
1,30.0985833333333,80.8230194444444
1,30.0979222222222,80.8203527777778
1,30.0966472222222,80.8170833333333
1,30.0934777777778,80.8105138888889
1,30.09295,80.8096444444444
1,30.0917638888889,80.8084777777778
1,30.0907111111111,80.8071666666667
1,30.085575,80.8041722222222
1,30.0834888888889,80.8017638888889
1,30.0751972222222,80.7976666666667
1,30.0724472222222,80.7943944444444
1,30.0686972222222,80.7907694444445
1,30.0648388888889,80.7877916666667
1,30.0637277777778,80.7857083333333
1,30.0605638888889,80.7812972222222
1,30.0589861111111,80.7794722222222
1,30.0567583333333,80.7719638888889
1,30.056075,80.7708055555556
1,30.0538111111111,80.7677972222222
1,30.0526805555556,80.7671388888889
1,30.0515583333333,80.7665055555556
1,30.0463833333333,80.7610694444444
1,30.0448083333333,80.7605333333333
1,30.040925,80.760375
1,30.0305472222222,80.7599861111111
1,30.0170472222222,80.7532138888889
1,30.0100361111111,80.7482833333333
1,30.0041611111111,80.7459583333333
1,30.0005416666667,80.7428388888889
1,29.9956027777778,80.73375
1,29.9985583333333,80.72675
1,29.9992555555556,80.7233805555556
1,29.9978888888889,80.7196166666667
1,29.9960722222222,80.7179222222222
1,29.9936527777778,80.7137138888889
1,29.9925055555556,80.713575
1,29.9920694444444,80.7124166666667
1,29.9902388888889,80.7104166666667
1,29.9891666666667,80.7098388888889
1,29.9884777777778,80.7086805555556
1,29.9855,80.705625
1,29.9841444444444,80.7047222222222
1,29.982475,80.7018805555556
1,29.9733388888889,80.6909722222222
1,29.9717555555556,80.6898111111111
1,29.9681305555556,80.6864444444445
1,29.9670138888889,80.6850138888889
1,29.9616,80.6834361111111
1,29.9591194444444,80.6800888888889
1,29.9580361111111,80.6718194444444
1,29.9581138888889,80.6687694444445
1,29.9577972222222,80.6660833333333
1,29.9571388888889,80.6604027777778
1,29.9573472222222,80.6580555555556
1,29.9574888888889,80.6451722222222
1,29.9578111111111,80.640375
1,29.9580222222222,80.6391944444444
1,29.9582777777778,80.6378472222222
1,29.9600277777778,80.6339083333333
1,29.9618416666667,80.6331166666667
1,29.9625138888889,80.6323527777778
1,29.9621444444444,80.6299305555555
1,29.9623805555556,80.6288055555555
1,29.9622694444444,80.6275138888889
1,29.9564916666667,80.616375
1,29.9559305555556,80.6125694444444
1,29.9563916666667,80.6110138888889
1,29.9561888888889,80.6076944444444
1,29.9560777777778,80.6065416666667
1,29.954725,80.6031722222222
1,29.9520222222222,80.598875
1,29.9353555555556,80.5816666666667
1,29.9321444444444,80.5777694444444
1,29.9215444444444,80.5710416666667
1,29.9163333333333,80.5705138888889
1,29.913625,80.5715333333333
1,29.8932805555556,80.5728527777778
1,29.8886694444444,80.5712138888889
1,29.8851583333333,80.5694777777778
1,29.8803416666667,80.5650416666667
1,29.8779583333333,80.5633611111111
1,29.8747972222222,80.5609361111111
1,29.8693527777778,80.5593805555556
1,29.8652861111111,80.5599166666667
1,29.8637083333333,80.5604361111111
1,29.8607694444444,80.5593888888889
1,29.8567111111111,80.5549722222222
1,29.8521861111111,80.5537138888889
1,29.8504944444444,80.5487972222222
1,29.8477833333333,80.5424361111111
1,29.8467805555556,80.5407555555556
1,29.838425,80.5348388888889
1,29.8321194444444,80.5267972222222
1,29.8287083333333,80.5239638888889
1,32.9283138888889,74.0128111111111
1,32.9304333333333,74.0034861111111
1,32.9308083333333,74.0003333333333
1,32.9319055555556,73.9956527777778
1,32.9319805555555,73.9911666666667
1,32.9342083333333,73.9867916666667
1,32.9355361111111,73.9862
1,32.9378055555556,73.9866861111111
1,32.9410222222222,73.9884861111111
1,32.9417555555556,73.9908944444444
1,32.9447555555556,73.9935
1,32.9466,73.9947777777778
1,32.9503694444444,73.9964027777778
1,32.952425,73.996375
1,32.9533277777778,73.9967833333333
1,32.9554888888889,73.9972416666667
1,32.9586416666667,73.9958111111111
1,32.95975,73.9933527777778
1,32.9603916666667,73.9917222222222
1,32.9616527777778,73.9865416666667
1,32.9623638888889,73.9822138888889
1,32.963575,73.97925
1,32.9644472222222,73.9778805555556
1,32.9659361111111,73.9708472222222
1,32.9676666666667,73.9670555555556
1,32.9705694444444,73.9642694444445
1,32.9755,73.9614222222222
1,32.9823194444444,73.9598388888889
1,32.9838777777778,73.9593333333333
1,32.9847638888889,73.9584861111111
1,32.9854222222222,73.9568527777778
1,32.9869083333333,73.9401305555556
1,32.9853777777778,73.9357416666667
1,32.9852305555556,73.9342416666667
1,32.9838111111111,73.9321583333333
1,32.9834916666667,73.9275972222222
1,32.9845861111111,73.9240416666667
1,32.9923888888889,73.9143805555556
1,32.9934611111111,73.9106583333333
1,32.99495,73.906075
1,32.9973388888889,73.9032277777778
1,33.0003777777778,73.8953388888889
1,33.0012666666667,73.8913333333333
1,33.0009638888889,73.8837833333333
1,33.0011527777778,73.8805555555555
1,33.0006694444444,73.8767972222222
1,33.0006388888889,73.8741111111111
1,33.0010611111111,73.8719444444444
1,33.0007638888889,73.8673333333333
1,33.0011277777778,73.8645333333333
1,33.0004194444444,73.8623055555556
1,33.0015333333333,73.860575
1,33.0024222222222,73.8597416666667
1,33.0019388888889,73.8584083333333
1,33.0035472222222,73.8509305555555
1,33.0043916666667,73.8443611111111
1,33.0059444444444,73.8413388888889
1,33.0061527777778,73.84
1,33.005725,73.8297777777778
1,33.0059194444444,73.8281583333333
1,33.0041972222222,73.8225416666667
1,33.0041805555556,73.8212083333333
1,33.0032638888889,73.8207222222222
1,33.0023361111111,73.8202
1,32.9996,73.8194861111111
1,32.9993388888889,73.8178805555556
1,32.9988777777778,73.8167972222222
1,32.9916416666667,73.8148194444444
1,32.9852138888889,73.8142138888889
1,32.9838666666667,73.8145333333333
1,32.9825,73.8142916666667
1,32.9776611111111,73.8123055555556
1,32.9765027777778,73.8107
1,32.975125,73.8096944444444
1,32.9710083333333,73.806875
1,32.9698194444444,73.8050138888889
1,32.969,73.7985611111111
1,32.9680777777778,73.7962916666667
1,32.9673638888889,73.7952222222222
1,32.9654888888889,73.7924583333333
1,32.9641027777778,73.7908888888889
1,32.9637833333333,73.7866027777778
1,32.9642111111111,73.7849777777778
1,32.9684388888889,73.7802833333333
1,32.9711194444444,73.7785972222222
1,32.9731694444444,73.7782638888889
1,32.9781888888889,73.7802416666667
1,32.9855638888889,73.7859638888889
1,32.9892694444444,73.7876583333333
1,32.9911277777778,73.7882361111111
1,32.9919888888889,73.7887555555556
1,32.9931111111111,73.78845
1,32.9969444444444,73.7872361111111
1,32.9981194444444,73.7863888888889
1,33.0049805555556,73.780825
1,33.0063111111111,73.7794361111111
1,33.0065222222222,73.7783472222222
1,33.0076277777778,73.775875
1,33.0116111111111,73.7717416666667
1,33.0122638888889,73.769825
1,33.0207083333333,73.7606944444444
1,33.0253944444444,73.756125
1,33.0271861111111,73.7545055555556
1,33.0280611111111,73.7532
1,33.0289194444444,73.7510416666667
1,33.0295833333333,73.7499583333333
1,33.0313277777778,73.7472
1,33.037825,73.7418888888889
1,33.042075,73.7388055555556
1,33.0445555555556,73.7381805555556
1,33.0538805555556,73.739
1,33.0550083333333,73.7384222222222
1,33.0615472222222,73.737125
1,33.0626666666667,73.7365472222222
1,33.0651305555556,73.7337972222222
1,33.0664055555556,73.7294305555556
1,33.0665972222222,73.7278055555555
1,33.0672722222222,73.7267222222222
1,33.0680888888889,73.72375
1,33.0692277777778,73.7228888888889
1,33.0698527777778,73.7199166666667
1,33.0709638888889,73.7188111111111
1,33.0724916666667,73.7155416666667
1,33.0733694444444,73.7147138888889
1,33.074475,73.7133194444445
1,33.0759722222222,73.7084305555556
1,33.0768527777778,73.7073333333333
1,33.0808361111111,73.7012694444444
1,33.0821138888889,73.6971861111111
1,33.0832277777778,73.696325
1,33.0836555555556,73.6947083333333
1,33.0853805555556,73.6911722222222
1,33.0858194444444,73.6900972222222
1,33.0869166666667,73.6870833333333
1,33.0871111111111,73.6857361111111
1,33.0873944444444,73.6813472222222
1,33.0871416666667,73.6802916666667
1,33.0875555555556,73.6789361111111
1,33.0876527777778,73.6735333333333
1,33.0876833333333,73.6703666666667
1,33.08675,73.6687777777778
1,33.0864388888889,73.6636722222222
1,33.085725,73.6626305555556
1,33.0837833333333,73.65675
1,33.083675,73.6511166666667
1,33.0848111111111,73.6479583333333
1,33.0868833333333,73.6421166666667
1,33.0862111111111,73.6351944444445
1,33.0855166666667,73.633875
1,33.0853361111111,73.6319083333333
1,33.0850722222222,73.6302972222222
1,33.0875083333333,73.6275416666667
1,33.0883805555556,73.6264222222222
1,33.0985722222222,73.6239722222222
1,33.1103555555556,73.6241527777778
1,33.1213833333333,73.6278888888889
1,33.1260194444444,73.6289222222222
1,33.1283916666667,73.6286944444444
1,33.13085,73.6272972222222
1,33.1308277777778,73.6262083333333
1,33.1330333333333,73.6237083333333
1,33.1385166666667,73.624625
1,33.1408222222222,73.6266861111111
1,33.1402916666667,73.6348111111111
1,33.1407833333333,73.6361388888889
1,33.1424083333333,73.6377
1,33.1570611111111,73.6439861111111
1,33.1604638888889,73.6449583333333
1,33.1621805555556,73.6465055555556
1,33.1635888888889,73.6521388888889
1,33.1677222222222,73.6549722222222
1,33.1713527777778,73.6543055555556
1,33.1765694444444,73.6544222222222
1,33.1832083333333,73.6577277777778
1,33.193125,73.6550055555556
1,33.2036,73.6566944444444
1,33.20655,73.6562138888889
1,33.2076861111111,73.6556583333333
1,33.2118916666667,73.65175
1,33.2125055555556,73.6476805555556
1,33.2156027777778,73.6438055555556
1,33.2248277777778,73.6402916666667
1,33.2249666666667,73.6359861111111
1,36.4003777777778,76.1580555555556
1,36.3932111111111,76.1657972222222
1,36.3887722222222,76.1716666666667
1,36.3865694444444,76.1762833333333
1,36.3858333333333,76.1790555555556
1,36.3861,76.1821305555556
1,36.3866027777778,76.1851944444444
1,36.3868777777778,76.1903944444445
1,36.3871472222222,76.1931583333333
1,36.3859166666667,76.1971666666667
1,36.3834638888889,76.2008666666667
1,36.3799388888889,76.2058944444444
1,36.3767916666667,76.2086861111111
1,36.3752305555556,76.2106444444444
1,36.3747777777778,76.2117777777778
1,36.3741194444444,76.2134444444444
1,36.3721305555556,76.2156527777778
1,36.3687666666667,76.2179166666667
1,36.3681111111111,76.2192972222222
1,36.3646472222222,76.2234444444444
1,36.3615472222222,76.2268388888889
1,36.3596194444444,76.2293666666667
1,36.3589638888889,76.2301944444445
1,36.3580694444444,76.2327
1,36.3563805555556,76.234375
1,36.3540472222222,76.2371583333333
1,36.3534055555556,76.2393888888889
1,36.3511611111111,76.2421861111111
1,36.3502833333333,76.2454861111111
1,36.3489305555556,76.2468805555556
1,36.3491666666667,76.2496583333333
1,36.3476027777778,76.2510611111111
1,36.3462666666667,76.2532916666667
1,36.3456666666667,76.2674222222222
1,36.3468555555556,76.2786027777778
1,36.3468055555556,76.2829916666667
1,36.3473916666667,76.286375
1,36.3475694444444,76.2906722222222
1,36.3481888888889,76.2915694444444
1,36.3487,76.2939777777778
1,36.3489333333333,76.2959166666667
1,36.3502916666667,76.2981027777778
1,36.3507583333333,76.300325
1,36.3516555555556,76.3022555555555
1,36.3548083333333,76.3097138888889
1,36.3560722222222,76.3137222222222
1,36.3602583333333,76.3226666666667
1,36.3609777777778,76.3267694444445
1,36.3609916666667,76.3392916666667
1,36.361225,76.3423333333333
1,36.3583416666667,76.3509361111111
1,36.3518888888889,76.3593194444444
1,36.3498777777778,76.364
1,36.3460888888889,76.3676583333333
1,36.344075,76.3731861111111
1,36.3431972222222,76.374575
1,36.3403333333333,76.3767694444444
1,36.3380611111111,76.3785055555555
1,36.3359305555556,76.3811388888889
1,36.3332305555556,76.38445
1,36.3306472222222,76.3873388888889
1,36.3271055555556,76.3916388888889
1,36.3248888888889,76.3957916666667
1,36.3199861111111,76.3996805555556
1,36.3199861111111,76.4008111111111
1,36.3179638888889,76.4027694444444
1,36.3175833333333,76.4043527777778
1,36.3166333333333,76.4066583333333
1,36.3143888888889,76.41
1,36.3135083333333,76.4108472222222
1,36.3128333333333,76.4127638888889
1,36.3117527777778,76.418875
1,36.3113055555556,76.4202638888889
1,36.3095166666667,76.4235888888889
1,36.3086444444444,76.4266583333333
1,36.3068472222222,76.4288666666667
1,36.3066305555556,76.4305333333333
1,36.3001861111111,76.4326027777778
1,36.2869083333333,76.4350888888889
1,36.2815194444444,76.4387361111111
1,36.2766166666667,76.4440555555556
1,36.2701138888889,76.4479777777778
1,36.2678777777778,76.4485694444444
1,36.2647527777778,76.4469027777778
1,36.2631722222222,76.4449638888889
1,36.2622555555556,76.4436027777778
1,36.2615638888889,76.4416666666667
1,36.2609027777778,76.4400416666667
1,36.2579666666667,76.4369916666667
1,36.2572833333333,76.4361583333333
1,36.2561611111111,76.435325
1,36.2505444444444,76.43095
1,36.2496333333333,76.4317777777778
1,36.2474166666667,76.4356666666667
1,36.2474166666667,76.4367972222222
1,36.2464666666667,76.4395277777778
1,36.2456611111111,76.442625
1,36.2449777777778,76.4434722222222
1,36.2434194444444,76.4481444444444
1,36.2424222222222,76.4498194444444
1,36.2403111111111,76.4526111111111
1,36.2398694444444,76.4545555555556
1,36.2389527777778,76.4545611111111
1,36.2376138888889,76.4565138888889
1,36.2311444444444,76.4631944444444
1,36.2195888888889,76.4724722222222
1,36.2178833333333,76.4734083333333
1,36.2123361111111,76.4777222222222
1,36.2098805555556,76.4802361111111
1,36.2091111111111,76.4870472222222
1,36.2085444444444,76.48825
1,36.2083472222222,76.4918527777778
1,36.2070194444444,76.4968388888889
1,36.2056944444444,76.5032
1,36.2052444444445,76.5043194444444
1,36.2043527777778,76.5051444444444
1,36.2026583333333,76.5077361111111
1,36.201975,76.5088666666667
1,36.2010861111111,76.5102833333333
1,36.2008,76.511825
1,36.19875,76.5137555555556
1,36.1974444444444,76.5173527777778
1,36.1969916666667,76.5195833333333
1,36.1962027777778,76.5244777777778
1,36.1955555555556,76.5264166666667
1,36.1944777777778,76.534125
1,36.1938888888889,76.5353611111111
1,36.1938944444444,76.5364916666667
1,36.1923555555556,76.53925
1,36.1921305555556,76.5406305555556
1,36.1912277777778,76.5433944444444
1,36.1871333333333,76.547825
1,36.1862277777778,76.5489305555555
1,36.1843805555555,76.5511027777778
1,36.1838416666667,76.5522916666667
1,36.1794666666667,76.5546527777778
1,36.17535,76.5567777777778
1,36.1715333333333,76.5615
1,36.1666611111111,76.5795138888889
1,36.1664444444444,76.5855694444444
1,36.1646666666667,76.5936111111111
1,36.1640194444444,76.5996944444444
1,36.164475,76.6010888888889
1,36.1662583333333,76.6024583333333
1,36.16805,76.6074166666667
1,36.1689638888889,76.6085055555556
1,36.1716722222222,76.6135
1,36.1719027777778,76.6145833333333
1,36.1730138888889,76.6156722222222
1,36.1745916666667,76.6176027777778
1,36.174825,76.6187
1,36.1755138888889,76.6203527777778
1,36.1775305555555,76.6239583333333
1,36.1791138888889,76.6292083333333
1,36.1800083333333,76.6305833333333
1,36.1810166666667,76.6321166666667
1,36.1829388888889,76.6349777777778
1,36.1831805555556,76.6407833333333
1,36.1825027777778,76.6429777777778
1,36.1730888888889,76.6466388888889
1,36.1565305555555,76.663325
1,36.1547388888889,76.6661111111111
1,36.1440027777778,76.68
1,36.1426416666667,76.6833194444445
1,36.1417083333333,76.6845055555556
1,36.1394111111111,76.6873111111111
1,36.1370472222222,76.69025
1,36.1368194444444,76.6919083333333
1,36.1343611111111,76.6947083333333
1,36.1337027777778,76.6960888888889
1,36.1314777777778,76.699125
1,36.1285361111111,76.7005138888889
1,36.1273333333333,76.7022638888889
1,36.1236194444444,76.7049722222222
1,36.1210444444445,76.7056166666667
1,36.1132944444444,76.7055972222222
1,36.1123805555556,76.7053194444444
1,36.1058888888889,76.7072555555556
1,36.0978194444444,76.71145
1,36.0960194444445,76.71175
1,36.0857138888889,76.7153888888889
1,36.0816805555556,76.7181583333333
